{
    "items": [
        {
            "action_allowed": "READ"
        }
    ],
    "hasMore": false,
    "limit": 25,
    "offset": 0,
    "count": 1,
    "links": [
        {
            "rel": "self",
            "href": "https://apps-preprod-fs.transport.vic.gov.au/ords/btftapp_db/user_access/action_allowed?user_name=vic2hhn&page_name=main-home-page"
        },
        {
            "rel": "describedby",
            "href": "https://apps-preprod-fs.transport.vic.gov.au/ords/btftapp_db/metadata-catalog/user_access/item"
        },
        {
            "rel": "first",
            "href": "https://apps-preprod-fs.transport.vic.gov.au/ords/btftapp_db/user_access/action_allowed?user_name=vic2hhn&page_name=main-home-page"
        }
    ]
}