{
    "items": [
        {
            "period_code": 2022,
            "period_name": "FY22"
        },
        {
            "period_code": 2021,
            "period_name": "FY21"
        },
        {
            "period_code": 2020,
            "period_name": "FY20"
        },
        {
            "period_code": 2019,
            "period_name": "FY19"
        },
        {
            "period_code": 2018,
            "period_name": "FY18"
        },
        {
            "period_code": 2017,
            "period_name": "FY17"
        },
        {
            "period_code": 2016,
            "period_name": "FY16"
        },
        {
            "period_code": 2015,
            "period_name": "FY15"
        },
        {
            "period_code": 2014,
            "period_name": "FY14"
        },
        {
            "period_code": 2013,
            "period_name": "FY13"
        },
        {
            "period_code": 2012,
            "period_name": "FY12"
        },
        {
            "period_code": 2011,
            "period_name": "FY11"
        },
        {
            "period_code": 2010,
            "period_name": "FY10"
        },
        {
            "period_code": 2009,
            "period_name": "FY09"
        },
        {
            "period_code": 2008,
            "period_name": "FY08"
        }
    ],
    "hasMore": false,
    "limit": 100,
    "offset": 0,
    "count": 15,
    "links": [
        {
            "rel": "self",
            "href": "https://coq4hi5ehnacuc6-dotadwpreprod.adb.ap-sydney-1.oraclecloudapps.com/ords/btftapp_db/Common/getPastBasePeriodCodes"
        },
        {
            "rel": "describedby",
            "href": "https://coq4hi5ehnacuc6-dotadwpreprod.adb.ap-sydney-1.oraclecloudapps.com/ords/btftapp_db/metadata-catalog/Common/item"
        },
        {
            "rel": "first",
            "href": "https://coq4hi5ehnacuc6-dotadwpreprod.adb.ap-sydney-1.oraclecloudapps.com/ords/btftapp_db/Common/getPastBasePeriodCodes"
        }
    ]
}