{
    "items": [
        {
            "proj_number": "200073.20",
            "budget_amount": "74051299.43",
            "year": "FY22",
            "budget_version_id": "1"
        },
        {
            "proj_number": "200073.92",
            "budget_amount": "10000000",
            "year": "FY23",
            "budget_version_id": "1"
        },
        {
            "proj_number": "200073.20",
            "budget_amount": "55051299.43",
            "year": "FY23",
            "budget_version_id": "1"
        },
        {
            "proj_number": "200073.22",
            "budget_amount": "75050299",
            "year": "FY24",
            "budget_version_id": "1"
        },
        {
            "proj_number": "200073.22",
            "budget_amount": "5051299.43",
            "year": "FY25",
            "budget_version_id": "1"
        },
        {
            "proj_number": "200073.20",
            "budget_amount": "10000000",
            "year": "FY21",
            "budget_version_id": "1"
        },
        {
            "proj_number": "200073.20",
            "budget_amount": "70000000",
            "year": "FY25",
            "budget_version_id": "1"
        },
        {
            "proj_number": "200073.22",
            "budget_amount": "10000000",
            "year": "FY23",
            "budget_version_id": "1"
        },
        {
            "proj_number": "200073.22",
            "budget_amount": "55051299.43",
            "year": "FY21",
            "budget_version_id": "1"
        },
        {
            "proj_number": "200073.92",
            "budget_amount": "10000000",
            "year": "FY21",
            "budget_version_id": "1"
        },
        {
            "proj_number": "200073.20",
            "budget_amount": "500.43",
            "year": "FY24",
            "budget_version_id": "1"
        },
        {
            "proj_number": "200073.92",
            "budget_amount": "0",
            "year": "FY21",
            "budget_version_id": "1"
        },
        {
            "proj_number": "200073.22",
            "budget_amount": "1000000",
            "year": "FY22",
            "budget_version_id": "1"
        },
        {
            "proj_number": "200073.92",
            "budget_amount": "500",
            "year": "FY24",
            "budget_version_id": "1"
        }
    ],
    "hasMore": false,
    "limit": 10000,
    "offset": 0,
    "count": 14,
    "links": [
        {
            "rel": "self",
            "href": "https://coq4hi5ehnacuc6-dotvicadwdev.adb.ap-sydney-1.oraclecloudapps.com/ords/btftapp_db/budget_versioning/project_version_mapping?budget_type=1"
        },
        {
            "rel": "edit",
            "href": "https://coq4hi5ehnacuc6-dotvicadwdev.adb.ap-sydney-1.oraclecloudapps.com/ords/btftapp_db/budget_versioning/project_version_mapping?budget_type=1"
        },
        {
            "rel": "describedby",
            "href": "https://coq4hi5ehnacuc6-dotvicadwdev.adb.ap-sydney-1.oraclecloudapps.com/ords/btftapp_db/metadata-catalog/budget_versioning/item"
        },
        {
            "rel": "first",
            "href": "https://coq4hi5ehnacuc6-dotvicadwdev.adb.ap-sydney-1.oraclecloudapps.com/ords/btftapp_db/budget_versioning/project_version_mapping?budget_type=1"
        }
    ]
}