{
    "items": [
        {
            "initiative_code": "1170",
            "initiative": "High Capacity Metro Trains",
            "authority_code": "2020",
            "authority": "DTP Provision of Outputs",
            "base_project_number": "200073",
            "cost_centre_code": "1680",
            "cost_centre": "RSD High Capacity Metro Trains",
            "sub_project_number": "200073.94",
            "sub_project": "HCMT Interest Expense (Authority 2020)",
            "business_unit": "DoT",
            "project_start_date": "01-Jul-2016",
            "project_end_date": "30-Jun-2060",
            "budget_type_name": "Budget",
            "allocation_batch_number": 1589467,
            "parent_batch_number": 1584134,
            "status": "Draft",
            "status_date": "2024-10-04T05:11:58.515Z",
            "version_name": "Published Budget 2024-25_v7",
            "period_open_date": "01-JUL-2021",
            "prior_locked_month": "Sep",
            "change_status": null,
            "tei_amount": 0,
            "authority_totals": [
                {
                    "id": 1,
                    "period_fy": "FY25",
                    "project_authority": "2020",
                    "controlling_budget": 77258692.91,
                    "wbs_budget": 77258692.91,
                    "validate_flag": "Y"
                },
                {
                    "id": 2,
                    "period_fy": "FY28",
                    "project_authority": "2020",
                    "controlling_budget": 74101141.02,
                    "wbs_budget": 74101141.02,
                    "validate_flag": "Y"
                },
                {
                    "id": 3,
                    "period_fy": "FY32",
                    "project_authority": "2020",
                    "controlling_budget": 0,
                    "wbs_budget": null,
                    "validate_flag": "N"
                },
                {
                    "id": 4,
                    "period_fy": "FY26",
                    "project_authority": "2020",
                    "controlling_budget": 97698137.23,
                    "wbs_budget": 97698137.23,
                    "validate_flag": "Y"
                },
                {
                    "id": 5,
                    "period_fy": "FY27",
                    "project_authority": "2020",
                    "controlling_budget": 75010195.48,
                    "wbs_budget": 75010195.48,
                    "validate_flag": "Y"
                },
                {
                    "id": 6,
                    "period_fy": "FY30",
                    "project_authority": "2020",
                    "controlling_budget": 0,
                    "wbs_budget": 0,
                    "validate_flag": "Y"
                },
                {
                    "id": 7,
                    "period_fy": "FY34",
                    "project_authority": "2020",
                    "controlling_budget": 0,
                    "wbs_budget": null,
                    "validate_flag": "N"
                },
                {
                    "id": 8,
                    "period_fy": "FY33",
                    "project_authority": "2020",
                    "controlling_budget": 0,
                    "wbs_budget": null,
                    "validate_flag": "N"
                },
                {
                    "id": 9,
                    "period_fy": "FY29",
                    "project_authority": "2020",
                    "controlling_budget": 133166736.07,
                    "wbs_budget": 133166736.07,
                    "validate_flag": "Y"
                },
                {
                    "id": 10,
                    "period_fy": "FY31",
                    "project_authority": "2020",
                    "controlling_budget": 0,
                    "wbs_budget": null,
                    "validate_flag": "N"
                }
            ]
        }
    ],
    "hasMore": false,
    "limit": 0,
    "offset": 0,
    "count": 1,
    "links": [
        {
            "rel": "self",
            "href": "https://apps-preprod-fs.transport.vic.gov.au/ords/btftapp_db/ProjectBudget/CurrentSubProjectSummary?edit_flag=1&sub_project_number=200073.94"
        },
        {
            "rel": "describedby",
            "href": "https://apps-preprod-fs.transport.vic.gov.au/ords/btftapp_db/metadata-catalog/ProjectBudget/item"
        }
    ]
}