{
    "items": [],
    "hasMore": false,
    "limit": 25,
    "offset": 0,
    "count": 0,
    "links": [
        {
            "rel": "self",
            "href": "https://192.9.185.167:8443/ords/btftapp_db/BudgetFreeze/BudgetFreezeJobLog"
        },
        {
            "rel": "describedby",
            "href": "https://192.9.185.167:8443/ords/btftapp_db/metadata-catalog/BudgetFreeze/item"
        },
        {
            "rel": "first",
            "href": "https://192.9.185.167:8443/ords/btftapp_db/BudgetFreeze/BudgetFreezeJobLog"
        }
    ]
}