{"action":"SAVE","project_number":"200113.31","budgetType":1,"count":0,"updated":"Y","created_by":"helen.miao@oracle.com","data":[{"allocationID":4673,"combinationID":573,"periodCode":202307,"amount":"0","comments":null,"createdBy":"helen.miao@oracle.com","transactionType":"B","parentBatchNum":70140,"allocationBatchNum":70141,"externalBatchNum":null,"taskCode":"02.01.01","expenditureTypeId":"300000003483896"},{"allocationID":4674,"combinationID":573,"periodCode":202308,"amount":"0","comments":null,"createdBy":"helen.miao@oracle.com","transactionType":"B","parentBatchNum":70140,"allocationBatchNum":70141,"externalBatchNum":null,"taskCode":"02.01.01","expenditureTypeId":"300000003483896"},{"allocationID":4675,"combinationID":573,"periodCode":202309,"amount":"0","comments":null,"createdBy":"helen.miao@oracle.com","transactionType":"B","parentBatchNum":70140,"allocationBatchNum":70141,"externalBatchNum":null,"taskCode":"02.01.01","expenditureTypeId":"300000003483896"},{"allocationID":4676,"combinationID":573,"periodCode":202310,"amount":"0","comments":null,"createdBy":"helen.miao@oracle.com","transactionType":"B","parentBatchNum":70140,"allocationBatchNum":70141,"externalBatchNum":null,"taskCode":"02.01.01","expenditureTypeId":"300000003483896"},{"allocationID":4677,"combinationID":573,"periodCode":202311,"amount":"0","comments":null,"createdBy":"helen.miao@oracle.com","transactionType":"B","parentBatchNum":70140,"allocationBatchNum":70141,"externalBatchNum":null,"taskCode":"02.01.01","expenditureTypeId":"300000003483896"},{"allocationID":4678,"combinationID":573,"periodCode":202312,"amount":"0","comments":null,"createdBy":"helen.miao@oracle.com","transactionType":"B","parentBatchNum":70140,"allocationBatchNum":70141,"externalBatchNum":null,"taskCode":"02.01.01","expenditureTypeId":"300000003483896"},{"allocationID":4667,"combinationID":573,"periodCode":202301,"amount":"0","comments":null,"createdBy":"helen.miao@oracle.com","transactionType":"B","parentBatchNum":70140,"allocationBatchNum":70141,"externalBatchNum":null,"taskCode":"02.01.01","expenditureTypeId":"300000003483896"},{"allocationID":4668,"combinationID":573,"periodCode":202302,"amount":"0","comments":null,"createdBy":"helen.miao@oracle.com","transactionType":"B","parentBatchNum":70140,"allocationBatchNum":70141,"externalBatchNum":null,"taskCode":"02.01.01","expenditureTypeId":"300000003483896"},{"allocationID":4669,"combinationID":573,"periodCode":202303,"amount":"0","comments":null,"createdBy":"helen.miao@oracle.com","transactionType":"B","parentBatchNum":70140,"allocationBatchNum":70141,"externalBatchNum":null,"taskCode":"02.01.01","expenditureTypeId":"300000003483896"},{"allocationID":4670,"combinationID":573,"periodCode":202304,"amount":"0","comments":null,"createdBy":"helen.miao@oracle.com","transactionType":"B","parentBatchNum":70140,"allocationBatchNum":70141,"externalBatchNum":null,"taskCode":"02.01.01","expenditureTypeId":"300000003483896"},{"allocationID":4671,"combinationID":573,"periodCode":202305,"amount":"0","comments":null,"createdBy":"helen.miao@oracle.com","transactionType":"B","parentBatchNum":70140,"allocationBatchNum":70141,"externalBatchNum":null,"taskCode":"02.01.01","expenditureTypeId":"300000003483896"},{"allocationID":4672,"combinationID":573,"periodCode":202306,"amount":"0","comments":null,"createdBy":"helen.miao@oracle.com","transactionType":"B","parentBatchNum":70140,"allocationBatchNum":70141,"externalBatchNum":null,"taskCode":"02.01.01","expenditureTypeId":"300000003483896"},{"allocationID":4673,"combinationID":null,"periodCode":202307,"amount":"0","comments":null,"createdBy":"helen.miao@oracle.com","transactionType":"B","parentBatchNum":null,"allocationBatchNum":null,"externalBatchNum":null,"taskCode":"02.01.01","expenditureTypeId":"300000003880235"},{"allocationID":4674,"combinationID":null,"periodCode":202308,"amount":"0","comments":null,"createdBy":"helen.miao@oracle.com","transactionType":"B","parentBatchNum":null,"allocationBatchNum":null,"externalBatchNum":null,"taskCode":"02.01.01","expenditureTypeId":"300000003880235"},{"allocationID":4675,"combinationID":null,"periodCode":202309,"amount":"0","comments":null,"createdBy":"helen.miao@oracle.com","transactionType":"B","parentBatchNum":null,"allocationBatchNum":null,"externalBatchNum":null,"taskCode":"02.01.01","expenditureTypeId":"300000003880235"},{"allocationID":4676,"combinationID":null,"periodCode":202310,"amount":"0","comments":null,"createdBy":"helen.miao@oracle.com","transactionType":"B","parentBatchNum":null,"allocationBatchNum":null,"externalBatchNum":null,"taskCode":"02.01.01","expenditureTypeId":"300000003880235"},{"allocationID":4677,"combinationID":null,"periodCode":202311,"amount":"0","comments":null,"createdBy":"helen.miao@oracle.com","transactionType":"B","parentBatchNum":null,"allocationBatchNum":null,"externalBatchNum":null,"taskCode":"02.01.01","expenditureTypeId":"300000003880235"},{"allocationID":4678,"combinationID":null,"periodCode":202312,"amount":"0","comments":null,"createdBy":"helen.miao@oracle.com","transactionType":"B","parentBatchNum":null,"allocationBatchNum":null,"externalBatchNum":null,"taskCode":"02.01.01","expenditureTypeId":"300000003880235"},{"allocationID":4667,"combinationID":null,"periodCode":202301,"amount":"0","comments":null,"createdBy":"helen.miao@oracle.com","transactionType":"B","parentBatchNum":null,"allocationBatchNum":null,"externalBatchNum":null,"taskCode":"02.01.01","expenditureTypeId":"300000003880235"},{"allocationID":4668,"combinationID":null,"periodCode":202302,"amount":"15000000","comments":null,"createdBy":"helen.miao@oracle.com","transactionType":"B","parentBatchNum":null,"allocationBatchNum":null,"externalBatchNum":null,"taskCode":"02.01.01","expenditureTypeId":"300000003880235"},{"allocationID":4669,"combinationID":null,"periodCode":202303,"amount":"5000000","comments":null,"createdBy":"helen.miao@oracle.com","transactionType":"B","parentBatchNum":null,"allocationBatchNum":null,"externalBatchNum":null,"taskCode":"02.01.01","expenditureTypeId":"300000003880235"},{"allocationID":4670,"combinationID":null,"periodCode":202304,"amount":"0","comments":null,"createdBy":"helen.miao@oracle.com","transactionType":"B","parentBatchNum":null,"allocationBatchNum":null,"externalBatchNum":null,"taskCode":"02.01.01","expenditureTypeId":"300000003880235"},{"allocationID":4671,"combinationID":null,"periodCode":202305,"amount":"0","comments":null,"createdBy":"helen.miao@oracle.com","transactionType":"B","parentBatchNum":null,"allocationBatchNum":null,"externalBatchNum":null,"taskCode":"02.01.01","expenditureTypeId":"300000003880235"},{"allocationID":4672,"combinationID":null,"periodCode":202306,"amount":"0","comments":null,"createdBy":"helen.miao@oracle.com","transactionType":"B","parentBatchNum":null,"allocationBatchNum":null,"externalBatchNum":null,"taskCode":"02.01.01","expenditureTypeId":"300000003880235"}]}