{
    "items": [
        {
            "combination_id": 50881
        },
        {
            "combination_id": 50882
        },
        {
            "combination_id": 50883
        },
        {
            "combination_id": 50884
        },
        {
            "combination_id": 50885
        },
        {
            "combination_id": 50886
        },
        {
            "combination_id": 50887
        },
        {
            "combination_id": 50888
        },
        {
            "combination_id": 50902
        },
        {
            "combination_id": 50912
        }
    ],
    "hasMore": false,
    "limit": 10000,
    "offset": 0,
    "count": 10,
    "links": [
        {
            "rel": "self",
            "href": "https://coq4hi5ehnacuc6-dotvicadwdev.adb.ap-sydney-1.oraclecloudapps.com/ords/btftapp_db/ProjectSearch/search_combinations?search_text=APPROVED"
        },
        {
            "rel": "describedby",
            "href": "https://coq4hi5ehnacuc6-dotvicadwdev.adb.ap-sydney-1.oraclecloudapps.com/ords/btftapp_db/metadata-catalog/ProjectSearch/item"
        },
        {
            "rel": "first",
            "href": "https://coq4hi5ehnacuc6-dotvicadwdev.adb.ap-sydney-1.oraclecloudapps.com/ords/btftapp_db/ProjectSearch/search_combinations?search_text=APPROVED"
        }
    ]
}