{
    "items": [
        {
            "status": "Draft",
            "type": "WBS"
        },
        {
            "status": "Submitted",
            "type": "WBS"
        },
        {
            "status": "Approved",
            "type": "WBS"
        },
        {
            "status": "Rejected",
            "type": "WBS"
        },
        {
            "status": "Withdrawn",
            "type": "WBS"
        },
        {
            "status": "Posted",
            "type": "WBS"
        },
        {
            "status": "PostedError",
            "type": "WBS"
        },
        {
            "status": "Received",
            "type": "CB"
        },
        {
            "status": "Phased",
            "type": "SP"
        },
        {
            "status": "Allocated",
            "type": "SP"
        }
    ],
    "hasMore": false,
    "limit": 1000,
    "offset": 0,
    "count": 10,
    "links": [
        {
            "rel": "self",
            "href": "https://coq4hi5ehnacuc6-dotadwpreprod.adb.ap-sydney-1.oraclecloudapps.com/ords/btftapp_db/Common/getBudgetStatuses"
        },
        {
            "rel": "describedby",
            "href": "https://coq4hi5ehnacuc6-dotadwpreprod.adb.ap-sydney-1.oraclecloudapps.com/ords/btftapp_db/metadata-catalog/Common/item"
        },
        {
            "rel": "first",
            "href": "https://coq4hi5ehnacuc6-dotadwpreprod.adb.ap-sydney-1.oraclecloudapps.com/ords/btftapp_db/Common/getBudgetStatuses"
        }
    ]
}