{
    "items": [
        {
            "function_id": 15,
            "name": "Reports",
            "navigation_path": "shell/main/main-start",
            "enabled": "Y",
            "image_path": "resources/images/Rocket.svg",
            "parent_function_id": null,
            "parameters": null
        }
    ],
    "hasMore": false,
    "limit": 25,
    "offset": 0,
    "count": 1,
    "links": [
        {
            "rel": "self",
            "href": "https://192.9.174.2:8443/ords/btftapp_db/ProjectSearch/menu_functions"
        },
        {
            "rel": "describedby",
            "href": "https://192.9.174.2:8443/ords/btftapp_db/metadata-catalog/ProjectSearch/item"
        },
        {
            "rel": "first",
            "href": "https://192.9.174.2:8443/ords/btftapp_db/ProjectSearch/menu_functions"
        }
    ]
}