{
    "vbcs.dt.version": "20250311-25.07.0",
    "version": "2410.0.10",
    "source.version": "2410",
    "rootURL": "vbcookbook",
    "features": {
        "codeChainsEnabled": true
    },
    "dependencies": {
        "upgrade": "micro",
        "paths": {
            "jet": "https://static.oracle.com/cdn/jet/16.1.4",
            "visualRuntime": "https://static.oracle.com/cdn/vb/2410.2.0",
            "telemetry": "https://static.oracle.com/cdn/trace/8.2.2",
            "oracleImageGallery": "https://static.oracle.com/cdn/fnd/gallery/2410.0.3"
        }
    },
    "migration": {
        "2410": [
            "MetadataRulesVersionMigrator"
        ]
    }
}