{
  "root": "callFunctionShowLoading",
  "description": "",
  "actions": {
    "callFunctionShowLoading": {
      "module": "vb/action/builtin/callModuleFunctionAction",
      "parameters": {
        "module": "[[ $application.functions ]]",
        "functionName": "showLoading"
      },
      "outcomes": {
        "success": "callRestGetProjWBSSubmiitedSubProjList"
      }
    },
    "fireNotification": {
      "module": "vb/action/builtin/fireNotificationEventAction",
      "parameters": {
        "target": "leaf",
        "summary": "[[ $chain.results.callRestGetProjWBSSubmiitedSubProjList.message.summary ]]",
        "type": "error",
        "displayMode": "persist"
      },
      "outcomes": {
        "success": "callFunctionHideLoading2"
      }
    },
    "callRestGetProjWBSSubmiitedSubProjList": {
      "module": "vb/action/builtin/restAction",
      "parameters": {
        "endpoint": "ordsBtftapp/getProjWBSSubmiitedSubProjList"
      },
      "outcomes": {
        "failure": "fireNotification",
        "success": "callFunctionFormatSubmittedBudget"
      }
    },
    "callFunctionFormatSubmittedBudget": {
      "module": "vb/action/builtin/callModuleFunctionAction",
      "parameters": {
        "module": "[[ $functions ]]",
        "functionName": "formatSubmittedBudget",
        "params": [
          "{{ $chain.results.callRestGetProjWBSSubmiitedSubProjList.body.items }}"
        ]
      },
      "outcomes": {
        "success": "if"
      }
    },
    "if": {
      "module": "vb/action/builtin/ifAction",
      "parameters": {
        "condition": "[[ $page.variables.submittedProjADP.data.length ]]"
      },
      "outcomes": {
        "true": "fireDataProviderEvent",
        "false": "fireDataProviderEvent2"
      }
    },
    "fireDataProviderEvent": {
      "module": "vb/action/builtin/fireDataProviderEventAction",
      "parameters": {
        "remove": {
          "data": "{{ $page.variables.submittedProjADP.data }}"
        },
        "target": "[[ $page.variables.submittedProjADP ]]"
      },
      "outcomes": {
        "success": "fireDataProviderEvent2"
      }
    },
    "fireDataProviderEvent2": {
      "module": "vb/action/builtin/fireDataProviderEventAction",
      "parameters": {
        "target": "[[ $page.variables.submittedProjADP ]]",
        "add": {
          "data": "{{ $chain.results.callFunctionFormatSubmittedBudget }}"
        }
      },
      "outcomes": {
        "success": "callFunctionHideLoading"
      }
    },
    "callFunctionHideLoading": {
      "module": "vb/action/builtin/callModuleFunctionAction",
      "parameters": {
        "module": "[[ $application.functions ]]",
        "functionName": "hideLoading"
      }
    },
    "callFunctionHideLoading2": {
      "module": "vb/action/builtin/callModuleFunctionAction",
      "parameters": {
        "module": "[[ $application.functions ]]",
        "functionName": "hideLoading"
      }
    }
  }
}