{
  "description": "",
  "root": "assignVariables",
  "actions": {
    "assignVariables": {
      "module": "vb/action/builtin/assignVariablesAction",
      "parameters": {
        "$page.variables.version": {
          "source": "{{ $variables.rowData.version }}"
        },
        "$page.variables.budgetVersionID": {
          "source": "{{ $variables.rowData.budget_version_id }}"
        },
        "$page.variables.proj_number": {
          "source": "{{ $variables.rowData.proj_number }}"
        }
      }
    }
  },
  "variables": {
    "rowKey": {
      "required": true,
      "type": "any",
      "input": "fromCaller"
    },
    "rowData": {
      "required": true,
      "type": "any",
      "input": "fromCaller"
    }
  }
}