{
  "description": "",
  "root": "callFunctionShowLoading",
  "actions": {
    "callFunctionShowLoading": {
      "module": "vb/action/builtin/callModuleFunctionAction",
      "parameters": {
        "module": "[[ $application.functions ]]",
        "functionName": "showLoading"
      },
      "outcomes": {
        "success": "callFunctionSaveApproveStatusData"
      }
    },
    "callFunctionSaveApproveStatusData": {
      "module": "vb/action/builtin/callModuleFunctionAction",
      "parameters": {
        "module": "[[ $functions ]]",
        "functionName": "saveApproveStatusData",
        "params": [
          "{{ $page.variables.budgetVersionID }}",
          "{{ $page.variables.version }}",
          "{{ $application.user.username }}",
          "5"
        ]
      },
      "outcomes": {
        "success": "callRestPostApproveBudgetVersion"
      }
    },
    "fireNotification": {
      "module": "vb/action/builtin/fireNotificationEventAction",
      "parameters": {
        "target": "leaf",
        "summary": "[[ $chain.results.callRestPostApproveBudgetVersion.message.summary ]]",
        "type": "error",
        "displayMode": "persist"
      },
      "outcomes": {
        "success": "callFunctionHideLoading2"
      }
    },
    "callRestPostApproveBudgetVersion": {
      "module": "vb/action/builtin/restAction",
      "parameters": {
        "endpoint": "ordsBtftapp/postApproveBudgetVersion",
        "body": "{{ $chain.results.callFunctionSaveApproveStatusData }}"
      },
      "outcomes": {
        "failure": "fireNotification",
        "success": "fireNotification2"
      }
    },
    "fireNotification2": {
      "module": "vb/action/builtin/fireNotificationEventAction",
      "parameters": {
        "target": "leaf",
        "summary": "Withdrawn Successfully!",
        "displayMode": "transient",
        "type": "confirmation"
      },
      "outcomes": {
        "success": "callChainLoadSubmittedProjDet"
      }
    },
    "callFunctionHideLoading2": {
      "module": "vb/action/builtin/callModuleFunctionAction",
      "parameters": {
        "module": "[[ $application.functions ]]",
        "functionName": "hideLoading"
      }
    },
    "callChainLoadSubmittedProjDet": {
      "module": "vb/action/builtin/callChainAction",
      "parameters": {
        "id": "loadSubmittedProjDet"
      }
    }
  },
  "variables": {
    "detail": {
      "required": true,
      "type": "any",
      "input": "fromCaller"
    }
  }
}