{
  "description": "",
  "root": "callFunctionGetTaskExpObj",
  "actions": {
    "callFunctionGetTaskExpObj": {
      "module": "vb/action/builtin/callModuleFunctionAction",
      "parameters": {
        "module": "[[ $functions ]]",
        "functionName": "getTaskExpObj",
        "params": [
          "{{ $page.variables.taskExpenditure }}",
          "{{ $application.user.username }}"
        ]
      },
      "outcomes": {
        "success": "callRestPostProjWBSTaskExpenditures"
      }
    },
    "fireNotification": {
      "module": "vb/action/builtin/fireNotificationEventAction",
      "parameters": {
        "target": "leaf",
        "summary": "[[ $chain.results.callRestPostProjWBSTaskExpenditures.message.summary ]]",
        "type": "error",
        "displayMode": "persist"
      }
    },
    "callRestPostProjWBSTaskExpenditures": {
      "module": "vb/action/builtin/restAction",
      "parameters": {
        "endpoint": "ordsBtftapp/postProjWBSTaskExpenditures",
        "body": "{{ $chain.results.callFunctionGetTaskExpObj }}"
      },
      "outcomes": {
        "failure": "fireNotification",
        "success": "if"
      }
    },
    "if": {
      "module": "vb/action/builtin/ifAction",
      "parameters": {
        "condition": "[[ $chain.results.callRestPostProjWBSTaskExpenditures.body.message_type === 'info' ]]"
      },
      "outcomes": {
        "true": "callChainLoadTaskExpenditureActionChain",
        "false": "fireNotification3"
      }
    },
    "callChainLoadTaskExpenditureActionChain": {
      "module": "vb/action/builtin/callChainAction",
      "parameters": {
        "id": "LoadTaskExpenditureActionChain"
      }
    },
    "fireNotification3": {
      "module": "vb/action/builtin/fireNotificationEventAction",
      "parameters": {
        "target": "leaf",
        "summary": "[[ $chain.results.callRestPostProjWBSTaskExpenditures.body.message ]]",
        "message": "[[ $chain.results.callRestPostProjWBSTaskExpenditures.body.message ]]"
      }
    }
  },
  "variables": {}
}