{
  "description": "",
  "root": "callComponentDialogTaskExpenditureClose",
  "actions": {
    "callComponentDialogTaskExpenditureClose": {
      "module": "vb/action/builtin/callComponentMethodAction",
      "parameters": {
        "component": "{{ document.getElementById('dialogTaskExpenditure') }}",
        "method": "close"
      },
      "outcomes": {
        "success": "callChainLoadPageActionChain"
      }
    },
    "callChainLoadPageActionChain": {
      "module": "vb/action/builtin/callChainAction",
      "parameters": {
        "id": "loadPageActionChain"
      }
    }
  },
  "variables": {}
}