{
  "description": "",
  "root": "callComponentSaveWarningDialogueClose",
  "actions": {
    "callChainBtnSaveDataActionChain": {
      "module": "vb/action/builtin/callChainAction",
      "parameters": {
        "id": "BtnSaveDataActionChain",
        "params": {
          "action": "SAVE"
        }
      }
    },
    "callComponentSaveWarningDialogueClose": {
      "module": "vb/action/builtin/callComponentMethodAction",
      "parameters": {
        "component": "{{ document.getElementById('saveWarningDialogue') }}",
        "method": "close"
      },
      "outcomes": {
        "success": "callChainBtnSaveDataActionChain"
      }
    }
  },
  "variables": {}
}