{
  "description": "",
  "root": "ifHistoryFlag",
  "actions": {
    "ifHistoryFlag": {
      "module": "vb/action/builtin/ifAction",
      "parameters": {
        "condition": "[[ $page.variables.historyFlag === false ]]"
      },
      "outcomes": {
        "true": "callFunctionCheckForDataChange",
        "false": "callFunctionLaunchMenu2"
      }
    },
    "callFunctionCheckForDataChange": {
      "module": "vb/action/builtin/callModuleFunctionAction",
      "parameters": {
        "module": "[[ $functions ]]",
        "functionName": "checkForDataChange",
        "params": [
          "{{ $page.variables.budgetDataGrid }}",
          "{{ $page.variables.currentPeriod }}",
          "{{ $page.variables.origBudgetDataGrid }}"
        ]
      },
      "outcomes": {
        "success": "if"
      }
    },
    "if": {
      "module": "vb/action/builtin/ifAction",
      "parameters": {
        "condition": "[[ $chain.results.callFunctionCheckForDataChange ]]"
      },
      "outcomes": {
        "true": "callChainOpenSavingDialogActionChain",
        "false": "callFunctionLaunchMenu"
      }
    },
    "callChainOpenSavingDialogActionChain": {
      "module": "vb/action/builtin/callChainAction",
      "parameters": {
        "id": "OpenSavingDialogActionChain",
        "params": {
          "fromObject": "MENU"
        }
      }
    },
    "callFunctionLaunchMenu": {
      "module": "vb/action/builtin/callModuleFunctionAction",
      "parameters": {
        "module": "[[ $functions ]]",
        "functionName": "launchMenu"
      }
    },
    "callFunctionLaunchMenu2": {
      "module": "vb/action/builtin/callModuleFunctionAction",
      "parameters": {
        "module": "[[ $functions ]]",
        "functionName": "launchMenu"
      }
    }
  },
  "variables": {}
}