{
  "description": "",
  "root": "callFunctionShowLoading",
  "actions": {
    "callFunctionGetBudgetDataToSave": {
      "module": "vb/action/builtin/callModuleFunctionAction",
      "parameters": {
        "module": "[[ $functions ]]",
        "functionName": "getBudgetDataToSave",
        "params": [
          "{{ $application.user.username }}",
          "{{ $variables.action }}",
          "{{ $variables.comments }}",
          "{{ $page.variables.currentPeriod }}",
          "{{ $page.variables.subProjectSummary }}",
          "{{ $page.variables.budgetDataGrid }}",
          "{{ $page.variables.origBudgetDataGrid }}"
        ]
      },
      "outcomes": {
        "success": "ifAction"
      }
    },
    "ifAction": {
      "module": "vb/action/builtin/ifAction",
      "parameters": {
        "condition": "[[ $variables.action === 'SAVE' && $chain.results.callFunctionGetBudgetDataToSave.updated === 'N' ]]"
      },
      "outcomes": {
        "true": "fireNotification",
        "false": "callRestPostProjectContractProjectTaskSummary"
      }
    },
    "fireNotification": {
      "module": "vb/action/builtin/fireNotificationEventAction",
      "parameters": {
        "target": "leaf",
        "summary": "No data to update!",
        "message": "No data to update!",
        "type": "info"
      },
      "outcomes": {
        "success": "callFunctionHideLoading"
      }
    },
    "fireNotification2": {
      "module": "vb/action/builtin/fireNotificationEventAction",
      "parameters": {
        "target": "leaf",
        "summary": "[[ $chain.results.callRestPostProjectContractProjectTaskSummary.message.summary ]]",
        "type": "error",
        "displayMode": "persist"
      }
    },
    "if": {
      "module": "vb/action/builtin/ifAction",
      "parameters": {
        "condition": "[[ $chain.results.callRestPostProjectContractProjectTaskSummary.body.message_type === 'info' ]]"
      },
      "outcomes": {
        "true": "fireNotification5",
        "false": "fireNotification4"
      }
    },
    "fireNotification5": {
      "module": "vb/action/builtin/fireNotificationEventAction",
      "parameters": {
        "target": "leaf",
        "type": "info",
        "summary": "[[ $chain.results.callRestPostProjectContractProjectTaskSummary.body.message ]]",
        "message": "[[ $chain.results.callRestPostProjectContractProjectTaskSummary.body.message ]]",
        "displayMode": "transient"
      },
      "outcomes": {
        "success": "callChainLoadPageActionChain"
      }
    },
    "fireNotification4": {
      "module": "vb/action/builtin/fireNotificationEventAction",
      "parameters": {
        "target": "leaf",
        "summary": "[[ $chain.results.callRestPostProjectContractProjectTaskSummary.body.message ]]",
        "message": "[[ $chain.results.callRestPostProjectContractProjectTaskSummary.body.message ]]"
      },
      "outcomes": {
        "success": "callFunctionHideLoading"
      }
    },
    "callFunctionShowLoading": {
      "module": "vb/action/builtin/callModuleFunctionAction",
      "parameters": {
        "module": "[[ $application.functions ]]",
        "functionName": "showLoading"
      },
      "outcomes": {
        "success": "callFunctionGetBudgetDataToSave"
      }
    },
    "callChainLoadPageActionChain": {
      "module": "vb/action/builtin/callChainAction",
      "parameters": {
        "id": "loadPageActionChain"
      },
      "outcomes": {
        "success": "callFunctionHideLoading"
      }
    },
    "callFunctionHideLoading": {
      "module": "vb/action/builtin/callModuleFunctionAction",
      "parameters": {
        "module": "[[ $application.functions ]]",
        "functionName": "hideLoading"
      }
    },
    "callRestPostProjectContractProjectTaskSummary": {
      "module": "vb/action/builtin/restAction",
      "parameters": {
        "endpoint": "ordsBtftapp/postProjectContractProjectTaskSummary",
        "body": "{{ $chain.results.callFunctionGetBudgetDataToSave }}"
      },
      "outcomes": {
        "failure": "fireNotification2",
        "success": "if"
      }
    }
  },
  "variables": {
    "action": {
      "type": "string",
      "required": true,
      "input": "fromCaller"
    },
    "comments": {
      "type": "string",
      "required": false,
      "input": "fromCaller"
    }
  }
}