{
  "root": "callRestGetProjWBSTaskExpenditures",
  "description": "",
  "actions": {
    "fireNotification": {
      "module": "vb/action/builtin/fireNotificationEventAction",
      "parameters": {
        "target": "leaf",
        "summary": "[[ $chain.results.callRestGetProjWBSTaskExpenditures.message.summary ]]",
        "type": "error",
        "displayMode": "persist"
      }
    },
    "callRestGetProjWBSTaskExpenditures": {
      "module": "vb/action/builtin/restAction",
      "parameters": {
        "endpoint": "ordsBtftapp/getProjWBSTaskExpenditures",
        "uriParams": {
          "sub_project_number": "{{ $page.variables.sub_project_number }}"
        }
      },
      "outcomes": {
        "failure": "fireNotification",
        "success": "callFunctionPrintObject"
      }
    },
    "assignVariablesTaskExpenditureADP": {
      "module": "vb/action/builtin/assignVariablesAction",
      "parameters": {
        "$page.variables.taskExpenditureADP": {
          "source": {
            "data": "{{ $chain.results.callRestGetProjWBSTaskExpenditures.body.items }}"
          },
          "reset": "none",
          "auto": "always"
        }
      }
    },
    "resetVariablesTaskExpenditureADP": {
      "module": "vb/action/builtin/resetVariablesAction",
      "parameters": {
        "variables": [
          "$page.variables.taskExpenditureADP"
        ]
      },
      "outcomes": {
        "success": "assignVariablesTaskExpenditureADP"
      }
    },
    "callFunctionPrintObject": {
      "module": "vb/action/builtin/callModuleFunctionAction",
      "parameters": {
        "module": "[[ $application.functions ]]",
        "functionName": "printObject",
        "params": [
          "{{ $chain.results.callRestGetProjWBSTaskExpenditures.body.items }}",
          "task expenditure"
        ]
      },
      "outcomes": {
        "success": "resetVariablesTaskExpenditureADP"
      }
    }
  }
}