{
  "description": "",
  "root": "callFunctionCheckForDataChange",
  "actions": {
    "callFunctionCheckForDataChange": {
      "module": "vb/action/builtin/callModuleFunctionAction",
      "parameters": {
        "module": "[[ $functions ]]",
        "functionName": "checkForDataChange",
        "params": [
          "{{ $page.variables.budgetDataGrid }}",
          "{{ $page.variables.currentPeriod }}",
          "{{ $page.variables.origBudgetDataGrid }}"
        ]
      },
      "outcomes": {
        "success": "if"
      }
    },
    "if": {
      "module": "vb/action/builtin/ifAction",
      "parameters": {
        "condition": "[[ $chain.results.callFunctionCheckForDataChange ]]"
      },
      "outcomes": {
        "true": "callComponentSaveWarningDialogueOpen",
        "false": "ifFromObject"
      }
    },
    "callComponentSaveWarningDialogueOpen": {
      "module": "vb/action/builtin/callComponentMethodAction",
      "parameters": {
        "component": "{{ document.getElementById('saveWarningDialogue') }}",
        "method": "open"
      }
    },
    "ifFromObject": {
      "module": "vb/action/builtin/ifAction",
      "parameters": {
        "condition": "[[ $variables.fromObject === 'TILE' ]]"
      },
      "outcomes": {
        "true": "callChainClickTileActionCahin",
        "false": "ifFromObject2"
      }
    },
    "callChainClickTileActionCahin": {
      "module": "vb/action/builtin/callChainAction",
      "parameters": {
        "id": "ClickTileActionCahin",
        "params": {
          "periodVal": "{{ $variables.selectedPreiodValue }}"
        }
      },
      "outcomes": {
        "success": "ifFromObject2"
      }
    },
    "ifFromObject2": {
      "module": "vb/action/builtin/ifAction",
      "parameters": {
        "condition": "[[ $variables.fromObject === 'ASSIGNRESOURCE' ]]"
      },
      "outcomes": {
        "true": "callChainOpenTaskExpenditureDialogChain"
      }
    },
    "callChainOpenTaskExpenditureDialogChain": {
      "module": "vb/action/builtin/callChainAction",
      "parameters": {
        "id": "OpenTaskExpenditureDialogChain"
      }
    }
  },
  "variables": {
    "details": {
      "type": "any",
      "required": false,
      "input": "fromCaller"
    },
    "fromObject": {
      "type": "string",
      "required": false,
      "input": "fromCaller"
    },
    "selectedPreiodValue": {
      "type": "string",
      "required": false,
      "input": "fromCaller"
    }
  }
}