{
  "description": "",
  "root": "resetVariablesBudgetDataGrid",
  "actions": {
    "callFunctionGenerateGridData": {
      "module": "vb/action/builtin/callModuleFunctionAction",
      "parameters": {
        "module": "[[ $functions ]]",
        "functionName": "generateGridData",
        "params": [
          "{{ $page.variables.subProjectSummary.budget_data }}",
          "{{ $page.variables.budgetSummaryADP.data }}",
          "{{ $page.variables.currentPeriod?$page.variables.currentPeriod : $page.variables.subProjectSummary.budget_summary[1].period_fy }}"
        ]
      },
      "outcomes": {
        "success": "assignVariablesBudgetDataGrid"
      }
    },
    "assignVariablesBudgetDataGrid": {
      "module": "vb/action/builtin/assignVariablesAction",
      "parameters": {
        "$page.variables.budgetDataGrid": {
          "source": "{{ $chain.results.callFunctionGenerateGridData }}"
        },
        "$page.variables.origBudgetDataGrid": {
          "source": "{{ $page.variables.subProjectSummary.budget_data }}"
        }
      },
      "outcomes": {
        "success": "callFunctionCreateExportDataForecast"
      }
    },
    "if": {
      "module": "vb/action/builtin/ifAction",
      "parameters": {
        "condition": "[[ $page.variables.subProjectSummary.allocation_batch_number !== undefined && $page.variables.subProjectSummary.allocation_batch_number !== null ]]"
      },
      "outcomes": {
        "true": "callFunctionGenerateGridData",
        "false": "callFunctionGenerateGridData2"
      }
    },
    "callFunctionGenerateGridData2": {
      "module": "vb/action/builtin/callModuleFunctionAction",
      "parameters": {
        "module": "[[ $functions ]]",
        "functionName": "generateGridData",
        "params": [
          "{{ $page.variables.subProjectSummary.wbs_budget_data }}",
          "{{ $page.variables.budgetSummaryADP.data }}",
          "{{ $page.variables.currentPeriod?$page.variables.currentPeriod : $page.variables.subProjectSummary.budget_summary[1].period_fy }}"
        ]
      },
      "outcomes": {
        "success": "assignVariablesBudgetDataGrid3"
      }
    },
    "assignVariablesBudgetDataGrid3": {
      "module": "vb/action/builtin/assignVariablesAction",
      "parameters": {
        "$page.variables.budgetDataGrid": {
          "source": "{{ $chain.results.callFunctionGenerateGridData2 }}"
        },
        "$page.variables.origBudgetDataGrid": {
          "source": "{{ $page.variables.subProjectSummary.wbs_budget_data }}"
        }
      },
      "outcomes": {
        "success": "callFunctionCreateExportDataForecast2"
      }
    },
    "callFunctionSetTileSelected": {
      "module": "vb/action/builtin/callModuleFunctionAction",
      "parameters": {
        "module": "[[ $functions ]]",
        "functionName": "setTileSelected",
        "params": [
          "{{ $page.variables.currentPeriod }}",
          "{{ $page.variables.budgetSummaryADP.data }}"
        ]
      },
      "outcomes": {
        "success": "if"
      }
    },
    "callChainRefreshBarChartActionChain": {
      "module": "vb/action/builtin/callChainAction",
      "parameters": {
        "id": "RefreshBarChartActionChain"
      }
    },
    "resetVariablesBudgetDataGrid": {
      "module": "vb/action/builtin/resetVariablesAction",
      "parameters": {
        "variables": [
          "$page.variables.budgetDataGrid",
          "$page.variables.origBudgetDataGrid"
        ]
      },
      "outcomes": {
        "success": "callFunctionSetTileSelected"
      }
    },
    "callFunctionCreateExportDataForecast": {
      "module": "vb/action/builtin/callModuleFunctionAction",
      "parameters": {
        "module": "[[ $functions ]]",
        "functionName": "createExportDataForecast",
        "params": [
          "{{ $page.variables.subProjectSummary.budget_data }}"
        ]
      },
      "outcomes": {
        "success": "assignVariablesExportProjetForecastDataCSVAnyType"
      }
    },
    "assignVariablesExportProjetForecastDataCSVAnyType": {
      "module": "vb/action/builtin/assignVariablesAction",
      "parameters": {
        "$page.variables.exportProjetForecastDataCSVAnyType": {
          "source": "{{ $chain.results.callFunctionCreateExportDataForecast }}"
        }
      },
      "outcomes": {
        "success": "callChainRefreshBarChartActionChain"
      }
    },
    "callFunctionCreateExportDataForecast2": {
      "module": "vb/action/builtin/callModuleFunctionAction",
      "parameters": {
        "module": "[[ $functions ]]",
        "functionName": "createExportDataForecast",
        "params": [
          "{{ $page.variables.subProjectSummary.budget_data }}"
        ]
      },
      "outcomes": {
        "success": "assignVariablesExportProjetForecastDataCSVAnyType2"
      }
    },
    "assignVariablesExportProjetForecastDataCSVAnyType2": {
      "module": "vb/action/builtin/assignVariablesAction",
      "parameters": {
        "$page.variables.exportProjetForecastDataCSVAnyType": {
          "source": "{{ $chain.results.callFunctionCreateExportDataForecast2 }}"
        }
      },
      "outcomes": {
        "success": "callChainRefreshBarChartActionChain"
      }
    }
  }
}