{
    "items": [
        {
            "initiative_code": "1183",
            "init_code": "1183",
            "initiative_name": "E-Class Trams - Stage 3 (2017-18)",
            "authority_code": "3120",
            "authority_name": "DOT Additions to the Net Asset Base",
            "base_project_code": "200033",
            "proj_number": "200033",
            "project_name": "E-Class Trams Procurement Stage 3 (10 Trams)",
            "cost_center": "1685",
            "cost_center_name": "RSD Train and Tram Projects",
            "sub_project": "200033.20",
            "combination_id": 1469,
            "sub_project_name": "E-Class Tram Procurement Stage 3 (10 Trams)",
            "budget_type": "Forecast",
            "budget_type_name": "Forecast",
            "year": "0",
            "budget_amount": 66411157.14,
            "status": "Posted",
            "status_date": "2022-12-09T19:32:25.745108000+11:00",
            "version": "FUDEC22_V1",
            "business_unit": "DoT",
            "project_start_date": "2017-05-01T00:00:00Z",
            "allocation_batch_number": 317715,
            "new_child_allocation": "N",
            "transaction_type": "FB",
            "data_source": "FB",
            "total_budget": 72739344.14,
            "budget_type_id": 2
        },
        {
            "initiative_code": "1183",
            "init_code": "1183",
            "initiative_name": "E-Class Trams - Stage 3 (2017-18)",
            "authority_code": "3120",
            "authority_name": "DOT Additions to the Net Asset Base",
            "base_project_code": "200033",
            "proj_number": "200033",
            "project_name": "E-Class Trams Procurement Stage 3 (10 Trams)",
            "cost_center": "1685",
            "cost_center_name": "RSD Train and Tram Projects",
            "sub_project": "200033.20",
            "combination_id": 1469,
            "sub_project_name": "E-Class Tram Procurement Stage 3 (10 Trams)",
            "budget_type": "Forecast",
            "budget_type_name": "Forecast",
            "year": "FY23",
            "budget_amount": 6328187,
            "status": "Posted",
            "status_date": "2022-12-09T19:32:25.745108000+11:00",
            "version": "FUDEC22_V1",
            "business_unit": "DoT",
            "project_start_date": "2017-05-01T00:00:00Z",
            "allocation_batch_number": 317715,
            "new_child_allocation": "N",
            "transaction_type": "FB",
            "data_source": "FB",
            "total_budget": 72739344.14,
            "budget_type_id": 2
        },
        {
            "initiative_code": "1183",
            "init_code": "1183",
            "initiative_name": "E-Class Trams - Stage 3 (2017-18)",
            "authority_code": "3120",
            "authority_name": "DOT Additions to the Net Asset Base",
            "base_project_code": "200033",
            "proj_number": "200033",
            "project_name": "E-Class Trams Procurement Stage 3 (10 Trams)",
            "cost_center": "1685",
            "cost_center_name": "RSD Train and Tram Projects",
            "sub_project": "200033.20",
            "combination_id": 1469,
            "sub_project_name": "E-Class Tram Procurement Stage 3 (10 Trams)",
            "budget_type": "Forecast",
            "budget_type_name": "Forecast",
            "year": "FY24",
            "budget_amount": 0,
            "status": "Posted",
            "status_date": "2022-12-09T19:32:25.745108000+11:00",
            "version": "FUDEC22_V1",
            "business_unit": "DoT",
            "project_start_date": "2017-05-01T00:00:00Z",
            "allocation_batch_number": 317715,
            "new_child_allocation": "N",
            "transaction_type": "FB",
            "data_source": "FB",
            "total_budget": 72739344.14,
            "budget_type_id": 2
        },
        {
            "initiative_code": "1183",
            "init_code": "1183",
            "initiative_name": "E-Class Trams - Stage 3 (2017-18)",
            "authority_code": "3120",
            "authority_name": "DOT Additions to the Net Asset Base",
            "base_project_code": "200033",
            "proj_number": "200033",
            "project_name": "E-Class Trams Procurement Stage 3 (10 Trams)",
            "cost_center": "1685",
            "cost_center_name": "RSD Train and Tram Projects",
            "sub_project": "200033.20",
            "combination_id": 1469,
            "sub_project_name": "E-Class Tram Procurement Stage 3 (10 Trams)",
            "budget_type": "Forecast",
            "budget_type_name": "Forecast",
            "year": "FY25",
            "budget_amount": 0,
            "status": "Posted",
            "status_date": "2022-12-09T19:32:25.745108000+11:00",
            "version": "FUDEC22_V1",
            "business_unit": "DoT",
            "project_start_date": "2017-05-01T00:00:00Z",
            "allocation_batch_number": 317715,
            "new_child_allocation": "N",
            "transaction_type": "FB",
            "data_source": "FB",
            "total_budget": 72739344.14,
            "budget_type_id": 2
        },
        {
            "initiative_code": "1183",
            "init_code": "1183",
            "initiative_name": "E-Class Trams - Stage 3 (2017-18)",
            "authority_code": "3120",
            "authority_name": "DOT Additions to the Net Asset Base",
            "base_project_code": "200033",
            "proj_number": "200033",
            "project_name": "E-Class Trams Procurement Stage 3 (10 Trams)",
            "cost_center": "1685",
            "cost_center_name": "RSD Train and Tram Projects",
            "sub_project": "200033.20",
            "combination_id": 1469,
            "sub_project_name": "E-Class Tram Procurement Stage 3 (10 Trams)",
            "budget_type": "Forecast",
            "budget_type_name": "Forecast",
            "year": "FY26",
            "budget_amount": 0,
            "status": "Posted",
            "status_date": "2022-12-09T19:32:25.745108000+11:00",
            "version": "FUDEC22_V1",
            "business_unit": "DoT",
            "project_start_date": "2017-05-01T00:00:00Z",
            "allocation_batch_number": 317715,
            "new_child_allocation": "N",
            "transaction_type": "FB",
            "data_source": "FB",
            "total_budget": 72739344.14,
            "budget_type_id": 2
        },
        {
            "initiative_code": "1183",
            "init_code": "1183",
            "initiative_name": "E-Class Trams - Stage 3 (2017-18)",
            "authority_code": "3120",
            "authority_name": "DOT Additions to the Net Asset Base",
            "base_project_code": "200033",
            "proj_number": "200033",
            "project_name": "E-Class Trams Procurement Stage 3 (10 Trams)",
            "cost_center": "1685",
            "cost_center_name": "RSD Train and Tram Projects",
            "sub_project": "200033.20",
            "combination_id": 1469,
            "sub_project_name": "E-Class Tram Procurement Stage 3 (10 Trams)",
            "budget_type": "Forecast",
            "budget_type_name": "Forecast",
            "year": "FY27",
            "budget_amount": 0,
            "status": "Posted",
            "status_date": "2022-12-09T19:32:25.745108000+11:00",
            "version": "FUDEC22_V1",
            "business_unit": "DoT",
            "project_start_date": "2017-05-01T00:00:00Z",
            "allocation_batch_number": 317715,
            "new_child_allocation": "N",
            "transaction_type": "FB",
            "data_source": "FB",
            "total_budget": 72739344.14,
            "budget_type_id": 2
        },
        {
            "initiative_code": "1183",
            "init_code": "1183",
            "initiative_name": "E-Class Trams - Stage 3 (2017-18)",
            "authority_code": "3120",
            "authority_name": "DOT Additions to the Net Asset Base",
            "base_project_code": "200033",
            "proj_number": "200033",
            "project_name": "E-Class Trams Procurement Stage 3 (10 Trams)",
            "cost_center": "1685",
            "cost_center_name": "RSD Train and Tram Projects",
            "sub_project": "200033.20",
            "combination_id": 1469,
            "sub_project_name": "E-Class Tram Procurement Stage 3 (10 Trams)",
            "budget_type": "Forecast",
            "budget_type_name": "Forecast",
            "year": "FY28",
            "budget_amount": 0,
            "status": "Posted",
            "status_date": "2022-12-09T19:32:25.745108000+11:00",
            "version": "FUDEC22_V1",
            "business_unit": "DoT",
            "project_start_date": "2017-05-01T00:00:00Z",
            "allocation_batch_number": 317715,
            "new_child_allocation": "N",
            "transaction_type": "FB",
            "data_source": "FB",
            "total_budget": 72739344.14,
            "budget_type_id": 2
        },
        {
            "initiative_code": "1183",
            "init_code": "1183",
            "initiative_name": "E-Class Trams - Stage 3 (2017-18)",
            "authority_code": "3120",
            "authority_name": "DOT Additions to the Net Asset Base",
            "base_project_code": "200033",
            "proj_number": "200033",
            "project_name": "E-Class Trams Procurement Stage 3 (10 Trams)",
            "cost_center": "1685",
            "cost_center_name": "RSD Train and Tram Projects",
            "sub_project": "200033.20",
            "combination_id": 1469,
            "sub_project_name": "E-Class Tram Procurement Stage 3 (10 Trams)",
            "budget_type": "Forecast",
            "budget_type_name": "Forecast",
            "year": "FY29",
            "budget_amount": 0,
            "status": "Posted",
            "status_date": "2022-12-09T19:32:25.745108000+11:00",
            "version": "FUDEC22_V1",
            "business_unit": "DoT",
            "project_start_date": "2017-05-01T00:00:00Z",
            "allocation_batch_number": 317715,
            "new_child_allocation": "N",
            "transaction_type": "FB",
            "data_source": "FB",
            "total_budget": 72739344.14,
            "budget_type_id": 2
        },
        {
            "initiative_code": "1183",
            "init_code": "1183",
            "initiative_name": "E-Class Trams - Stage 3 (2017-18)",
            "authority_code": "3120",
            "authority_name": "DOT Additions to the Net Asset Base",
            "base_project_code": "200033",
            "proj_number": "200033",
            "project_name": "E-Class Trams Procurement Stage 3 (10 Trams)",
            "cost_center": "1685",
            "cost_center_name": "RSD Train and Tram Projects",
            "sub_project": "200033.20",
            "combination_id": 1469,
            "sub_project_name": "E-Class Tram Procurement Stage 3 (10 Trams)",
            "budget_type": "Forecast",
            "budget_type_name": "Forecast",
            "year": "FY30",
            "budget_amount": 0,
            "status": "Posted",
            "status_date": "2022-12-09T19:32:25.745108000+11:00",
            "version": "FUDEC22_V1",
            "business_unit": "DoT",
            "project_start_date": "2017-05-01T00:00:00Z",
            "allocation_batch_number": 317715,
            "new_child_allocation": "N",
            "transaction_type": "FB",
            "data_source": "FB",
            "total_budget": 72739344.14,
            "budget_type_id": 2
        },
        {
            "initiative_code": "1183",
            "init_code": "1183",
            "initiative_name": "E-Class Trams - Stage 3 (2017-18)",
            "authority_code": "3120",
            "authority_name": "DOT Additions to the Net Asset Base",
            "base_project_code": "200033",
            "proj_number": "200033",
            "project_name": "E-Class Trams Procurement Stage 3 (10 Trams)",
            "cost_center": "1685",
            "cost_center_name": "RSD Train and Tram Projects",
            "sub_project": "200033.20",
            "combination_id": 1469,
            "sub_project_name": "E-Class Tram Procurement Stage 3 (10 Trams)",
            "budget_type": "Forecast",
            "budget_type_name": "Forecast",
            "year": "FY31",
            "budget_amount": 0,
            "status": "Posted",
            "status_date": "2022-12-09T19:32:25.745108000+11:00",
            "version": "FUDEC22_V1",
            "business_unit": "DoT",
            "project_start_date": "2017-05-01T00:00:00Z",
            "allocation_batch_number": 317715,
            "new_child_allocation": "N",
            "transaction_type": "FB",
            "data_source": "FB",
            "total_budget": 72739344.14,
            "budget_type_id": 2
        },
        {
            "initiative_code": "1183",
            "init_code": "1183",
            "initiative_name": "E-Class Trams - Stage 3 (2017-18)",
            "authority_code": "3120",
            "authority_name": "DOT Additions to the Net Asset Base",
            "base_project_code": "200033",
            "proj_number": "200033",
            "project_name": "E-Class Trams Procurement Stage 3 (10 Trams)",
            "cost_center": "1685",
            "cost_center_name": "RSD Train and Tram Projects",
            "sub_project": "200033.20",
            "combination_id": 1469,
            "sub_project_name": "E-Class Tram Procurement Stage 3 (10 Trams)",
            "budget_type": "Forecast",
            "budget_type_name": "Forecast",
            "year": "FY32",
            "budget_amount": 0,
            "status": "Posted",
            "status_date": "2022-12-09T19:32:25.745108000+11:00",
            "version": "FUDEC22_V1",
            "business_unit": "DoT",
            "project_start_date": "2017-05-01T00:00:00Z",
            "allocation_batch_number": 317715,
            "new_child_allocation": "N",
            "transaction_type": "FB",
            "data_source": "FB",
            "total_budget": 72739344.14,
            "budget_type_id": 2
        },
        {
            "initiative_code": "1183",
            "init_code": "1183",
            "initiative_name": "E-Class Trams - Stage 3 (2017-18)",
            "authority_code": "3120",
            "authority_name": "DOT Additions to the Net Asset Base",
            "base_project_code": "200033",
            "proj_number": "200033",
            "project_name": "E-Class Trams Procurement Stage 3 (10 Trams)",
            "cost_center": "1685",
            "cost_center_name": "RSD Train and Tram Projects",
            "sub_project": "200033.20",
            "combination_id": 1469,
            "sub_project_name": "E-Class Tram Procurement Stage 3 (10 Trams)",
            "budget_type": "Budget",
            "budget_type_name": "Budget",
            "year": "0",
            "budget_amount": 66418099.36998,
            "status": "Phased",
            "status_date": "2022-12-15T09:38:35.000000000+00:00",
            "business_unit": "DoT",
            "project_start_date": "2017-05-01T00:00:00Z",
            "allocation_batch_number": 0,
            "new_child_allocation": "N",
            "transaction_type": "SP",
            "data_source": "SP",
            "total_budget": 72746286.36998,
            "budget_type_id": 1
        },
        {
            "initiative_code": "1183",
            "init_code": "1183",
            "initiative_name": "E-Class Trams - Stage 3 (2017-18)",
            "authority_code": "3120",
            "authority_name": "DOT Additions to the Net Asset Base",
            "base_project_code": "200033",
            "proj_number": "200033",
            "project_name": "E-Class Trams Procurement Stage 3 (10 Trams)",
            "cost_center": "1685",
            "cost_center_name": "RSD Train and Tram Projects",
            "sub_project": "200033.20",
            "combination_id": 1469,
            "sub_project_name": "E-Class Tram Procurement Stage 3 (10 Trams)",
            "budget_type": "Budget",
            "budget_type_name": "Budget",
            "year": "FY23",
            "budget_amount": 6328187,
            "status": "Phased",
            "status_date": "2022-11-21T10:57:35.136054000+11:00",
            "version": "Budget Update II 2022-23_v1",
            "business_unit": "DoT",
            "project_start_date": "2017-05-01T00:00:00Z",
            "allocation_batch_number": 292955,
            "transaction_type": "SP",
            "data_source": "SP",
            "total_budget": 72746286.36998,
            "budget_type_id": 1
        },
        {
            "initiative_code": "1183",
            "init_code": "1183",
            "initiative_name": "E-Class Trams - Stage 3 (2017-18)",
            "authority_code": "3120",
            "authority_name": "DOT Additions to the Net Asset Base",
            "base_project_code": "200033",
            "proj_number": "200033",
            "project_name": "E-Class Trams Procurement Stage 3 (10 Trams)",
            "cost_center": "1685",
            "cost_center_name": "RSD Train and Tram Projects",
            "sub_project": "200033.20",
            "combination_id": 1469,
            "sub_project_name": "E-Class Tram Procurement Stage 3 (10 Trams)",
            "budget_type": "TEI",
            "budget_type_name": "TEI",
            "year": "FY23",
            "budget_amount": 0,
            "status": "Phased",
            "status_date": "2022-11-21T10:57:35.132164000+11:00",
            "version": "Budget Update II 2022-23_v1",
            "business_unit": "DoT",
            "project_start_date": "2017-05-01T00:00:00Z",
            "allocation_batch_number": 292956,
            "transaction_type": "SP",
            "data_source": "SP",
            "total_budget": 0,
            "budget_type_id": 4
        },
        {
            "initiative_code": "1183",
            "init_code": "1183",
            "initiative_name": "E-Class Trams - Stage 3 (2017-18)",
            "authority_code": "3120",
            "authority_name": "DOT Additions to the Net Asset Base",
            "base_project_code": "200033",
            "proj_number": "200033",
            "project_name": "E-Class Trams Procurement Stage 3 (10 Trams)",
            "cost_center": "1685",
            "cost_center_name": "RSD Train and Tram Projects",
            "sub_project": "200033.20",
            "combination_id": 1469,
            "sub_project_name": "E-Class Tram Procurement Stage 3 (10 Trams)",
            "budget_type": "Budget",
            "budget_type_name": "Budget",
            "year": "FY24",
            "budget_amount": 0,
            "status": "Phased",
            "status_date": "2022-11-21T10:57:35.136054000+11:00",
            "version": "Budget Update II 2022-23_v1",
            "business_unit": "DoT",
            "project_start_date": "2017-05-01T00:00:00Z",
            "allocation_batch_number": 292955,
            "transaction_type": "SP",
            "data_source": "SP",
            "total_budget": 72746286.36998,
            "budget_type_id": 1
        },
        {
            "initiative_code": "1183",
            "init_code": "1183",
            "initiative_name": "E-Class Trams - Stage 3 (2017-18)",
            "authority_code": "3120",
            "authority_name": "DOT Additions to the Net Asset Base",
            "base_project_code": "200033",
            "proj_number": "200033",
            "project_name": "E-Class Trams Procurement Stage 3 (10 Trams)",
            "cost_center": "1685",
            "cost_center_name": "RSD Train and Tram Projects",
            "sub_project": "200033.20",
            "combination_id": 1469,
            "sub_project_name": "E-Class Tram Procurement Stage 3 (10 Trams)",
            "budget_type": "Budget",
            "budget_type_name": "Budget",
            "year": "FY25",
            "budget_amount": 0,
            "status": "Phased",
            "status_date": "2022-11-21T10:57:35.136054000+11:00",
            "version": "Budget Update II 2022-23_v1",
            "business_unit": "DoT",
            "project_start_date": "2017-05-01T00:00:00Z",
            "allocation_batch_number": 292955,
            "transaction_type": "SP",
            "data_source": "SP",
            "total_budget": 72746286.36998,
            "budget_type_id": 1
        },
        {
            "initiative_code": "1183",
            "init_code": "1183",
            "initiative_name": "E-Class Trams - Stage 3 (2017-18)",
            "authority_code": "3120",
            "authority_name": "DOT Additions to the Net Asset Base",
            "base_project_code": "200033",
            "proj_number": "200033",
            "project_name": "E-Class Trams Procurement Stage 3 (10 Trams)",
            "cost_center": "1685",
            "cost_center_name": "RSD Train and Tram Projects",
            "sub_project": "200033.20",
            "combination_id": 1469,
            "sub_project_name": "E-Class Tram Procurement Stage 3 (10 Trams)",
            "budget_type": "Budget",
            "budget_type_name": "Budget",
            "year": "FY26",
            "budget_amount": 0,
            "status": "Phased",
            "status_date": "2022-11-21T10:57:35.136054000+11:00",
            "version": "Budget Update II 2022-23_v1",
            "business_unit": "DoT",
            "project_start_date": "2017-05-01T00:00:00Z",
            "allocation_batch_number": 292955,
            "transaction_type": "SP",
            "data_source": "SP",
            "total_budget": 72746286.36998,
            "budget_type_id": 1
        },
        {
            "initiative_code": "1183",
            "init_code": "1183",
            "initiative_name": "E-Class Trams - Stage 3 (2017-18)",
            "authority_code": "3120",
            "authority_name": "DOT Additions to the Net Asset Base",
            "base_project_code": "200033",
            "proj_number": "200033",
            "project_name": "E-Class Trams Procurement Stage 3 (10 Trams)",
            "cost_center": "1685",
            "cost_center_name": "RSD Train and Tram Projects",
            "sub_project": "200033.20",
            "combination_id": 1469,
            "sub_project_name": "E-Class Tram Procurement Stage 3 (10 Trams)",
            "budget_type": "Budget",
            "budget_type_name": "Budget",
            "year": "FY27",
            "budget_amount": 0,
            "status": "Phased",
            "status_date": "2022-11-21T10:57:35.136054000+11:00",
            "version": "Budget Update II 2022-23_v1",
            "business_unit": "DoT",
            "project_start_date": "2017-05-01T00:00:00Z",
            "allocation_batch_number": 292955,
            "transaction_type": "SP",
            "data_source": "SP",
            "total_budget": 72746286.36998,
            "budget_type_id": 1
        },
        {
            "initiative_code": "1183",
            "init_code": "1183",
            "initiative_name": "E-Class Trams - Stage 3 (2017-18)",
            "authority_code": "3120",
            "authority_name": "DOT Additions to the Net Asset Base",
            "base_project_code": "200033",
            "proj_number": "200033",
            "project_name": "E-Class Trams Procurement Stage 3 (10 Trams)",
            "cost_center": "1685",
            "cost_center_name": "RSD Train and Tram Projects",
            "sub_project": "200033.20",
            "combination_id": 1469,
            "sub_project_name": "E-Class Tram Procurement Stage 3 (10 Trams)",
            "budget_type": "Budget",
            "budget_type_name": "Budget",
            "year": "FY28",
            "budget_amount": 0,
            "status": "Phased",
            "status_date": "2022-11-21T10:57:35.136054000+11:00",
            "version": "Budget Update II 2022-23_v1",
            "business_unit": "DoT",
            "project_start_date": "2017-05-01T00:00:00Z",
            "allocation_batch_number": 292955,
            "transaction_type": "SP",
            "data_source": "SP",
            "total_budget": 72746286.36998,
            "budget_type_id": 1
        },
        {
            "initiative_code": "1183",
            "init_code": "1183",
            "initiative_name": "E-Class Trams - Stage 3 (2017-18)",
            "authority_code": "3120",
            "authority_name": "DOT Additions to the Net Asset Base",
            "base_project_code": "200033",
            "proj_number": "200033",
            "project_name": "E-Class Trams Procurement Stage 3 (10 Trams)",
            "cost_center": "1685",
            "cost_center_name": "RSD Train and Tram Projects",
            "sub_project": "200033.20",
            "combination_id": 1469,
            "sub_project_name": "E-Class Tram Procurement Stage 3 (10 Trams)",
            "budget_type": "Budget",
            "budget_type_name": "Budget",
            "year": "0",
            "budget_amount": 66411157.14,
            "status": "Posted",
            "status_date": "2022-12-07T13:37:13.722004000+11:00",
            "version": "Budget Update II 2022-23_v3",
            "business_unit": "DoT",
            "project_start_date": "2017-05-01T00:00:00Z",
            "allocation_batch_number": 317720,
            "new_child_allocation": "N",
            "transaction_type": "WBS",
            "data_source": "WBS",
            "total_budget": 72739344.14,
            "budget_type_id": 1
        },
        {
            "initiative_code": "1183",
            "init_code": "1183",
            "initiative_name": "E-Class Trams - Stage 3 (2017-18)",
            "authority_code": "3120",
            "authority_name": "DOT Additions to the Net Asset Base",
            "base_project_code": "200033",
            "proj_number": "200033",
            "project_name": "E-Class Trams Procurement Stage 3 (10 Trams)",
            "cost_center": "1685",
            "cost_center_name": "RSD Train and Tram Projects",
            "sub_project": "200033.20",
            "combination_id": 1469,
            "sub_project_name": "E-Class Tram Procurement Stage 3 (10 Trams)",
            "budget_type": "Budget",
            "budget_type_name": "Budget",
            "year": "FY23",
            "budget_amount": 6328187,
            "status": "Posted",
            "status_date": "2022-12-07T13:37:13.722004000+11:00",
            "version": "Budget Update II 2022-23_v3",
            "business_unit": "DoT",
            "project_start_date": "2017-05-01T00:00:00Z",
            "allocation_batch_number": 317720,
            "new_child_allocation": "N",
            "transaction_type": "WBS",
            "data_source": "WBS",
            "total_budget": 72739344.14,
            "budget_type_id": 1
        },
        {
            "initiative_code": "1183",
            "init_code": "1183",
            "initiative_name": "E-Class Trams - Stage 3 (2017-18)",
            "authority_code": "3120",
            "authority_name": "DOT Additions to the Net Asset Base",
            "base_project_code": "200033",
            "proj_number": "200033",
            "project_name": "E-Class Trams Procurement Stage 3 (10 Trams)",
            "cost_center": "1685",
            "cost_center_name": "RSD Train and Tram Projects",
            "sub_project": "200033.20",
            "combination_id": 1469,
            "sub_project_name": "E-Class Tram Procurement Stage 3 (10 Trams)",
            "budget_type": "Budget",
            "budget_type_name": "Budget",
            "year": "FY24",
            "budget_amount": 0,
            "status": "Posted",
            "status_date": "2022-12-07T13:37:13.722004000+11:00",
            "version": "Budget Update II 2022-23_v3",
            "business_unit": "DoT",
            "project_start_date": "2017-05-01T00:00:00Z",
            "allocation_batch_number": 317720,
            "new_child_allocation": "N",
            "transaction_type": "WBS",
            "data_source": "WBS",
            "total_budget": 72739344.14,
            "budget_type_id": 1
        },
        {
            "initiative_code": "1183",
            "init_code": "1183",
            "initiative_name": "E-Class Trams - Stage 3 (2017-18)",
            "authority_code": "3120",
            "authority_name": "DOT Additions to the Net Asset Base",
            "base_project_code": "200033",
            "proj_number": "200033",
            "project_name": "E-Class Trams Procurement Stage 3 (10 Trams)",
            "cost_center": "1685",
            "cost_center_name": "RSD Train and Tram Projects",
            "sub_project": "200033.20",
            "combination_id": 1469,
            "sub_project_name": "E-Class Tram Procurement Stage 3 (10 Trams)",
            "budget_type": "Budget",
            "budget_type_name": "Budget",
            "year": "FY25",
            "budget_amount": 0,
            "status": "Posted",
            "status_date": "2022-12-07T13:37:13.722004000+11:00",
            "version": "Budget Update II 2022-23_v3",
            "business_unit": "DoT",
            "project_start_date": "2017-05-01T00:00:00Z",
            "allocation_batch_number": 317720,
            "new_child_allocation": "N",
            "transaction_type": "WBS",
            "data_source": "WBS",
            "total_budget": 72739344.14,
            "budget_type_id": 1
        },
        {
            "initiative_code": "1183",
            "init_code": "1183",
            "initiative_name": "E-Class Trams - Stage 3 (2017-18)",
            "authority_code": "3120",
            "authority_name": "DOT Additions to the Net Asset Base",
            "base_project_code": "200033",
            "proj_number": "200033",
            "project_name": "E-Class Trams Procurement Stage 3 (10 Trams)",
            "cost_center": "1685",
            "cost_center_name": "RSD Train and Tram Projects",
            "sub_project": "200033.20",
            "combination_id": 1469,
            "sub_project_name": "E-Class Tram Procurement Stage 3 (10 Trams)",
            "budget_type": "Budget",
            "budget_type_name": "Budget",
            "year": "FY26",
            "budget_amount": 0,
            "status": "Posted",
            "status_date": "2022-12-07T13:37:13.722004000+11:00",
            "version": "Budget Update II 2022-23_v3",
            "business_unit": "DoT",
            "project_start_date": "2017-05-01T00:00:00Z",
            "allocation_batch_number": 317720,
            "new_child_allocation": "N",
            "transaction_type": "WBS",
            "data_source": "WBS",
            "total_budget": 72739344.14,
            "budget_type_id": 1
        },
        {
            "initiative_code": "1183",
            "init_code": "1183",
            "initiative_name": "E-Class Trams - Stage 3 (2017-18)",
            "authority_code": "3120",
            "authority_name": "DOT Additions to the Net Asset Base",
            "base_project_code": "200033",
            "proj_number": "200033",
            "project_name": "E-Class Trams Procurement Stage 3 (10 Trams)",
            "cost_center": "1685",
            "cost_center_name": "RSD Train and Tram Projects",
            "sub_project": "200033.20",
            "combination_id": 1469,
            "sub_project_name": "E-Class Tram Procurement Stage 3 (10 Trams)",
            "budget_type": "Budget",
            "budget_type_name": "Budget",
            "year": "FY27",
            "budget_amount": 0,
            "status": "Posted",
            "status_date": "2022-12-07T13:37:13.722004000+11:00",
            "version": "Budget Update II 2022-23_v3",
            "business_unit": "DoT",
            "project_start_date": "2017-05-01T00:00:00Z",
            "allocation_batch_number": 317720,
            "new_child_allocation": "N",
            "transaction_type": "WBS",
            "data_source": "WBS",
            "total_budget": 72739344.14,
            "budget_type_id": 1
        },
        {
            "initiative_code": "1183",
            "init_code": "1183",
            "initiative_name": "E-Class Trams - Stage 3 (2017-18)",
            "authority_code": "3120",
            "authority_name": "DOT Additions to the Net Asset Base",
            "base_project_code": "200033",
            "proj_number": "200033",
            "project_name": "E-Class Trams Procurement Stage 3 (10 Trams)",
            "cost_center": "1685",
            "cost_center_name": "RSD Train and Tram Projects",
            "sub_project": "200033.20",
            "combination_id": 1469,
            "sub_project_name": "E-Class Tram Procurement Stage 3 (10 Trams)",
            "budget_type": "Budget",
            "budget_type_name": "Budget",
            "year": "FY28",
            "budget_amount": 0,
            "status": "Posted",
            "status_date": "2022-12-07T13:37:13.722004000+11:00",
            "version": "Budget Update II 2022-23_v3",
            "business_unit": "DoT",
            "project_start_date": "2017-05-01T00:00:00Z",
            "allocation_batch_number": 317720,
            "new_child_allocation": "N",
            "transaction_type": "WBS",
            "data_source": "WBS",
            "total_budget": 72739344.14,
            "budget_type_id": 1
        },
        {
            "initiative_code": "1183",
            "init_code": "1183",
            "initiative_name": "E-Class Trams - Stage 3 (2017-18)",
            "authority_code": "3120",
            "authority_name": "DOT Additions to the Net Asset Base",
            "base_project_code": "200033",
            "proj_number": "200033",
            "project_name": "E-Class Trams Procurement Stage 3 (10 Trams)",
            "cost_center": "1685",
            "cost_center_name": "RSD Train and Tram Projects",
            "sub_project": "200033.20",
            "combination_id": 1469,
            "sub_project_name": "E-Class Tram Procurement Stage 3 (10 Trams)",
            "budget_type": "Budget",
            "budget_type_name": "Budget",
            "year": "FY29",
            "budget_amount": 0,
            "status": "Posted",
            "status_date": "2022-12-07T13:37:13.722004000+11:00",
            "version": "Budget Update II 2022-23_v3",
            "business_unit": "DoT",
            "project_start_date": "2017-05-01T00:00:00Z",
            "allocation_batch_number": 317720,
            "new_child_allocation": "N",
            "transaction_type": "WBS",
            "data_source": "WBS",
            "total_budget": 72739344.14,
            "budget_type_id": 1
        },
        {
            "initiative_code": "1183",
            "init_code": "1183",
            "initiative_name": "E-Class Trams - Stage 3 (2017-18)",
            "authority_code": "3120",
            "authority_name": "DOT Additions to the Net Asset Base",
            "base_project_code": "200033",
            "proj_number": "200033",
            "project_name": "E-Class Trams Procurement Stage 3 (10 Trams)",
            "cost_center": "1685",
            "cost_center_name": "RSD Train and Tram Projects",
            "sub_project": "200033.20",
            "combination_id": 1469,
            "sub_project_name": "E-Class Tram Procurement Stage 3 (10 Trams)",
            "budget_type": "Budget",
            "budget_type_name": "Budget",
            "year": "FY30",
            "budget_amount": 0,
            "status": "Posted",
            "status_date": "2022-12-07T13:37:13.722004000+11:00",
            "version": "Budget Update II 2022-23_v3",
            "business_unit": "DoT",
            "project_start_date": "2017-05-01T00:00:00Z",
            "allocation_batch_number": 317720,
            "new_child_allocation": "N",
            "transaction_type": "WBS",
            "data_source": "WBS",
            "total_budget": 72739344.14,
            "budget_type_id": 1
        },
        {
            "initiative_code": "1183",
            "init_code": "1183",
            "initiative_name": "E-Class Trams - Stage 3 (2017-18)",
            "authority_code": "3120",
            "authority_name": "DOT Additions to the Net Asset Base",
            "base_project_code": "200033",
            "proj_number": "200033",
            "project_name": "E-Class Trams Procurement Stage 3 (10 Trams)",
            "cost_center": "1685",
            "cost_center_name": "RSD Train and Tram Projects",
            "sub_project": "200033.20",
            "combination_id": 1469,
            "sub_project_name": "E-Class Tram Procurement Stage 3 (10 Trams)",
            "budget_type": "Budget",
            "budget_type_name": "Budget",
            "year": "FY31",
            "budget_amount": 0,
            "status": "Posted",
            "status_date": "2022-12-07T13:37:13.722004000+11:00",
            "version": "Budget Update II 2022-23_v3",
            "business_unit": "DoT",
            "project_start_date": "2017-05-01T00:00:00Z",
            "allocation_batch_number": 317720,
            "new_child_allocation": "N",
            "transaction_type": "WBS",
            "data_source": "WBS",
            "total_budget": 72739344.14,
            "budget_type_id": 1
        },
        {
            "initiative_code": "1183",
            "init_code": "1183",
            "initiative_name": "E-Class Trams - Stage 3 (2017-18)",
            "authority_code": "3120",
            "authority_name": "DOT Additions to the Net Asset Base",
            "base_project_code": "200033",
            "proj_number": "200033",
            "project_name": "E-Class Trams Procurement Stage 3 (10 Trams)",
            "cost_center": "1685",
            "cost_center_name": "RSD Train and Tram Projects",
            "sub_project": "200033.20",
            "combination_id": 1469,
            "sub_project_name": "E-Class Tram Procurement Stage 3 (10 Trams)",
            "budget_type": "Budget",
            "budget_type_name": "Budget",
            "year": "FY32",
            "budget_amount": 0,
            "status": "Posted",
            "status_date": "2022-12-07T13:37:13.722004000+11:00",
            "version": "Budget Update II 2022-23_v3",
            "business_unit": "DoT",
            "project_start_date": "2017-05-01T00:00:00Z",
            "allocation_batch_number": 317720,
            "new_child_allocation": "N",
            "transaction_type": "WBS",
            "data_source": "WBS",
            "total_budget": 72739344.14,
            "budget_type_id": 1
        }
    ]
}