{
  "description": "",
  "root": "callFunctionShowLoading",
  "actions": {
    "callFunctionShowLoading": {
      "module": "vb/action/builtin/callModuleFunctionAction",
      "parameters": {
        "module": "[[ $application.functions ]]",
        "functionName": "showLoading"
      },
      "outcomes": {
        "success": "if"
      }
    },
    "callFunctionGetSaveData": {
      "module": "vb/action/builtin/callModuleFunctionAction",
      "parameters": {
        "module": "[[ $functions ]]",
        "functionName": "getSaveData",
        "params": [
          "{{ $page.variables.batch_id }}",
          "{{ $application.user.username }}"
        ]
      },
      "outcomes": {
        "success": "callRestPostBulkUploadBulkUploadData"
      }
    },
    "fireNotification": {
      "module": "vb/action/builtin/fireNotificationEventAction",
      "parameters": {
        "target": "leaf",
        "summary": "Failed to save allocation data. Please try it again or contact DoT VIC IT team.",
        "type": "error",
        "displayMode": "persist",
        "message": "Failed to save allocation data. Please try it again or contact DoT VIC IT team."
      },
      "outcomes": {
        "success": "callFunctionHideLoading2"
      }
    },
    "callRestPostBulkUploadBulkUploadData": {
      "module": "vb/action/builtin/restAction",
      "parameters": {
        "endpoint": "ordsBtftapp/postBulkUploadBulkUploadData",
        "body": "{{ $chain.results.callFunctionGetSaveData }}"
      },
      "outcomes": {
        "failure": "fireNotification",
        "success": "if3"
      }
    },
    "if": {
      "module": "vb/action/builtin/ifAction",
      "parameters": {
        "condition": "[[ $page.variables.batch_id !== undefined && $page.variables.batch_id !== null ]]"
      },
      "outcomes": {
        "true": "callFunctionGetSaveData",
        "false": "callFunctionHideLoading"
      }
    },
    "callFunctionHideLoading": {
      "module": "vb/action/builtin/callModuleFunctionAction",
      "parameters": {
        "module": "[[ $application.functions ]]",
        "functionName": "hideLoading"
      }
    },
    "if3": {
      "module": "vb/action/builtin/ifAction",
      "parameters": {
        "condition": "[[ $chain.results.callRestPostBulkUploadBulkUploadData.body.message_type === 'info' ]]"
      },
      "outcomes": {
        "true": "fireNotification4",
        "false": "fireNotification2"
      }
    },
    "fireNotification4": {
      "module": "vb/action/builtin/fireNotificationEventAction",
      "parameters": {
        "target": "leaf",
        "summary": "[[ $chain.results.callRestPostBulkUploadBulkUploadData.body.message ]]",
        "message": "[[ $chain.results.callRestPostBulkUploadBulkUploadData.body.message ]]",
        "type": "info",
        "displayMode": "transient"
      },
      "outcomes": {
        "success": "resetVariablesBatchId"
      }
    },
    "fireNotification2": {
      "module": "vb/action/builtin/fireNotificationEventAction",
      "parameters": {
        "target": "leaf",
        "summary": "[[ $chain.results.callRestPostBulkUploadBulkUploadData.body.message ]]",
        "message": "[[ $chain.results.callRestPostBulkUploadBulkUploadData.body.message ]]"
      },
      "outcomes": {
        "success": "callChainLoadTableData"
      }
    },
    "callFunctionHideLoading2": {
      "module": "vb/action/builtin/callModuleFunctionAction",
      "parameters": {
        "module": "[[ $application.functions ]]",
        "functionName": "hideLoading"
      }
    },
    "resetVariablesBatchId": {
      "module": "vb/action/builtin/resetVariablesAction",
      "parameters": {
        "variables": [
          "$page.variables.batch_id",
          "$page.variables.UploadedDataADP",
          "$page.variables.save_flag"
        ]
      },
      "outcomes": {
        "success": "callFunctionHideLoading"
      }
    },
    "callChainLoadTableData": {
      "module": "vb/action/builtin/callChainAction",
      "parameters": {
        "id": "LoadTableData"
      },
      "outcomes": {
        "success": "callFunctionHideLoading"
      }
    }
  },
  "variables": {}
}