{
  "description": "",
  "root": "callFunctionShowLoading",
  "actions": {
    "callFunctionShowLoading": {
      "module": "vb/action/builtin/callModuleFunctionAction",
      "parameters": {
        "module": "[[ $application.functions ]]",
        "functionName": "showLoading"
      },
      "outcomes": {
        "success": "resetVariablesUploadedDataADP"
      }
    },
    "callFunctionReadFileContent": {
      "module": "vb/action/builtin/callModuleFunctionAction",
      "parameters": {
        "module": "[[ $functions ]]",
        "functionName": "readFileContent",
        "params": [
          "{{ $variables.files[0] }}"
        ]
      },
      "outcomes": {
        "success": "callFunctionProcessFileContent"
      }
    },
    "callFunctionProcessFileContent": {
      "module": "vb/action/builtin/callModuleFunctionAction",
      "parameters": {
        "module": "[[ $functions ]]",
        "functionName": "processFileContent",
        "params": [
          "{{ $chain.results.callFunctionReadFileContent }}",
          "{{ $application.user.username }}"
        ]
      },
      "outcomes": {
        "success": "if"
      }
    },
    "callFunctionHideLoading": {
      "module": "vb/action/builtin/callModuleFunctionAction",
      "parameters": {
        "module": "[[ $application.functions ]]",
        "functionName": "hideLoading"
      }
    },
    "callComponentImportDataPopupClose": {
      "module": "vb/action/builtin/callComponentMethodAction",
      "parameters": {
        "component": "{{ document.getElementById('importDataPopup') }}",
        "method": "close"
      },
      "outcomes": {
        "success": "callFunctionHideLoading"
      }
    },
    "if": {
      "module": "vb/action/builtin/ifAction",
      "parameters": {
        "condition": "[[ $chain.results.callFunctionProcessFileContent.BUDGET_DATA_ARR.length > 0 ]]"
      },
      "outcomes": {
        "true": "callRestPostBulkUploadBulkUploadData",
        "false": "callFunctionHideLoading"
      }
    },
    "fireNotification": {
      "module": "vb/action/builtin/fireNotificationEventAction",
      "parameters": {
        "target": "leaf",
        "summary": "[[ $chain.results.callRestPostBulkUploadBulkUploadData.message.summary ]]",
        "type": "error",
        "displayMode": "persist",
        "message": "Failed to upload allocation data. Please try it again or contact DoT VIC IT team."
      },
      "outcomes": {
        "success": "callFunctionHideLoading2"
      }
    },
    "callRestPostBulkUploadBulkUploadData": {
      "module": "vb/action/builtin/restAction",
      "parameters": {
        "endpoint": "ordsBtftapp/postBulkUploadBulkUploadData",
        "body": "{{ $chain.results.callFunctionProcessFileContent }}"
      },
      "outcomes": {
        "failure": "fireNotification",
        "success": "if2"
      }
    },
    "callFunctionHideLoading2": {
      "module": "vb/action/builtin/callModuleFunctionAction",
      "parameters": {
        "module": "[[ $application.functions ]]",
        "functionName": "hideLoading"
      }
    },
    "if2": {
      "module": "vb/action/builtin/ifAction",
      "parameters": {
        "condition": "[[ $chain.results.callRestPostBulkUploadBulkUploadData.body.message_type === 'info' ]]"
      },
      "outcomes": {
        "true": "assignVariablesSaveFlag",
        "false": "assignVariablesSaveFlag3"
      }
    },
    "fireNotification4": {
      "module": "vb/action/builtin/fireNotificationEventAction",
      "parameters": {
        "target": "leaf",
        "summary": "[[ $chain.results.callRestPostBulkUploadBulkUploadData.body.message ]]",
        "message": "[[ $chain.results.callRestPostBulkUploadBulkUploadData.body.message ]]",
        "type": "info",
        "displayMode": "transient"
      },
      "outcomes": {
        "success": "callChainLoadTableData"
      }
    },
    "fireNotification2": {
      "module": "vb/action/builtin/fireNotificationEventAction",
      "parameters": {
        "target": "leaf",
        "summary": "[[ $chain.results.callRestPostBulkUploadBulkUploadData.body.message ]]",
        "message": "[[ $chain.results.callRestPostBulkUploadBulkUploadData.body.message ]]",
        "displayMode": "transient"
      },
      "outcomes": {
        "success": "callChainLoadTableData"
      }
    },
    "assignVariablesSaveFlag": {
      "module": "vb/action/builtin/assignVariablesAction",
      "parameters": {
        "$page.variables.save_flag": {
          "source": "{{ true }}"
        },
        "$page.variables.batch_id": {
          "source": "{{ $chain.results.callRestPostBulkUploadBulkUploadData.body.batch_id }}"
        }
      },
      "outcomes": {
        "success": "fireNotification4"
      }
    },
    "assignVariablesSaveFlag3": {
      "module": "vb/action/builtin/assignVariablesAction",
      "parameters": {
        "$page.variables.save_flag": {
          "source": "{{ false }}"
        },
        "$page.variables.batch_id": {
          "source": "{{ $chain.results.callRestPostBulkUploadBulkUploadData.body.batch_id }}"
        }
      },
      "outcomes": {
        "success": "fireNotification2"
      }
    },
    "resetVariablesUploadedDataADP": {
      "module": "vb/action/builtin/resetVariablesAction",
      "parameters": {
        "variables": [
          "$page.variables.UploadedDataADP",
          "$page.variables.batch_id"          ,
          "$page.variables.save_flag"
        ]
      },
      "outcomes": {
        "success": "callFunctionReadFileContent"
      }
    },
    "callChainLoadTableData": {
      "module": "vb/action/builtin/callChainAction",
      "parameters": {
        "id": "LoadTableData"
      },
      "outcomes": {
        "success": "callComponentImportDataPopupClose"
      }
    }
  },
  "variables": {
    "files": {
      "required": true,
      "type": "object[]",
      "input": "fromCaller"
    }
  }
}