{
  "root": "callFunctionShowLoading",
  "description": "",
  "actions": {
    "fireNotification": {
      "module": "vb/action/builtin/fireNotificationEventAction",
      "parameters": {
        "target": "leaf",
        "summary": "[[ $chain.results.callRestGetBulkUploadBulkUploadData.message.summary ]]",
        "type": "error",
        "displayMode": "persist",
        "message": "Failed to get the uploaded data. Please try it again or contact DoT VIC IT team."
      },
      "outcomes": {
        "success": "callFunctionHideLoading2"
      }
    },
    "callRestGetBulkUploadBulkUploadData": {
      "module": "vb/action/builtin/restAction",
      "parameters": {
        "endpoint": "ordsBtftapp/getBulkUploadBulkUploadData",
        "uriParams": {
          "batch_id": "{{ $page.variables.batch_id }}",
          "user_name": "{{ $application.user.username }}"
        }
      },
      "outcomes": {
        "failure": "fireNotification",
        "success": "if"
      }
    },
    "if": {
      "module": "vb/action/builtin/ifAction",
      "parameters": {
        "condition": "[[ $chain.results.callRestGetBulkUploadBulkUploadData.body.items.length ]]"
      },
      "outcomes": {
        "true": "fireDataProviderEventUploadedDataADP",
        "false": "callFunctionHideLoading"
      }
    },
    "fireDataProviderEventUploadedDataADP": {
      "module": "vb/action/builtin/fireDataProviderEventAction",
      "parameters": {
        "target": "[[ $page.variables.UploadedDataADP ]]",
        "add": {
          "data": "{{ $chain.results.callRestGetBulkUploadBulkUploadData.body.items }}"
        }
      },
      "outcomes": {
        "success": "callFunctionHideLoading"
      }
    },
    "callFunctionShowLoading": {
      "module": "vb/action/builtin/callModuleFunctionAction",
      "parameters": {
        "module": "[[ $application.functions ]]",
        "functionName": "showLoading"
      },
      "outcomes": {
        "success": "if3"
      }
    },
    "callFunctionHideLoading2": {
      "module": "vb/action/builtin/callModuleFunctionAction",
      "parameters": {
        "module": "[[ $application.functions ]]",
        "functionName": "hideLoading"
      }
    },
    "if3": {
      "module": "vb/action/builtin/ifAction",
      "parameters": {
        "condition": "[[ $page.variables.batch_id !== undefined && $page.variables.batch_id !== null ]]"
      },
      "outcomes": {
        "true": "resetVariablesUploadedDataADP",
        "false": "callFunctionHideLoading"
      }
    },
    "callFunctionHideLoading": {
      "module": "vb/action/builtin/callModuleFunctionAction",
      "parameters": {
        "module": "[[ $application.functions ]]",
        "functionName": "hideLoading"
      }
    },
    "resetVariablesUploadedDataADP": {
      "module": "vb/action/builtin/resetVariablesAction",
      "parameters": {
        "variables": [
          "$page.variables.UploadedDataADP"
        ]
      },
      "outcomes": {
        "success": "callRestGetBulkUploadBulkUploadData"
      }
    }
  }
}