{
    "items": [
        {
            "teiamount": 0,
            "wbs_amount": 3526000,
            "segment_code10": "200539.11",
            "segment_code3": "1687",
            "segment_code5": "2020",
            "segment_code4": "1585",
            "segment_code6": "200539",
            "segment_code7": null,
            "period_code": 2025,
            "wbsfyamount": 1046000
        },
        {
            "teiamount": 0,
            "wbs_amount": 3526000,
            "segment_code10": "200539.11",
            "segment_code3": "1687",
            "segment_code5": "2020",
            "segment_code4": "1585",
            "segment_code6": "200539",
            "segment_code7": null,
            "period_code": 2021,
            "wbsfyamount": 689000
        },
        {
            "teiamount": 0,
            "wbs_amount": 3526000,
            "segment_code10": "200539.11",
            "segment_code3": "1687",
            "segment_code5": "2020",
            "segment_code4": "1585",
            "segment_code6": "200539",
            "segment_code7": null,
            "period_code": 2023,
            "wbsfyamount": 545000
        },
        {
            "teiamount": 0,
            "wbs_amount": 3526000,
            "segment_code10": "200539.11",
            "segment_code3": "1687",
            "segment_code5": "2020",
            "segment_code4": "1585",
            "segment_code6": "200539",
            "segment_code7": null,
            "period_code": 2024,
            "wbsfyamount": 709000
        },
        {
            "teiamount": 0,
            "wbs_amount": 3526000,
            "segment_code10": "200539.11",
            "segment_code3": "1687",
            "segment_code5": "2020",
            "segment_code4": "1585",
            "segment_code6": "200539",
            "segment_code7": null,
            "period_code": 2022,
            "wbsfyamount": 537000
        }
    ],
    "hasMore": false,
    "limit": 25,
    "offset": 0,
    "count": 5,
    "links": [
        {
            "rel": "self",
            "href": "https://coq4hi5ehnacuc6-dotvicadwdev.adb.ap-sydney-1.oraclecloudapps.com/ords/btftapp_db/ProjectSearch/allocatedTEIvsWBS?cost_code=1687"
        },
        {
            "rel": "describedby",
            "href": "https://coq4hi5ehnacuc6-dotvicadwdev.adb.ap-sydney-1.oraclecloudapps.com/ords/btftapp_db/metadata-catalog/ProjectSearch/item"
        },
        {
            "rel": "first",
            "href": "https://coq4hi5ehnacuc6-dotvicadwdev.adb.ap-sydney-1.oraclecloudapps.com/ords/btftapp_db/ProjectSearch/allocatedTEIvsWBS?cost_code=1687"
        }
    ]
}