{
    "backends": {
        "vbprocess": {
            "serviceType": "vbprocess",
            "servers": [
                {
                    "url": "vb-catalog://backends.tenant/vbprocess",
                    "description": "Player Target Server",
                    "x-vb": {
                        "headers": {
                            "pcs_mode": "dev"
                        },
                        "authentication": {
                            "authenticated": {
                                "type": "cloud"
                            }
                        }
                    }
                },
                {
                    "url": "vb-catalog://backends.tenant/vbprocess",
                    "description": "Default Target Server",
                    "x-vb": {
                        "authentication": {
                            "authenticated": {
                                "type": "cloud"
                            }
                        }
                    }
                }
            ]
        },
        "ICS_OPA": {
            "servers": [
                {
                    "url": "https://dotvic-prod-sdkuzeu06hot-sy.integration.ocp.oraclecloud.com/ic/api/integration/v1/flows/rest",
                    "description": "Ic Api",
                    "x-vb": {
                        "authentication": {
                            "authenticated": {
                                "type": "basic",
                                "credentials": "vb_fa041a8a-70cf-4b43-b341-1190befb4d57"
                            }
                        }
                    }
                }
            ]
        }
    }
}