{
    "items": [
        {
            "current_max_approver_level": 4
        }
    ],
    "hasMore": false,
    "limit": 25,
    "offset": 0,
    "count": 1,
    "links": [
        {
            "rel": "self",
            "href": "https://apps-preprod-fs.transport.vic.gov.au/ords/btftapp_db/RoleMapping/getMaxApproverLevelForPage?p_page_id=2"
        },
        {
            "rel": "describedby",
            "href": "https://apps-preprod-fs.transport.vic.gov.au/ords/btftapp_db/metadata-catalog/RoleMapping/item"
        },
        {
            "rel": "first",
            "href": "https://apps-preprod-fs.transport.vic.gov.au/ords/btftapp_db/RoleMapping/getMaxApproverLevelForPage?p_page_id=2"
        }
    ]
}