{
    "items": [
        {
            "proj_number": "200047-01",
            "task_code": "01.01.01",
            "resource_id": "Amort Building Leased",
            "assign_bud_id": "91",
            "budget_version_id": 47,
            "id": 47,
            "version": "ADT-Version1",
            "approved_by": "aditi.govindraj@oracle.com",
            "approval_date": "2021-02-12T04:02:48Z",
            "submittedtoerp": null,
            "submitted_by": null,
            "submitted_date": null
        },
        {
            "proj_number": "200047-01",
            "task_code": "01.01.02",
            "resource_id": "Amort Building Leased",
            "assign_bud_id": "92",
            "budget_version_id": 47,
            "id": 47,
            "version": "ADT-Version1",
            "approved_by": "aditi.govindraj@oracle.com",
            "approval_date": "2021-02-12T04:02:48Z",
            "submittedtoerp": null,
            "submitted_by": null,
            "submitted_date": null
        },
        {
            "proj_number": "200047-01",
            "task_code": "01.01.01",
            "resource_id": "Amort Building Leased",
            "assign_bud_id": "101",
            "budget_version_id": 61,
            "id": 61,
            "version": "AVT123102",
            "approved_by": "ashish.tripathi@oracle.com",
            "approval_date": "2021-02-14T11:04:35Z",
            "submittedtoerp": null,
            "submitted_by": null,
            "submitted_date": null
        },
        {
            "proj_number": "200047-01",
            "task_code": "01.01.02",
            "resource_id": "Amort Building Leased",
            "assign_bud_id": "102",
            "budget_version_id": 61,
            "id": 61,
            "version": "AVT123102",
            "approved_by": "ashish.tripathi@oracle.com",
            "approval_date": "2021-02-14T11:04:35Z",
            "submittedtoerp": null,
            "submitted_by": null,
            "submitted_date": null
        }
    ],
    "hasMore": false,
    "limit": 10000,
    "offset": 0,
    "count": 4,
    "links": [
        {
            "rel": "self",
            "href": "https://coq4hi5ehnacuc6-dotvicadwdev.adb.ap-sydney-1.oraclecloudapps.com/ords/btftapp_db/budget_versioning/approved_proj_budget"
        },
        {
            "rel": "describedby",
            "href": "https://coq4hi5ehnacuc6-dotvicadwdev.adb.ap-sydney-1.oraclecloudapps.com/ords/btftapp_db/metadata-catalog/budget_versioning/item"
        },
        {
            "rel": "first",
            "href": "https://coq4hi5ehnacuc6-dotvicadwdev.adb.ap-sydney-1.oraclecloudapps.com/ords/btftapp_db/budget_versioning/approved_proj_budget"
        }
    ]
}