{

  "title": "",
  "description": "",
  "variables": {
    "arrData": {
      "type": "object[]"
    },
    "bulkUploadErrorsADP": {
      "type": "vb/ArrayDataProvider2",
      "defaultValue": {
        "itemType": "getProjectBulkUploadErrors",
        "keyAttributes": "@in"
      }
    },
    "capInvalidFlag": {
      "type": "boolean",
      "defaultValue": false
    },
    "capOpTotals": {
      "type": "object[]"
    },
    "change_status": {
      "type": "string"
    },
    "customProjDetADP": {
      "type": "vb/ArrayDataProvider2",
      "defaultValue": {
        "itemType": "customProjDet",
        "keyAttributes": [
          "proj_number"
        ]
      }
    },
    "editFlag": {
      "type": "boolean",
      "defaultValue": false,
      "required": true,
      "input": "fromCaller"
    },
    "ERPProjectListADP": {
      "type": "vb/ArrayDataProvider2",
      "defaultValue": {
        "itemType": "projectListObj",
        "keyAttributes": [
          "proj_number"
        ]
      }
    },
    "errorMsg": {
      "type": "string",
      "defaultValue": "NOTE - The allocated amount is not equal to the total budget amount."
    },
    "exportSubProjetDataCSVAnyType": {
      "type": "any"
    },
    "financialResourcingADP": {
      "type": "vb/ArrayDataProvider2",
      "defaultValue": {
        "itemType": "financialResourceObj",
        "keyAttributes": [
          "expenditure_type_id"
        ]
      }
    },
    "getControllingTotal": {
      "type": "vb/ArrayDataProvider2",
      "defaultValue": {
        "itemType": "controllingTotalType",
        "keyAttributes": "id"
      }
    },
    "getTEITotal": {
      "type": "vb/ArrayDataProvider2",
      "defaultValue": {
        "itemType": "controllingTotalType",
        "keyAttributes": "id"
      }
    },
    "invalidAllocationFlag": {
      "type": "string",
      "defaultValue": "N"
    },
    "isError": {
      "type": "boolean",
      "defaultValue": false
    },
    "isWarning": {
      "type": "boolean",
      "defaultValue": false
    },
    "ojTabBar12732323631SelectedItem": {
      "type": "string",
      "defaultValue": "oj-tab-bar--1273232363-1-tab-1"
    },
    "opInvalidFlag": {
      "type": "boolean",
      "defaultValue": false
    },
    "originalProjDataGrid": {
      "type": "any"
    },
    "pageAccess": {
      "type": "boolean"
    },
    "projectBaseDetADP": {
      "type": "vb/ArrayDataProvider2",
      "defaultValue": {
        "itemType": "projectBaseDetObj",
        "keyAttributes": [
          "proj_number"
        ]
      }
    },
    "projectDetails": {
      "type": "any"
    },
    "projectDetDataGrid": {
      "type": "any"
    },
    "projectWBSADP": {
      "type": "vb/ArrayDataProvider2",
      "defaultValue": {
        "itemType": "projWBSobj",
        "keyAttributes": [
          "SlNo"
        ]
      }
    },
    "projVersioningADP": {
      "type": "vb/ArrayDataProvider2",
      "defaultValue": {
        "itemType": "projBudgetVersionObj",
        "keyAttributes": [
          "SlNo"
        ]
      }
    },
    "readonlyFlag": {
      "type": "boolean",
      "defaultValue": false,
      "required": true,
      "input": "fromCaller"
    },
    "rejectReasonText": {
      "type": "string"
    },
    "projectDetDataGrid_copy": {
      "type": "any"
    },
    "savePayload": {
      "type": "any"
    },
    "showUploadValErrMsg": {
      "type": "boolean",
      "defaultValue": false
    },
    "showUploadValSuccMsg": {
      "type": "boolean",
      "defaultValue": false
    },
    "status": {
      "type": "string"
    },
    "submittedComments": {
      "type": "string"
    },
    "subProjectNumber": {
      "type": "string"
    },
    "projectCommentsADP": {
      "type": "vb/ArrayDataProvider2",
      "defaultValue": {
        "itemType": "ProjectCommentType",
        "keyAttributes": "comment_id"
      }
    },
    "projectHistoryCPTEIADP": {
      "type": "vb/ArrayDataProvider2",
      "defaultValue": {
        "itemType": "ProjectHistoryType",
        "keyAttributes": "@index"
      }
    },
    "projectHistoryCPBudADP": {
      "defaultValue": {
        "itemType": "ProjectHistoryType",
        "keyAttributes": "@index"
      },
      "type": "vb/ArrayDataProvider2"
    },
    "projectHistorySPTEIADP": {
      "defaultValue": {
        "itemType": "ProjectHistoryType",
        "keyAttributes": "@index"
      },
      "type": "vb/ArrayDataProvider2"
    },
    "projectHistorySPBudADP": {
      "defaultValue": {
        "itemType": "ProjectHistoryType",
        "keyAttributes": "@index"
      },
      "type": "vb/ArrayDataProvider2"
    },
    "uploadSaveButton": {
      "type": "boolean",
      "defaultValue": true
    },
    "UploadVaErrMsg": {
      "type": "string"
    }

  },
  "types": {
    "@decorators.getProjectBulkUploadErrors": {
      "endpoint": "getProjectBulkUploadErrors",
      "service": "ordsBtftapp",
      "path": "response"
    },
    "controllingTotalType": {
      "group": "string",
      "id": "number",
      "series": "string",
      "value": "number"
    },
    "customProjDet": {
      "enddate": "string",
      "proj_number": "string",
      "SlNo": "string",
      "startdate": "string"
    },
    "financialResourceObj": {
      "created_by": "string",
      "expenditure_category_desc": "string",
      "expenditure_category_id": "string",
      "expenditure_category_name": "string",
      "expenditure_type_desc": "string",
      "expenditure_type_id": "string",
      "expenditure_type_name": "string",
      "resource_type_code": "string",
      "revenue_category_code": "string",
      "SlNo": "string",
      "unit_of_measures": "string"
    },
    "getProjectBulkUploadErrors": {
      
        
          "error_message": "string",
          "project_code": "string",
          "sub_project_name": "string",
          "sub_project_number": "string"
       
    },
    "projBudgetVersionObj": {
      "budget_amount": "string",
      "budget_version_id": "string",
      "proj_number": "string",
      "SlNo": "string",
      "year": "string"
    },
    "projectBaseDetObj": {
      "proj_amount": "string",
      "proj_number": "string",
      "SlNo": "string"
    },
    "projectListObj": {
      "enddate": "string",
      "endDateDisplay": "string",
      "proj_number": "string",
      "SlNo": "string",
      "startdate": "string",
      "startDateDisplay": "string"
    },
    "projWBSobj": {
      "assign_bud_id": "string",
      "proj_number": "string",
      "resource_id": "string",
      "SlNo": "string",
      "task_code": "string"
    },
    "testPorjDet": {
      "children": [
        {
          "id": "string",
          "name": "string"
        }
      ],
      "id": "string",
      "label": "string"
    },
    "ProjectCommentType": {
          "comment_date": "string",
          "comment_id": "number",
          "comments": "string",
      "first_name": "string",
      "status": "string",
          "user_name": "string"

    },
    "ProjectHistoryType": {
          "allocation_batch_number": "number",
          "amount": "number",
      "created_by": "string",
      "identifier": "number",
      "person_name": "string",
      "status_date": "string",
      "version_name": "string"

    }

  },
  "chains": {

  },
  "eventListeners": {
    "aClick": {
      "chains": [
        {
          "chainId": "AssignBudgetHyperlinkClickChain",
          "parameters": {
            "detail": "{{ $current.row }}"
          }
        }
      ]
    },
    "aClick2": {
      "chains": [
        {
          "chainId": "HyperlinkClickChain",
          "parameters": {
            "detail": "{{ $event.detail }}"
          }
        }
      ]
    },
    "backButtonOjAction": {
      "chains": [
        {
          "chainId": "ButtonActionChain",
          "parameters": {
            "detail": "{{ $event.detail }}"
          }
        }
      ]
    },
    "btnOptionOjAction": {
      "chains": [
        {
          "chainId": "ButtonActionChain2"
        }
      ]
    },
    "budgetFilePickerOjSelect": {
      "chains": [
        {
          "chainId": "FilePickerSelectChain",
          "parameters": {
            "files": "[[ Array.prototype.slice.call($event.detail.files) ]]"
          }
        }
      ]
    },
    "menuOptionOjAction": {
      "chains": [
        {
          "chainId": "MenuActionChain1",
          "parameters": {
            "menuId": "{{$event.target.value}}"
          }
        }
      ]
    },
    "ojButtonOjAction": {
      "chains": [
        {
          "chainId": "SaveButtonActionChain",
          "parameters": {
            "detail": "{{ $event.detail }}"
          }
        }
      ]
    },
    "ojButtonOjAction2": {
      "chains": [
        {
          "chainId": "ApproveButtonAction",
          "parameters": {
            "detail": "{{ $event.detail }}"
          }
        }
      ]
    },
    "ojButtonOjAction3": {
      "chains": [
        {
          "chainId": "RejectButtonAction",
          "parameters": {
            "detail": "{{ $event.detail }}"
          }
        }
      ]
    },
    "ojButtonOjAction4": {
      "chains": [
        {
          "chainId": "RejectPopupButtonAction",
          "parameters": {
            "detail": "{{ $event.detail }}"
          }
        }
      ]
    },
    "ojButtonOjAction5": {
      "chains": [
        {
          "chainId": "backToSearch",
          "parameters": {
            "detail": "{{ $event.detail }}"
          }
        }
      ]
    },
    "ojButtonOjAction6": {
      "chains": [
        {
          "chainId": "saveSuccessActionChain"
        }
      ]
    },
    "ojButtonOjAction7": {
      "chains": [
        {
          "chainId": "ImportDataBtnActionChain"
        }
      ]
    },
    "ojButtonOjAction8": {
      "chains": [
        {
          "chainId": "PopupCancelBtn"
        }
      ]
    },
    "ojButtonOjAction9": {
      "chains": [
        {
          "chainId": "uploadSaveAction"
        }
      ]
    },
    "ojMenuOjAction": {
      "chains": [
        {
          "chainId": "MenuActionChain",
          "parameters": {
            "detail": "{{ $event.detail }}"
          }
        }
      ]
    },
    "ojMenuOjAction2": {
      "chains": [
        {
          "chainId": "MenuActionChain",
          "parameters": {
            "menuId": "{{ $event.target.value }}"
          }
        }
      ]
    },
    "ojMenuOjBeforeOpen": {
      "chains": [
        {
          "chainId": "MenuBeforeOpenChain",
          "parameters": {
            "event": "{{ $event }}"
          }
        }
      ]
    },
    "projDetdatagridOjBeforeEditEnd": {
      "chains": [
        {
          "chainId": "DataGridBeforeEditEndChain",
          "parameters": {
            "detail": "{{ $event.detail }}"
          }
        }
      ]
    },
    "vbEnter": {
      "chains": [
        {
          "chainId": "onPageLoad",
          "parameters": {}
        }
      ]
    }

  },
  "imports": {
    "components": {
      "oj-chart": {
        "path": "ojs/ojchart"
      },
      "oj-chart-item": {
        "path": "ojs/ojchart"
      },
      "oj-ext-export-data": {
        "path": "oj-ext/export-data/loader"
      },
      "oj-file-picker": {
        "path": "ojs/ojfilepicker"
      },
      "oj-popup": {
        "path": "ojs/ojpopup"
      },
      "oj-switcher": {
        "path": "ojs/ojswitcher"
      },
      "oj-tab-bar": {
        "path": "ojs/ojnavigationlist"
      },
      "oj-table": {
        "path": "ojs/ojtable"
      },
      "oj-list-view": {
        "path": "ojs/ojlistview"
      },
      "oj-validation-group": {
        "path": "ojs/ojvalidationgroup"
      },
      "oj-vb-list-item": {
        "path": "vb/components/list-item/loader"
      },
      "oj-collapsible": {
        "path": "ojs/ojcollapsible"
      },
      "oj-menu": {
        "path": "ojs/ojmenu"
      },
      "oj-option": {
        "path": "ojs/ojoption"
      },
      "oj-input-text": {
        "path": "ojs/ojinputtext"
      },
      "oj-button": {
        "path": "ojs/ojbutton"
      },
      "oj-data-grid": {
        "path": "ojs/ojdatagrid"
      },
      "oj-label": {
        "path": "ojs/ojlabel"
      },
      "oj-form-layout": {
        "path": "ojs/ojformlayout"
      },
      "oj-toolbar": {
        "path": "ojs/ojtoolbar"
      },
      "oj-dialog": {
        "path": "ojs/ojdialog"
      },
      "oj-text-area": {
        "path": "ojs/ojinputtext"
      }

    }
  }
}