{
  "title": "",
  "description": "",
  "variables": {
    "authOptionArr": {
      "type": "object[]"
    },
    "codeDescObj": {
      "type": "object"
    },
    "costCodeOptionArr": {
      "type": "object[]"
    },
    "diffFlag": {
      "type": "any[]"
    },
    "distinctPeriodFy": {
      "type": "any[]"
    },
    "exportData": {
      "type": "any"
    },
    "initOptionArr": {
      "type": "object[]"
    },
    "pageAccess": {
      "type": "boolean"
    },
    "prjOptionAr": {
      "type": "object[]"
    },
    "reportDataArr": {
      "type": "any[]"
    },
    "selectedAuthCode": {
      "type": "string"
    },
    "selectedCostCentreCode": {
      "type": "string"
    },
    "selectedInitCode": {
      "type": "string"
    },
    "selectedProj": {
      "type": "string"
    },
    "selectedSubProj": {
      "type": "string"
    },
    "subPrjOptionArr": {
      "type": "object[]"
    }

  },
  "metadata": {},
  "types": {},
  "eventListeners": {
    "aClick": {
      "chains": [
        {
          "chainId": "HyperlinkClickChain",
          "parameters": {
            "subPrjNum": "{{ $current.data.subproj }}"
          }
        }
      ]
    },
    "imgClick": {
      "chains": [
        {
          "chainId": "ImageClickChain"
        }
      ]
    },
    "ojButtonOjAction": {
      "chains": [
        {
          "chainId": "ButtonActionChain"
        }
      ]
    },
    "vbEnter": {
      "chains": [
        {
          "chainId": "onPageLoad",
          "parameters": {}
        }
      ]
    }

  },
  "imports": {
    "components": {
      "oj-button": {
        "path": "ojs/ojbutton"
      },
      "oj-checkboxset": {
        "path": "ojs/ojcheckboxset"
      },
      "oj-collapsible": {
        "path": "ojs/ojcollapsible"
      },
      "oj-combobox-one": {
        "path": "ojs/ojselectcombobox"
      },
      "oj-ext-export-data": {
        "path": "oj-ext/export-data/loader"
      },
      "oj-form-layout": {
        "path": "ojs/ojformlayout"
      },
      "oj-highlight-text": {
        "path": "ojs/ojhighlighttext"
      },
      "oj-input-text": {
        "path": "ojs/ojinputtext"
      },
      "oj-label": {
        "path": "ojs/ojlabel"
      },
      "oj-option": {
        "path": "ojs/ojoption"
      },
      "oj-validation-group": {
        "path": "ojs/ojvalidationgroup"
      }

    }
  }
}
