{
  "title": "",
  "description": "",
  "variables": {
    "authorityCodeArray": {
      "type": "iniauthcostcodeArray[]"
    },
    "baseProjArray": {
      "type": "iniauthcostcodeArray[]"
    },
    "budgetStatusArray": {
      "type": "getBudgetStatus[]"
    },
    "budgetTypeArray": {
      "type": "getBudgetType[]"
    },
    "costcenterCodeArray": {
      "type": "iniauthcostcodeArray[]"
    },
    "ctrlProjBudAmtDetDataArr": {
      "type": "ctrProjBudAmoutDetType[]"
    },
    "disableParentRecFld": {
      "type": "boolean",
      "defaultValue": false
    },
    "disableVersionIdFld": {
      "type": "boolean",
      "defaultValue": true
    },
    "exportCSVProjViaStatus": {
      "type": "expProjViaStatusType[]"
    },
    "initiativeCodeArray": {
      "type": "iniauthcostcodeArray[]"
    },
    "pageAccess": {
      "type": "boolean"
    },
    "parentRecFld": {
      "type": "string"
    },
    "pastPeriodBasedArray": {
      "type": "getPastBasedPeriodCodes[]"
    },
    "searchResponseObj": {
      "type": "any",
      "persisted": "session"
    },
    "selAuthorityCode": {
      "type": "string"
    },
    "selBaseProjCode": {
      "type": "string"
    },
    "selBudgetType": {
      "type": "string"
    },
    "selBudgetYear": {
      "type": "string",
      "persisted": "none"
    },
    "selCostCenterCode": {
      "type": "string"
    },
    "selCurrVerFlag": {
      "type": "string",
      "defaultValue": "Y"
    },
    "selInitiativeCode": {
      "type": "string"
    },
    "selStatus": {
      "type": "string"
    },
    "selSubProjNum": {
      "type": "string"
    },
    "selTransType": {
      "type": "string"
    },
    "showBudgetInfoTableData": {
      "type": "showBudgetInfoInTableType[]",
      "persisted": "none"
    },
    "showBugdetInfoADP": {
      "type": "vb/ArrayDataProvider2",
      "defaultValue": {
        "itemType": "showBudgetInfoInTableType",
        "keyAttributes": "slno"
      }
    },
    "showPaginationBudgetDataProvider": {
      "type": "any",
      "persisted": "session"
    },
    "studentObj": {
      "type": "studType[]"
    },
    "transactionTypeArray": {
      "type": "getTransactionType[]"
    },
    "versionid": {
      "type": "string"
    }

  },
  "metadata": {},
  "types": {
    "ctrProjBudAmoutDetType": {
      "authority_code": "string",
      "cost_center": "string",
      "cost_center_name": "string",
      "proj_amount": "string",
      "proj_number": "string",
      "SlNo": "string",
      "year": "string"
    },
    "expProjViaStatusType": {
      "allocation_type": "string",
      "authority": "string",
      "baseprojectnumber": "string",
      "budgetperiod": "string",
      "budgetType": "string",
      "comments": "string",
      "costcenter": "string",
      "FY21": "string",
      "FY22": "string",
      "FY23": "string",
      "FY24": "string",
      "FY25": "string",
      "FY26": "string",
      "FY27": "string",
      "initiative": "string",
      "slno": "string",
      "status": "string",
      "subprojectnum": "string",
      "version": "string"

    },
    "getBudgetStatus": {
      "status": "string"
    },
    "getBudgetType": {
      "budget_type_id": "string",
      "budget_type_name": "string"
    },
    "getPastBasedPeriodCodes": {
      "period_code": "string",
      "period_name": "string"
    },
    "getTransactionType": {
      "description": "string",
      "type": "string"

    },
    "iniauthcostcodeArray": {
      "code": "string",
      "description": "string",
      "segment_name": "string"
    },
    "showBudgetInfoInTableType": {
      "authority": "string",
      "budgetPeriod": "string",
      "budgetType": "string",
      "cbSbWbsProjObjData": [
        {
          "allocation_type": "string",
          "authority_code": "string",
          "budgetType": "string",
          "comments": "string",
          "cost_center": "string",
          "FY21": "string",
          "FY22": "string",
          "FY23": "string",
          "FY24": "string",
          "FY25": "string",
          "FY26": "string",
          "FY27": "string",
          "initiative_code": "string",
          "project_number": "string",
          "slno": "string",
          "status": "string",
          "subProjNum": "string",
          "version": "string"

        }
      ],
      "comments": "string",
      "costCenter": "string",
      "initiative": "string",
      "projectNumber": "string",
      "slno": "string",
      "status": "string",
      "subProjNum": "string",
      "version": "string"

    },
    "studType": {
      "departmentid": "string",
      "name": "string"
    }

  },
  "chains": {

  },
  "eventListeners": {
    "aClick": {
      "chains": [
        {
          "chainId": "tdClickChain",
          "parameters": {
            "data": "{{ $current.data }}",
            "subProjectNum": "{{ $current.data.split(\"-\")[1] }}"
          }
        }
      ]
    },
    "checkBoxParentRecFlagEvnt": {
      "chains": [
        {
          "chainId": "CheckboxSetValueChangeChain1",
          "parameters": {
            "value": "{{ $event.detail.value }}"
          }
        }
      ]
    },
    "currentDataSubProjNumCurrentDataVersionClick": {
      "chains": [
        {
          "chainId": "tdClickChain",
          "parameters": {
            "data": "{{ $current.data }}"
          }
        }
      ]
    },
    "currverValueCheckBoxSelEvnt": {
      "chains": [
        {
          "chainId": "CheckboxSetValueChangeChain",
          "parameters": {
            "value": "{{ $event.detail.value }}"
          }
        }
      ]
    },
    "pagenumValueSelEvnt": {
      "chains": [
        {
          "chainId": "pagenumValueSelAC",
          "parameters": {}
        }
      ]
    },
    "ReturnToBackToMainReportEvnt": {
      "chains": [
        {
          "chainId": "ReturnBackToMainReportAC"
        }
      ]
    },
    "submitAndGetProjViaStatusEvnt": {
      "chains": [
        {
          "chainId": "submitAndGetProjViaStatusAC",
          "parameters": {}
        }
      ]
    },
    "vbEnter": {
      "chains": [
{
          "chainId": "LoadLovsForInitiativeCostAuthorityDropdowns",
          "parameters": {}
        }
      ]
    }

  },
  "imports": {
    "components": {
      "oj-button": {
        "path": "ojs/ojbutton"
      },
      "oj-checkboxset": {
        "path": "ojs/ojcheckboxset"
      },
      "oj-collapsible": {
        "path": "ojs/ojcollapsible"
      },
      "oj-combobox-one": {
        "path": "ojs/ojselectcombobox"
      },
      "oj-dialog": {
        "path": "ojs/ojdialog"
      },
      "oj-ext-export-data": {
        "path": "oj-ext/export-data/loader"
      },
      "oj-form-layout": {
        "path": "ojs/ojformlayout"
      },
      "oj-input-text": {
        "path": "ojs/ojinputtext"
      },
      "oj-label": {
        "path": "ojs/ojlabel"
      },
      "oj-option": {
        "path": "ojs/ojoption"
      },
      "oj-paging-control": {
        "path": "ojs/ojpagingcontrol"
      },
      "oj-select-one": {
        "path": "ojs/ojselectcombobox"
      },
      "oj-validation-group": {
        "path": "ojs/ojvalidationgroup"
      }

    }
  }
}
