{
  "title": "",
  "description": "",
  "variables": {
    "allPageActionsSDP": {
      "type": "vb/ServiceDataProvider",
      "defaultValue": {
        "endpoint": "ordsBtftapp/getRoleMappingGetPageActions",
        "responseType": "PageActionsType",
        "itemsPath": "items",
      
        "keyAttributes": "action",
        "transformsContext": {
          "vb-textFilterAttributes": [
            "action",
            "page_id"
          ]
        },
        "uriParameters": {
          "p_page_id": "{{ $variables.newMapping.page_id }}"
        }
      }
    },
    "allPageEditActionsSDP": {
      "defaultValue": {
        "endpoint": "ordsBtftapp/getRoleMappingGetPageActions",
        "responseType": "PageActionsType",
        "itemsPath": "items",
       
        "keyAttributes": "action",
        "transformsContext": {
          "vb-textFilterAttributes": [
            "action",
            "page_id"
          ]
        },
        "uriParameters": {
          "p_page_id": "{{ $variables.editMapping.page_id }}"
        }
      },
      "type": "vb/ServiceDataProvider"
    },
    "allPageNamesSDP": {
      "type": "vb/ServiceDataProvider",
      "defaultValue": {
        "endpoint": "ordsBtftapp/getRoleMappingGetPageNames2",
        "responseType": "PageNamesType",
        "itemsPath": "items",
        "transformsContext": {
          "vb-textFilterAttributes": [
            "page_name",
            "page_id"
          ]
        },
        "keyAttributes": "page_id"
      }
    },
    "allRoleNamesSDP": {
      "type": "vb/ServiceDataProvider",
      "defaultValue": {
        "endpoint": "ordsBtftapp/getRoleMappingGetRoleNames2",
        "responseType": "RoleNamesType",
        "itemsPath": "items",
        "keyAttributes": "role_name",
        "transformsContext": {
          "vb-textFilterAttributes": [
            "role_name"
          ]
        }
      }
    },
    "currentRoleMappingSDP": {
      "type": "vb/ServiceDataProvider",
      "defaultValue": {
        "endpoint": "ordsBtftapp/getBudgetingRole_mapping2",
        "responseType": "Role_mappingType",
        "itemsPath": "items",
        "filterCriterion": {
          "op": "$and",
          "criteria": [
            {
              "op": "$eq",
              "attribute": "role_name",
              "value": "{{ $variables.searchObject.role_name }}"
            },
            {
              "op": "$eq",
              "attribute": "page_id",
              "value": "{{ $variables.searchObject.page_id }}"
            }
          ]
        },
        "keyAttributes": "rule_id",
        "transformsContext": {
          "vb-textFilterAttributes": [
            "page_name",
            "role_name"
          ]
        }
      }
    },
    "deleteMapping": {
      "defaultValue": {
        "created_by": "[[ $application.user.username ]]",
        "delete_flag": "Y"
      },
      "type": "EditRoleMappingType"
    },
    "editMapping": {
      "type": "EditRoleMappingType",
      "defaultValue": {
        "created_by": "[[ $application.user.username ]]",
        "delete_flag": "N"
      }
    },
    "newMapping": {
      "type": "CreateRoleMappingType",
      "defaultValue": {
        "created_by": "[[ $application.user.username ]]",
        "delete_flag": "N",
        "rule_id": 0
      }
    },
    "pageID": {
      "type": "number"
    },
    "pageName": {
      "type": "string"
    },
    "ruleIdToDelete": {
      "type": "any"
    },
    "searchObject": {
      "type": "CreateRoleMappingType"
    }

  },
  "metadata": {},
  "types": {
    "@decorators.PageActionsType": {
      "endpoint": "getRoleMappingGetPageActions",
      "service": "ordsBtftapp",
      "path": "response"
    },
    "@decorators.PageNamesType": {
      "endpoint": "getRoleMappingGetPageNames2",
      "service": "ordsBtftapp",
      "path": "response"
    },
    "@decorators.Role_mappingType": {
      "endpoint": "getBudgetingRole_mapping2",
      "service": "ordsBtftapp",
      "path": "response"
    },
    "@decorators.RoleNamesType": {
      "endpoint": "getRoleMappingGetRoleNames2",
      "service": "ordsBtftapp",
      "path": "response"
    },
    "CreateRoleMappingType": {
      "action_included": "string",
      "created_by": "string",
      "delete_flag": "string",
      "opa_approver_level": "number",
      "page_id": "number",
      "role_name": "string",
      "rule_id": "number"

    },
    "EditRoleMappingType": {
      "created_by": "string",
      "delete_flag": "string",
      "opa_approver_level": "number",
      "page_id": "number",
      "rule_id" : "number",
      "action_included": "string",
      "role_name": "string"

    },

    "PageActionsType": {
      "items": [
        {
          "action": "string",
          "page_id": "number"
        }
      ]
    },
    "PageNamesType": {
      "items": [
        {
          "page_id": "number",
          "page_name": "string"
        }
      ]
    },
    "Role_mappingType": {
      "items": [
        {
          "action_included": "string",
          "opa_approver_level": "number",
          "page_id": "number",
          "page_name": "string",
          "role_name": "string",
          "rule_id": "number"

        }
      ]
    },
    "RoleNamesType": {
      "items": [
        {
          "role_name": "string"
        }
      ]
    }

  },
  "eventListeners": {
    "actionsEditValueItem": {
      "chains": [
        {
          "chain": "SelectValueItemChangeChain2",
          "parameters": {
            "key": "{{$event.detail.value.key}}",
            "data": "{{$event.detail.value.data}}",
            "metadata": "{{$event.detail.value.metadata}}"
          }
        }
      ]
    },
    "buttonAction": {
      "chains": [
        {
          "chain": "ButtonActionChain"
        }
      ]
    },
    "buttonAction2": {
      "chains": [
        {
          "chain": "ButtonActionChain1"
        }
      ]
    },
    "buttonAction3": {
      "chains": [
        {
          "chain": "ButtonActionChain2"
        }
      ]
    },
    "buttonAction4": {
      "chains": [
        {
          "chain": "addRoleMappingAction"
        }
      ]
    },
    "buttonAction5": {
      "chains": [
        {
          "chain": "saveActionChain"
        }
      ]
    },
    "buttonAction6": {
      "chains": [
        {
          "chain": "DeleteActionChain"
        }
      ]
    },
    "buttonAction7": {
      "chains": [
        {
          "chain": "ButtonActionChain3"
        }
      ]
    },
    "iconClick": {
      "chains": [
        {
          "chain": "IconClickChain",
          "parameters": {
            "key": "{{ $current.key }}",
            "index": "{{ $current.index }}",
            "current": "{{ $current }}"
          }
        }
      ]
    },
    "iconClick2": {
      "chains": [
        {
          "chain": "IconClickChain1",
          "parameters": {
            "key": "{{ $current.key }}",
            "index": "{{ $current.index }}",
            "current": "{{ $current }}"
          }
        }
      ]
    },
    "selectValueItem": {
      "chains": [
        {
          "chain": "SelectValueItemChangeChain",
          "parameters": {
            "key": "{{$event.detail.value.key}}",
            "data": "{{$event.detail.value.data}}",
            "metadata": "{{$event.detail.value.metadata}}"
          }
        }
      ]
    },
    "selectValueItem2": {
      "chains": [
        {
          "chain": "SelectValueItemChangeChain1",
          "parameters": {
            "key": "{{$event.detail.value.key}}",
            "data": "{{$event.detail.value.data}}",
            "metadata": "{{$event.detail.value.metadata}}"
          }
        }
      ]
    },
    "tableFirstSelectedRow": {
      "chains": [
        {
          "chain": "TableFirstSelectedRowChangeChain",
          "parameters": {
            "rowKey": "{{$event.detail.value.key}}",
            "rowData": "{{$event.detail.value.data}}"
          }
        }
      ]
    }

  },
  "imports": {
    "components": {
      "oj-button": {
        "path": "ojs/ojbutton"
      },
      "oj-collapsible": {
        "path": "ojs/ojcollapsible"
      },
      "oj-dialog": {
        "path": "ojs/ojdialog"
      },
      "oj-form-layout": {
        "path": "ojs/ojformlayout"
      },
      "oj-input-text": {
        "path": "ojs/ojinputtext"
      },
      "oj-select-single": {
        "path": "ojs/ojselectsingle"
      },
      "oj-table": {
        "path": "ojs/ojtable"
      },
      "oj-toolbar": {
        "path": "ojs/ojtoolbar"
      },
      "oj-validation-group": {
        "path": "ojs/ojvalidationgroup"
      }

    }
  }
}
