{

  "title": "",
  "description": "",
  "variables": {
    "allocationTypes": {
      "type": "object[]"
    },
    "authCodeArray": {
      "type": "any[]"
    },
    "budget_type_id": {
      "type": "number",
      "defaultValue": -1,
      "input": "fromCaller"

    },
    "configs": {
      "type": "object"
    },
    "costCenterArray": {
      "type": "object[]"
    },
    "dataArray": {
      "type": "any[]"
    },
    "dataTypeVal": {
      "type": "string"
    },
    "distinctPeriods": {
      "type": "any[]"
    },
    "emptyDataGrid": {
      "type": "any",
      "defaultValue": "''"
    },
    "EPMbaseprojdatagrid": {
      "type": "any"
    },
    "EPMbaseprojdatagridOriginal": {
      "type": "any"
    },
    "EPMbaseProjDetADP": {
      "type": "vb/ArrayDataProvider2",
      "defaultValue": {
        "itemType": "EPMprojBaseDetObj",
        "keyAttributes": [
          "ID"
        ]
      }
    },
    "exportData": {
      "type": "any"
    },
    "fyArray": {
      "type": "any[]"
    },
    "getbaseProjDet": {
      "type": "vb/ArrayDataProvider2",
      "defaultValue": {
        "itemType": "getBaseProjDetails",
        "keyAttributes": "SlNo"
      }
    },
    "initCodeArr": {
      "type": "object[]"
    },
    "isHeaderLabel": {
      "type": "boolean"
    },
    "mainData": {
      "type": "object[]"
    },
    "pageAccess": {
      "type": "boolean"
    },
    "pagingDataProvider": {
      "type": "any"
    },
    "projectArray": {
      "type": "object[]"
    },
    "projectBaseDetADP": {
      "type": "vb/ArrayDataProvider2",
      "defaultValue": {
        "itemType": "projectBaseDetObj",
        "keyAttributes": [
          "proj_number"
        ]
      }
    },
    "responseData": {
      "type": "any[]"
    },
    "search_category": {
      "type": "string",
      "defaultValue": "-1",
      "input": "fromCaller"

    },
    "searchProjNum": {
      "type": "any",
      "input": "fromCaller",
      "defaultValue": "-1"
    },
    "selectedAuthCode": {
      "type": "string",
      "defaultValue": "Show - All"
    },
    "selectedCostCenterCode": {
      "type": "string",
      "defaultValue": "Show - All"
    },
    "selectedInitCode": {
      "type": "string",
      "defaultValue": "Show - All"
    },
    "selectedPrjCode": {
      "type": "string",
      "defaultValue": "Show - All"
    },
    "selectedStatus": {
      "type": "string"
    },
    "selectedSubPrjCode": {
      "type": "string"
    },
    "status": {
      "type": "string",
      "defaultValue": "ALL",
      "input": "fromCaller"

    },
    "statusArray": {
      "type": "object[]"
    },
    "subProjectArray": {
      "type": "object[]"
    },
    "summaryCounts": {
      "type": "SummaryCountsType",
      "defaultValue": {
        "cb_number": 0,
        "sp_number": 0,
        "wbs_number": 0,
        "new_action_number": 0,
        "wbs_fb_number": 0,
        "wbs_con_num": 0
      }
    },
    "tempVal": {
      "type": "any"
    },
    "transaction_type": {
      "type": "string",
      "defaultValue": "ALL",
      "input": "fromCaller"
    }

    },
  "metadata": {},
  "types": {
    "@decorators.getBaseProjDetails": {
      "endpoint": "getBaseProjDetails",
      "service": "ordsBtftapp",
      "path": "response"
    },
    "EPMprojBaseDetObj": {
      "authority_code": "string",
      "authority_name": "string",
      "base_project_code": "string",
      "budget_amount": "string",
      "ID": "string",
      "project_name": "string",
      "year": "string"
    },
    "getBaseProjDetails": {
          "authority_code": "string",
      "budget_type_id": "string",
      "budget_type_name": "string",
      "cost_center": "string",
          "cost_center_name": "string",
      "init_code": "string",
      "proj_amount": "number",
          "proj_number": "string",
      "SlNo": "string",
          "year": "string"

    },
    "projectBaseDetObj": {
      "authority_code": "string",
      "cost_center": "string",
      "cost_center_name": "string",
      "proj_amount": "string",
      "proj_number": "string",
      "SlNo": "string"
    },
    "SummaryCountsType": {
      "cb_number": "number",
      "new_action_number": "number",
      "sp_number": "number",
      "wbs_con_num": "number",
      "wbs_fb_number": "number",
      "wbs_number": "number"

    }
    },
  "chains": {

  },
  "eventListeners": {
    "aClick": {
      "chains": [
        {
          "chainId": "HyperlinkClickChain",
          "parameters": {
            "detail": "{{ $event.detail }}",
            "key": "{{ $current.key }}",
            "index": "{{ $current.index }}",
            "current": "{{ $current }}"
          }
        }
      ]
    },
    "aClick2": {
      "chains": [
        {
          "chainId": "HyperlinkClickChain1",
          "parameters": {
            "detail": "{{ $event.detail }}"
          }
        }
      ]
    },
    "authCurrentDataKeyCurrentDataInitNameSplitCurrentDataAuthNameSplitcurrentDataProjCodeMouseenter": {
      "chains": [
        {
          "chainId": "ParagraphMouseenterChain1",
          "parameters": {
            "id": "{{ \"auth\"+ $current.data.key + $current.data.init_name.split(\"-\")[0] +$current.data.auth_name.split(\"-\")[0]+$current.data.projCode }}"
          }
        }
      ]
    },
    "authValue": {
      "chains": [
        {
          "chainId": "onAuthorityCodeChanged",
          "parameters": {
            "value": "{{ $event.detail.value }}"
          }
        }
      ]
    },
    "costCodeCurrentDataKeyCurrentDataInitNameSplitCurrentDataAuthNameSplitcurrentDataProjCodeMouseenter": {
      "chains": [
        {
          "chainId": "ParagraphMouseenterChain1",
          "parameters": {
            "id": "{{ \"costCode\"+ $current.data.key + $current.data.init_name.split(\"-\")[0] +$current.data.auth_name.split(\"-\")[0]+$current.data.projCode }}"
          }
        }
      ]
    },
    "costCodeValue": {
      "chains": [
        {
          "chainId": "onCostCenterCodeChanged",
          "parameters": {
            "value": "{{ $event.detail.value }}"
          }
        }
      ]
    },
    "currentDataKeyCurrentDataAuthNameSplitMouseenter": {
      "chains": [
        {
          "chainId": "ParagraphMouseenterChain1",
          "parameters": {
            "id": "{{ \"auth\"+ $current.data.key + $current.data.init_name.split(\"-\")[0] +$current.data.auth_name.split(\"-\")[0]+$current.data.projCode }}"
          }
        }
      ]
    },
    "divClick": {
      "chains": [
        {
          "chainId": "FlexRowClickChain"
        }
      ]
    },
    "divClick2": {
      "chains": [
        {
          "chainId": "ItemClickChain"
        }
      ]
    },
    "divClick3": {
      "chains": [
        {
          "chainId": "ItemClickChain"
        }
      ]
    },
    "divMouseenter": {
      "chains": [
        {
          "chainId": "onHeaderHover"
        }
      ]
    },
    "imgClick": {
      "chains": [
        {
          "chainId": "ImageClickChain"
        }
      ]
    },
    "initCurrentDataKeyCurrentDataInitNameSplitCurrentDataAuthNameSplitcurrentDataProjCodeMouseleave": {
      "chains": [
        {
          "chainId": "OnheaderMouseLeave"
        }
      ]
    },
    "initiativeValue": {
      "chains": [
        {
          "chainId": "onInitCodeChanged",
          "parameters": {
            "value": "{{ $event.detail.value }}"
          }
        }
      ]
    },
    "ojButtonOjAction": {
      "chains": [
        {
          "chainId": "ProjNumSrchButton",
          "parameters": {
            "detail": "{{ $event.detail }}"
          }
        }
      ]
    },
    "ojButtonOjAction2": {
      "chains": [
        {
          "chainId": "ButtonActionChain",
          "parameters": {
            "detail": "{{ $event.detail }}"
          }
        }
      ]
    },
    "ojButtonOjAction3": {
      "chains": [
        {
          "chainId": "AllocationButtonActionChain",
          "parameters": {
            "event": "{{ $event.detail }}"
          }
        }
      ]
    },
    "ojButtonOjAction4": {
      "chains": [
        {
          "chainId": "ButtonActionChain1"
        }
      ]
    },
    "ojMenuOjAction": {
      "chains": [
        {
          "chainId": "MenuActionChain",
          "parameters": {
            "menuId": "{{$event.target.value}}",
            "projectNum": "{{ $current.data.base_project_code }}",
            "authCode": "{{ $current.data.authority_code }}",
            "costCode": "{{ $current.data.cost_center }}",
            "initCode": "{{ $current.data.initiative_code }}",
            "authName": "{{ $current.data.authority_name }}",
            "costCenterName": "{{ $current.data.cost_center_name }}",
            "initName": "{{ $current.data.initiative_name }}",
            "projName": "{{ $current.data.project_name }}",
            "authority_budget_amount": "0",
            "subProjectNum": "{{ $variables.tempVal.sub_project }}"
          }
        }
      ]
    },
    "ojMenuOjAction2": {
      "chains": [
        {
          "chainId": "MenuActionList",
          "parameters": {
            "menuId": "{{$event.target.value}}"
          }
        }
      ]
    },
    "ojMenuOjBeforeOpen": {
      "chains": [
        {
          "chainId": "MenuBeforeOpenChain",
          "parameters": {
            "detail": "{{ $event.detail }}"
          }
        }
      ]
    },
    "ojMenuOjBeforeOpen2": {
      "chains": [
        {
          "chainId": "MenuBeforeOpenChain1",
          "parameters": {
            "event": "{{ $event }}"
          }
        }
      ]
    },
    "ojPagingControlClick": {
      "chains": [
        {
          "chainId": "PagingControlClickChain",
          "parameters": {
            "event": "{{ $event }}",
            "event1": "{{ $event.srcElement }}"
          }
        }
      ]
    },
    "ojPagingControlClick2": {
      "chains": [
        {
          "chainId": "PagingControlClickChain",
          "parameters": {
            "event1": "{{ $event }}",
            "event": "{{ $event.srcElement.innerText }}"
          }
        }
      ]
    },
    "ojPagingControlData": {
      "chains": [
        {
          "chainId": "PagingControlPageSizeChangeChain"
        }
      ]
    },
    "ojPagingControlPageSize": {
      "chains": [
        {
          "chainId": "PagingControlPageSizeChangeChain",
          "parameters": {
            "pageSize": "{{ $event.detail.value }}"
          }
        }
      ]
    },
    "pMouseenter": {
      "chains": [
        {
          "chainId": "onHeaderHover",
          "parameters": {
            "data": "{{ \"init\"+ $current.data.key + $current.data.init_name.split(\"-\")[0] +$current.data.auth_name.split(\"-\")[0]+$current.data.projCode }}"
          }
        }
      ]
    },
    "projectCurrentDataKeyCurrentDataInitNameSplitCurrentDataAuthNameSplitcurrentDataProjCodeMouseenter": {
      "chains": [
        {
          "chainId": "OnProjectHeaderHover",
          "parameters": {
            "id": "{{ \"project\"+ $current.data.key + $current.data.init_name.split(\"-\")[0] +$current.data.auth_name.split(\"-\")[0]+$current.data.projCode }}"
          }
        }
      ]
    },
    "projectNumberIDBlur": {
      "chains": [
        {
          "chainId": "InputTextBlurChain",
          "parameters": {
            "detail": "{{ $event.detail }}"
          }
        }
      ]
    },
    "projectValue": {
      "chains": [
        {
          "chainId": "onProjectChanged",
          "parameters": {
            "value": "{{ $event.detail.value }}"
          }
        }
      ]
    },
    "spanClick": {
      "chains": [
        {
          "chainId": "spanClickChain",
          "parameters": {
            "event": "{{ $event.detail }}",
            "subprojnum": "{{ $current.data }}",
            "id": "{{ $current.data.id }}"
          }
        }
      ]
    },
    "vbEnter": {
      "chains": [
        {
          "chainId": "loadBaseProjDetails",
          "parameters": {}
        }
      ]
    }

  },
  "imports": {
    "components": {
      "oj-collapsible": {
        "path": "ojs/ojcollapsible"
      },
      "oj-combobox-one": {
        "path": "ojs/ojselectcombobox"
      },
      "oj-ext-export-data": {
        "path": "oj-ext/export-data/loader"
      },
      "oj-input-search": {
        "path": "ojs/ojinputsearch"
      },
      "oj-legend": {
        "path": "ojs/ojlegend"
      },
      "oj-legend-item": {
        "path": "ojs/ojlegend"
      },
      "oj-list-view": {
        "path": "ojs/ojlistview"
      },
      "oj-paging-control": {
        "path": "ojs/ojpagingcontrol"
      },
      "oj-popup": {
        "path": "ojs/ojpopup"
      },
      "oj-text-area": {
        "path": "ojs/ojinputtext"
      },
      "oj-vb-list-item": {
        "path": "vb/components/list-item/loader"
      },
      "oj-table": {
        "path": "ojs/ojtable"
      },
      "oj-data-grid": {
        "path": "ojs/ojdatagrid"
      },
      "oj-menu": {
        "path": "ojs/ojmenu"
      },
      "oj-option": {
        "path": "ojs/ojoption"
      },
      "oj-form-layout": {
        "path": "ojs/ojformlayout"
      },
      "oj-label": {
        "path": "ojs/ojlabel"
      },
      "oj-input-text": {
        "path": "ojs/ojinputtext"
      },
      "oj-button": {
        "path": "ojs/ojbutton"
      },
      "oj-menu-button": {
        "path": "ojs/ojbutton"
      },
      "oj-toolbar": {
        "path": "ojs/ojtoolbar"
      }

    }
  }
}