{

  "title": "",
  "description": "",
  "variables": {
    "approvedBudgetDetADP": {
      "type": "vb/ArrayDataProvider2",
      "defaultValue": {
        "itemType": "approvedBudgetDetObj",
        "keyAttributes": [
          "version"
        ]
      }
    }
  },
  "metadata": {},
  "types": {
    "approvedBudgetDetObj": {
      "budget_id": "string",
      "SlNo": "string",
      "approval_date": "string",
      "approved_by": "string",
      "proj_number": "string",
      "resource_id": "string",
      "submitted_by": "any",
      "submitted_date": "any",
      "submittedtoerp": "any",
      "task_code": "string",
      "version": "string"
    }
  },
  "chains": {
  },
  "eventListeners": {
    "ojButtonOjAction": {
      "chains": [
        {
          "chainId": "ButtonActionChain",
          "parameters": {
            "detail": "{{ $event.detail }}"
          }
        }
      ]
    },
    "ojButtonOjAction2": {
      "chains": [
        {
          "chainId": "ButtonActionChain1",
          "parameters": {
            "detail": "{{ $event.detail }}",
            "key": "{{ $current.key }}",
            "index": "{{ $current.index }}",
            "current": "{{ $current }}"
          }
        }
      ]
    },
    "vbEnter": {
      "chains": [
        {
          "chainId": "loadApprovedBudgetDetails",
          "parameters": {}
        }
      ]
    }
  },
  "imports": {
    "components": {
      "oj-table": {
        "path": "ojs/ojtable"
      },
      "oj-button": {
        "path": "ojs/ojbutton"
      },
      "oj-form-layout": {
        "path": "ojs/ojformlayout"
      },
      "oj-toolbar": {
        "path": "ojs/ojtoolbar"
      }
    }
  }
}