{

  "title": "",
  "description": "",
  "variables": {
    "budgetVersionID": {
      "type": "string"
    },
    "proj_number": {
      "type": "string"
    },
    "rejectReasonText": {
      "type": "string"
    },
    "submittedProjADP": {
      "type": "vb/ArrayDataProvider2",
      "defaultValue": {
        "itemType": "submiitedProjDetObj",
        "keyAttributes": "version"
      }
    },
    "version": {
      "type": "string"
    }
  },
  "metadata": {},
  "types": {
    "submiitedProjDetObj": {
      "action_by": "string",
      "action_date": "string",
      "budget_version_id": "string",
      "proj_number": "string",
      "resource_id": "string",
      "task_code": "string",
      "version": "string"
    }
  },
  "chains": {
  },
  "eventListeners": {
    "ojButtonOjAction": {
      "chains": [
        {
          "chainId": "ApproveButtonAction",
          "parameters": {
            "detail": "{{ $event.detail }}"
          }
        }
      ]
    },
    "ojButtonOjAction2": {
      "chains": [
        {
          "chainId": "WithdrawButtonAction",
          "parameters": {
            "detail": "{{ $event.detail }}"
          }
        }
      ]
    },
    "ojButtonOjAction3": {
      "chains": [
        {
          "chainId": "BackButtonActionChain",
          "parameters": {
            "detail": "{{ $event.detail }}"
          }
        }
      ]
    },
    "ojButtonOjAction4": {
      "chains": [
        {
          "chainId": "RejectButtonAction",
          "parameters": {
            "detail": "{{ $event.detail }}"
          }
        }
      ]
    },
    "ojButtonOjAction5": {
      "chains": [
        {
          "chainId": "RejectButtonClickEvent",
          "parameters": {
            "detail": "{{ $event.detail }}"
          }
        }
      ]
    },
    "submiitedProjTableIDFirstSelectedRow": {
      "chains": [
        {
          "chainId": "TableFirstSelectedRowChangeChain",
          "parameters": {
            "rowKey": "{{$event.detail.value.key}}",
            "rowData": "{{$event.detail.value.data}}"
          }
        }
      ]
    },
    "vbEnter": {
      "chains": [
        {
          "chainId": "loadSubmittedProjDet",
          "parameters": {}
        }
      ]
    }
  },
  "imports": {
    "components": {
      "oj-dialog": {
        "path": "ojs/ojdialog"
      },
      "oj-form-layout": {
        "path": "ojs/ojformlayout"
      },
      "oj-text-area": {
        "path": "ojs/ojinputtext"
      },
      "oj-toolbar": {
        "path": "ojs/ojtoolbar"
      },
      "oj-button": {
        "path": "ojs/ojbutton"
      },
      "oj-table": {
        "path": "ojs/ojtable"
      }
    }
  }
}