{
  "title": "",
  "description": "",
  "variables": {
    "batch_id": {
      "type": "number",
      "input": "none"
    },
    "pageAccess": {
      "type": "boolean"
    },
    "save_flag": {
      "type": "boolean",
      "defaultValue": false
    },
    "UploadedDataADP": {
      "type": "vb/ArrayDataProvider2",
      "defaultValue": {
        "itemType": "BulkUploadDataType",
        "keyAttributes": "ref_id"
      }
    }

  },
  "metadata": {},
  "types": {
    "@decorators.BulkUploadDataType": {
      "endpoint": "getBulkUploadBulkUploadData",
      "service": "ordsBtftapp",
      "path": "response"
    },
    "BulkUploadDataType": {
      "apr_budg": "any",
      "aug_budg": "any",
      "batch_id": "number",
      "budget_period": "string",
      "budget_type_name": "string",
      "dec_budg": "string",
      "error_message": "any",
      "expenditure_name": "string",
      "feb_budg": "any",
      "jan_budg": "string",
      "jul_budg": "any",
      "jun_budg": "any",
      "mar_budg": "string",
      "may_budg": "any",
      "nov_budg": "any",
      "oct_budg": "any",
      "process_status": "string",
      "ref_id": "number",
      "sep_budg": "any",
      "sub_project_number": "string",
      "task_code": "string"
    }
  },
  "eventListeners": {
    "budgetFilePickerOjSelect": {
      "chains": [
        {
          "chainId": "FilePickerSelectChain",
          "parameters": {
            "files": "[[ Array.prototype.slice.call($event.detail.files) ]]"
          }
        }
      ]
    },
    "ojButtonOjAction": {
      "chains": [
        {
          "chainId": "OpenFilePickerActionChain"
        }
      ]
    },
    "ojButtonOjAction2": {
      "chains": [
        {
          "chainId": "BtnCancelActionChain"
        }
      ]
    },
    "ojButtonOjAction3": {
      "chains": [
        {
          "chainId": "BtnSaveActionChain"
        }
      ]
    },
    "ojButtonOjAction4": {
      "chains": [
        {
          "chainId": "BtnBackActionChain"
        }
      ]
    },
    "vbEnter": {
      "chains": [
        {
          "chainId": "OnPageLoadActionChain",
          "parameters": {}
        }
      ]
    }

  },
  "imports": {
    "components": {
      "oj-button": {
        "path": "ojs/ojbutton"
      },
      "oj-dialog": {
        "path": "ojs/ojdialog"
      },
      "oj-file-picker": {
        "path": "ojs/ojfilepicker"
      },
      "oj-input-text": {
        "path": "ojs/ojinputtext"
      },
      "oj-label": {
        "path": "ojs/ojlabel"
      },
      "oj-menu": {
        "path": "ojs/ojmenu"
      },
      "oj-option": {
        "path": "ojs/ojoption"
      },
      "oj-popup": {
        "path": "ojs/ojpopup"
      },
      "oj-switcher": {
        "path": "ojs/ojswitcher"
      },
      "oj-tab-bar": {
        "path": "ojs/ojnavigationlist"
      },
      "oj-table": {
        "path": "ojs/ojtable"
      },
      "oj-toolbar": {
        "path": "ojs/ojtoolbar"
      }

    }
  }
}
