{
  "title": "",
  "description": "",
  "variables": {
    "authorityCodeArr": {
      "type": "object[]"
    },
    "budgetTypeObj": {
      "type": "object"
    },
    "budgetTypes": {
      "type": "getProjectSearchGetBudgetTypes[]"
    },
    "codeDescObj": {
      "type": "object"
    },
    "costCentreArr": {
      "type": "object[]"
    },
    "data": {
      "type": "getProjectSearchCompare_reports[]"
    },
    "diffDatareport": {
      "type": "any[]"
    },
    "diffReportData": {
      "type": "any[]"
    },
    "displayType": {
      "type": "string",
      "defaultValue": "\"1\""
    },
    "exportData": {
      "type": "any"
    },
    "getPastBasedPeriodCodes": {
      "type": "getCommonGetPastBasePeriodCodes[]"
    },
    "initCodeArr": {
      "type": "object[]"
    },
    "mainReportData": {
      "type": "any[]"
    },
    "pageAccess": {
      "type": "boolean"
    },
    "pagingDataProvider": {
      "type": "any"
    },
    "projArr": {
      "type": "any[]"
    },
    "reportData": {
      "type": "vb/ArrayDataProvider2"
    },
    "reportDataArr": {
      "type": "any[]"
    },
    "reportHeader": {
      "type": "any[]"
    },
    "selBudgetType": {
      "type": "any"
    },
    "selBudgetTypeByDefault": {
      "type": "string"
    },
    "selBudgetYear": {
      "type": "string"
    },
    "selectedAuthCode": {
      "type": "string"
    },
    "selectedCostCentreCode": {
      "type": "string"
    },
    "selectedInitCode": {
      "type": "string"
    },
    "selectedProj": {
      "type": "string"
    },
    "selectedType": {
      "type": "string"
    },
    "taskArray": {
      "type": "object[]"
    },
    "totalMonths": {
      "type": "string[]"
    }

  },
  "metadata": {},
  "types": {
    "@decorators.getCommonGetPastBasePeriodCodes": {
      "endpoint": "getCommonGetPastBasePeriodCodes",
      "service": "ordsBtftapp",
      "path": "response-_-items[0]"
    },
    "@decorators.getProjectSearchCompare_reports": {
      "endpoint": "getProjectSearchCompare_reports",
      "service": "ordsBtftapp",
      "path": "response-_-items[0]"
    },
    "@decorators.getProjectSearchGetBudgetTypes": {
      "endpoint": "getProjectSearchGetBudgetTypes",
      "service": "ordsBtftapp",
      "path": "response-_-items[0]"
    },
    "getCommonGetPastBasePeriodCodes": {
      "period_code": "number",
      "period_name": "string"
    },
    "getProjectSearchCompare_reports": {
      "allocation_id": "number",
      "period_code": "number",
      "period_fy": "string",
      "period_name": "string",
      "project_allocation_amount": "number",
      "project_budget_amount": "number",
      "segment_code10": "string",
      "segment_code11": "string",
      "segment_code12": "string",
      "segment_code3": "string",
      "segment_code4": "string",
      "segment_code5": "string",
      "segment_code6": "string",
      "status": "string"
    },
    "getProjectSearchGetBudgetTypes": {
      "budget_type_id": "number",
      "budget_type_name": "string"
    }

  },
  "chains": {

  },
  "eventListeners": {
    "budgettypeValue": {
      "chains": [
        {
          "chainId": "ComboboxOneValueChangeChain",
          "parameters": {
            "value": "{{ $event.detail.value }}"
          }
        }
      ]
    },
    "budgettypeValue2": {
      "chains": [
        {
          "chainId": "ComboboxOneValueChangeChain1",
          "parameters": {
            "value": "{{ $event.detail.value }}"
          }
        }
      ]
    },
    "budgettypeValue3": {
      "chains": [
        {
          "chainId": "ComboboxOneValueChangeChain2",
          "parameters": {
            "value": "{{ $event.detail.value }}"
          }
        }
      ]
    },
    "imgClick": {
      "chains": [
        {
          "chainId": "ImageClickChain"
        }
      ]
    },
    "level3DataAllocationIdlevel3DataColorMouseleave": {
      "chains": [
        {
          "chainId": "tdMouseleaveChain"
        }
      ]
    },
    "level3DataIdClick": {
      "chains": [
        {
          "chainId": "onMouseHover"
        }
      ]
    },
    "level5DataAllocationIdlevel5DataColorClick": {
      "chains": [
        {
          "chainId": "tdClickChain"
        }
      ]
    },
    "ojButtonOjAction": {
      "chains": [
        {
          "chainId": "ButtonActionChain"
        }
      ]
    },
    "ojButtonOjAction2": {
      "chains": [
        {
          "chainId": "ButtonActionChain1"
        }
      ]
    },
    "ojCollapsibleExpanded": {
      "chains": [
        {
          "chainId": "CollapsibleExpandedChangeChain",
          "parameters": {
            "expanded": "{{ $event.detail.value }}",
            "dataObj": "{{ JSON.stringify($current.data.value) }}",
            "id": "{{ $current.data.id }}"
          }
        }
      ]
    },
    "tdMouseover": {
      "chains": [
        {
          "chainId": "onMouseHover",
          "parameters": {
            "id": "{{ $current.data.allocation_id }}",
            "id1": "{{ $current.data.period_name }}"
          }
        }
      ]
    },
    "vbEnter": {
      "chains": [
        {
          "chainId": "onLoad",
          "parameters": {}
        }
      ]
    }

  },
  "imports": {
    "components": {
      "oj-button": {
        "path": "ojs/ojbutton"
      },
      "oj-collapsible": {
        "path": "ojs/ojcollapsible"
      },
      "oj-combobox-one": {
        "path": "ojs/ojselectcombobox"
      },
      "oj-data-grid": {
        "path": "ojs/ojdatagrid"
      },
      "oj-ext-export-data": {
        "path": "oj-ext/export-data/loader"
      },
      "oj-form-layout": {
        "path": "ojs/ojformlayout"
      },
      "oj-label": {
        "path": "ojs/ojlabel"
      },
      "oj-option": {
        "path": "ojs/ojoption"
      },
      "oj-paging-control": {
        "path": "ojs/ojpagingcontrol"
      },
      "oj-popup": {
        "path": "ojs/ojpopup"
      },
      "oj-table": {
        "path": "ojs/ojtable"
      },
      "oj-validation-group": {
        "path": "ojs/ojvalidationgroup"
      }

    }
  }
}
