{
  "title": "",
  "description": "",
  "variables": {

    "allocation_batch_number": {
      "type": "number"
    },
    "approveFlag": {
      "type": "string",
      "defaultValue": "N"
    },
    "approverCount": {
      "type": "number"
    },
    "approverListByProjectSDP": {
      "type": "vb/ServiceDataProvider",
      "defaultValue": {

        "responseType": "getProjWBSGetEndorserListByProject",
        "itemsPath": "items",
        "transformsContext": {
          "vb-textFilterAttributes": [
            "project_team_members"
          ]
        },
        "keyAttributes": "user_id",
        "fetchChain": "getProjWBSGetEndorserListByProjectFetch2"
      }
    },
    "approverRoleName": {
      "type": "string"
    },
    "arrReviewCompleted": {
      "type": "string[]"
    },
    "authorityCBFormattedStr": {
      "type": "any"
    },
    "authorityTotalsADP": {
      "type": "vb/ArrayDataProvider2",
      "defaultValue": {
        "itemType": "AuthorityTotalType",
        "keyAttributes": "id"
      }
    },
    "autoApproved": {
      "type": "boolean",
      "defaultValue": false
    },
    "barChartDataADP": {
      "type": "vb/ArrayDataProvider2",
      "defaultValue": {
        "itemType": "BarChartDataType",
        "keyAttributes": "id"
      }
    },
    "barChartTEIDataADP": {
      "defaultValue": {
        "itemType": "BarChartDataType",
        "keyAttributes": "id"
      },
      "type": "vb/ArrayDataProvider2"
    },
    "budgetDataGrid": {
      "type": "any"
    },
    "budgetSummaryADP": {
      "type": "vb/ArrayDataProvider2",
      "defaultValue": {
        "itemType": "ProjectSummaryType",
        "keyAttributes": "period_fy"
      }
    },
    "budgetValidFlag": {
      "type": "boolean"
    },
    "budgetValidFlagFY": {
      "type": "boolean"
    },
    "bulkUploadErrorCount": {
      "type": "number"
    },
    "bulkUploadErrorsADP": {
      "type": "vb/ArrayDataProvider2",
      "defaultValue": {
        "itemType": "getBulkUplaodErrors",
        "keyAttributes": "@index"
      }
    },
    "currentAction": {
      "type": "string"
    },
    "currentAssignee": {
      "type": "number"
    },
    "currentMonthCommentarySDP": {
      "type": "vb/ServiceDataProvider",
      "defaultValue": {
        "endpoint": "ordsBtftapp/getCurrentMonthComments",
        "responseType": "CurrentMonthCommentaryType",
        "itemsPath": "items",
        "keyAttributes": "comment_id",
        "transformsContext": {
          "vb-textFilterAttributes": [
            "comments"
          ]
        },
        "uriParameters": {
          "commentLevel": "T",
          "subProjNum": "{{ $variables.subProjNum }}"
        },
        "capabilities": {
          "fetchFirst": {
            "implementation": "iteration"
          }
        }
      }
    },
    "currentPeriod": {
      "type": "string"
    },
    "editFlag": {
      "type": "string",
      "defaultValue": "N"
    },
    "endorseFlag": {
      "type": "string"
    },
    "endorserCount": {
      "type": "number"
    },
    "endorseRejectFlag": {
      "type": "boolean",
      "defaultValue": true
    },
    "endorserListByProjectSDP": {
      "type": "vb/ServiceDataProvider",
      "defaultValue": {

        "responseType": "getProjWBSGetEndorserListByProject",
        "itemsPath": "items",
        "keyAttributes": "user_id",
        "transformsContext": {
          "vb-textFilterAttributes": [
            "project_team_members"
          ]
        },
        "fetchChain": "getProjWBSGetEndorserListByProjectFetch"
      }
    },
    "endorserOwner": {
      "type": "number"
    },
    "endorserRoleName": {
      "type": "string"
    },
    "escalatorCount": {
      "type": "number"
    },
    "escalatorListSDP": {
      "type": "vb/ServiceDataProvider",
      "defaultValue": {
        "responseType": "getProjWBSGetEndorserListByProject",
        "itemsPath": "items",
        "keyAttributes": "user_id",
        "transformsContext": {
          "vb-textFilterAttributes": [
            "project_team_members"
          ]
        },
        "fetchChain": "getProjWBSGetEndorserListByProjectFetch3"
      }
    },
    "escalatorOwner": {
      "type": "number"
    },
    "escalatorRoleName": {
      "type": "string"
    },
    "expenditureLOV": {
      "type": "ExpenditureType[]"
    },
    "exportProjetBudgetDataCSVAnyType": {
      "type": "any"
    },
    "getBudgetExportData": {
      "type": "any"
    },
    "historyFlag": {
      "type": "boolean"
    },
    "ifPostError": {
      "type": "boolean"
    },
    "IsCheckBoxValueChange": {
      "type": "boolean",
      "defaultValue": false
    },
    "isFormValid": {
      "type": "boolean",
      "defaultValue": true
    },
    "ojTabBar18740133601SelectedItem": {
      "type": "string",
      "defaultValue": "oj-tab-bar-1874013360-1-tab-1"
    },
    "opaProcessId": {
      "type": "string"
    },
    "origBudgetDataGrid": {
      "type": "any"
    },
    "originalbudgetSummaryADP": {
      "type": "vb/ArrayDataProvider2",
      "defaultValue": {
        "itemType": "ProjectSummaryType",
        "keyAttributes": "period_fy"
      }
    },
    "pageAccess": {
      "type": "string"
    },
    "postFlag": {
      "type": "string",
      "defaultValue": "N"
    },
    "projectCommentsADP": {
      "type": "vb/ArrayDataProvider2",
      "defaultValue": {
        "itemType": "ProjectCommentType",
        "keyAttributes": "comment_id"
      }
    },
    "projectHistoryADP": {
      "type": "vb/ArrayDataProvider2",
      "defaultValue": {
        "itemType": "ProjectHistoryType",
        "keyAttributes": "identifier"
      }
    },
    "projectTaskLOV": {
      "type": "ProjectTaskType[]"
    },
    "showUploadValErrMsg": {
      "type": "boolean",
      "defaultValue": false
    },
    "showUploadValSuccMsg": {
      "type": "boolean",
      "defaultValue": false
    },
    "submittedComments": {
      "type": "string",
      "defaultValue": " "
    },
    "subProjectSummary": {
      "type": "ProjectTaskSummaryType"
    },
    "subProjNum": {
      "type": "string",
      "input": "fromUrl"
    },
    "taskExpenditure": {
      "type": "TaskExpenditureType"
    },
    "taskExpenditureADP": {
      "type": "vb/ArrayDataProvider2",
      "defaultValue": {
        "itemType": "TaskExpenditureType",
        "keyAttributes": "rec_id"
      }
    },
    "totalSummaryArr": {
      "type": "TotalSummaryType[]"
    },
    "uploadSaveButton": {
      "type": "boolean",
      "defaultValue": true
    },
    "UploadVaErrMsg": {
      "type": "string"
    },
    "version_id": {
      "type": "number"
    }

  },
  "metadata": {},
  "types": {
    "@decorators.CurrentMonthCommentaryType": {
      "endpoint": "getCurrentMonthComments",
      "service": "ordsBtftapp",
      "path": "response"
    },
    "@decorators.getBulkUplaodErrors": {
      "endpoint": "getBulkUplaodErrors",
      "service": "ordsBtftapp",
      "path": "response"
    },
    "@decorators.getProjWBSGetEndorserListByProject": {
      "endpoint": "getProjWBSGetEndorserListByProject",
      "service": "ordsBtftapp",
      "path": "response"
    },
    "@decorators.ProjectCommentType": {
      "endpoint": "getProjWBSGetProjectComments",
      "service": "ordsBtftapp",
      "path": "response"
    },
    "@decorators.ProjectHistoryType": {
      "endpoint": "getProjWBSGetProjectHistory",
      "service": "ordsBtftapp",
      "path": "response"
    },
    "@decorators.ProjectTaskSummaryType": {
      "endpoint": "getWBSProjectSummary",
      "service": "ordsBtftapp",
      "path": "response"
    },
    "AuthorityTotalType": {
      "controlling_budget": "number",
      "id": "number",
      "period_fy": "string",
      "project_authority": "string",
      "validate_flag": "string",
      "wbs_budget": "number"
    },
    "BarChartDataType": {
        "group": "string",
        "id": "number",
        "series": "string",
        "value": "number"
      },
    "CurrentMonthCommentaryType": {
      "items": [
        {
          "comment_date": "string",
          "comment_id": "number",
          "comments": "string",
          "person_name": "string",
          "status": "string",
          "user_name": "string"

        }
      ]
    },
    "getBulkUplaodErrors": {
      
          "apr_budg": "any",
          "aug_budg": "any",
          "budget_period": "string",
          "controlling_budget": "any",
          "created_by": "string",
          "created_on": "string",
          "dec_budg": "any",
          "error_message": "string",
          "expenditure_name": "string",
          "expenditure_type_id": "any",
          "feb_budg": "any",
          "jan_budg": "any",
          "jul_budg": "any",
          "jun_budg": "any",
          "mar_budg": "any",
          "may_budg": "any",
          "nov_budg": "string",
          "oct_budg": "any",
          "ref_id": "number",
          "row_total": "any",
          "sep_budg": "any",
          "sub_project_number": "string",
          "task_code": "string",
          "transaction_id": "string",
          "updated_by": "any",
          "updated_on": "any",
          "uploaded_by": "string"
     
    },
    "getProjWBSGetEndorserListByProject": {
      "items": [
        {
          "email_address": "string",
          "employee_id": "string",
          "project_role_name": "string",
          "project_team_members": "string",
          "user_id": "string",
          "username": "string"
        }
      ]
    },
    "ProjectCommentType": {
          "comment_date": "string",
          "comment_id": "number",
          "comments": "string",
      "first_name": "string",
      "status": "string",
          "user_name": "string"

    },
    "ProjectHistoryType": {
          "allocation_batch_number": "number",
          "amount": "number",
          "expense_type_name": "string",
          "identifier": "number",
          "last_updated_date": "string",
      "person_name": "string",
      "status_date": "string",
          "sub_project": "string",
          "task": "string",
          "task_status": "string",
          "version_name": "string"

    },
    "ProjectSummaryType": {
      "controlling_budget": "number",
      "period_fy": "string",
      "validate_flag": "string",
      "wbs_budget": "number"

    },
    "ProjectTaskSummaryType": {
          "allocation_batch_number": "number",
          "authority": "string",
          "authority_code": "string",
          "authority_totals": [
            {
              "controlling_budget": "number",
              "id": "number",
              "period_fy": "string",
              "project_authority": "string",
              "validate_flag": "string",
              "wbs_budget": "number"
            }
          ],
          "base_project_number": "string",
          "budget_data": [
            {
              "apr": "number",
              "aug": "number",
              "authority_code": "string",
              "dec": "number",
              "expenditure_type_id": "string",
              "expenditure_type_name": "string",
              "feb": "number",
              "jan": "number",
              "jul": "number",
              "jun": "number",
              "mar": "number",
              "may": "number",
              "mcal_year": "number",
              "nov": "number",
              "oct": "number",
              "period_code": "number",
              "period_fy": "string",
              "project_end_date": "string",
              "project_start_date": "string",
              "row_total": "number",
              "sep": "number",
          "task_current_fy_cost": "number",
          "task_end_date": "string",
          "task_name": "string",
          "task_number": "string",
          "task_prior_cost": "number",
          "task_start_date": "string"

            }
          ],
          "budget_summary": [
            {
              "controlling_budget": "number",
              "period_fy": "string",
              "validate_flag": "string",
              "wbs_budget": "number"
            }
          ],
          "budget_type_name": "string",
          "business_unit": "string",
          "change_status": "string",
          "cost_centre": "string",
          "cost_centre_code": "string",
          "current_fy_cost": "number",
      "initiative": "string",
          "initiative_code": "string",
      "open_month": "string",
      "openallflag": "string",
      "parent_batch_number": "number",
      "period_open_date": "string",
      "prior_locked_month": "string",
      "project_end_date": "string",
          "project_start_date": "string",
          "status": "string",
          "review_completed":"string",
          "status_date": "string",
          "sub_project": "string",
          "sub_project_number": "string",
          "tei_amount": "number",
          "version_name": "string"

    },
    "TaskExpenditureType": {
      "expenditure_type_id": "string",
      "expenditure_type_name": "string",
      "rec_id": "number",
      "sub_project_number": "string",
      "task_number": "string"
    },
    "ExpenditureType": {
          "expenditure_type_id": "string",
          "expenditure_type_name": "string",
          "set_code": "string"
    },
    "ProjectTaskType": {
      "task_name": "string",
      "task_number": "string"
    },
    "TotalSummaryType": {
      "id": "number",
      "name": "string",
      "value": "number"
    }

  },
  "chains": {

  },
  "eventListeners": {
    "aClick": {
      "chains": [
        {
          "chainId": "HyperlinkClickChain",
          "parameters": {
            "key": "{{ $current.key }}",
            "index": "{{ $current.index }}",
            "current": "{{ $current }}"
          }
        }
      ]
    },
    "btnOptionOjAction": {
      "chains": [
        {
          "chainId": "BtnMenuOptionActionChain"
        }
      ]
    },
    "btnSubmitOjAction": {
      "chains": [
        {
          "chainId": "OpenSavingDialogActionChain",
          "parameters": {
            "fromObject": "SUBMIT",
            "selectedPreiodValue": "{{ $variables.currentPeriod }}",
            "details": "{{ $event.detail.originalEvent }}"
          }
        }
      ]
    },
    "budgetDetBoxIDClick": {
      "chains": [
        {
          "chainId": "OpenSavingDialogActionChain",
          "parameters": {
            "selectedPreiodValue": "{{ $current.data.period_fy }}",
            "details": "{{ $event.detail }}",
            "fromObject": "TILE"
          }
        }
      ]
    },
    "budgetFilePickerOjSelect": {
      "chains": [
        {
          "chainId": "FilePickerSelectChain",
          "parameters": {
            "files": "[[ Array.prototype.slice.call($event.detail.files) ]]"
          }
        }
      ]
    },
    "buttonAction": {
      "chains": [
        {
          "chainId": "OpenCommentFormActionChain",
          "parameters": {
            "action": "Endorse"
          }
        }
      ]
    },
    "buttonAction2": {
      "chains": [
        {
          "chainId": "OpenCommentFormActionChain",
          "parameters": {
            "action": "Reject"
          }
        }
      ]
    },
    "buttonAction3": {
      "chains": [
        {
          "chainId": "OpenCommentFormActionChain",
          "parameters": {
            "action": "Withdraw"
          }
        }
      ]
    },
    "checkboxSetValue": {
      "chains": [
        {
          "chain": "CheckboxSetValueChangeChain",
          "parameters": {
            "value": "{{ $event.detail.value }}"
          }
        }
      ]
    },
    "datagridOjBeforeEdit": {
      "chains": [
        {
          "chainId": "DataGridBeforeEditChain",
          "parameters": {
            "event": "{{ $event.detail }}"
          }
        }
      ]
    },
    "datagridOjBeforeEditEnd": {
      "chains": [
        {
          "chainId": "DataGridBeforeEditEndChain",
          "parameters": {
            "event": "{{ $event.detail }}"
          }
        }
      ]
    },
    "datagridOjBeforeEditEnd2": {
      "chains": [
        {
          "chainId": "DataGridBeforeEditEndChain",
          "parameters": {
            "event": "{{ $event.detail }}"
          }
        }
      ]
    },
    "divClick": {
      "chains": [
        {
          "chainId": "FlexContainerClickChain"
        }
      ]
    },
    "menuOptionOjAction": {
      "chains": [
        {
          "chainId": "MenuActionChain",
          "parameters": {
            "menuId": "{{$event.target.value}}"
          }
        }
      ]
    },
    "ojButtonOjAction": {
      "chains": [
        {
          "chainId": "OpenSavingDialogActionChain",
          "parameters": {
            "details": "{{ $event.detail }}",
            "fromObject": "ASSIGNRESOURCE",
            "selectedPreiodValue": "{{ $variables.currentPeriod }}"
          }
        }
      ]
    },
    "ojButtonOjAction10": {
      "chains": [
        {
          "chainId": "OpenCommentFormActionChain",
          "parameters": {
            "action": "Post"
          }
        }
      ]
    },
    "ojButtonOjAction11": {
      "chains": [
        {
          "chainId": "ConfirmSubmitDataActionChain"
        }
      ]
    },
    "ojButtonOjAction12": {
      "chains": [
        {
          "chainId": "BtnBacktoCurrentActionChain"
        }
      ]
    },
    "ojButtonOjAction13": {
      "chains": [
        {
          "chainId": "BtnImportDataActionChain"
        }
      ]
    },
    "ojButtonOjAction14": {
      "chains": [
        {
          "chainId": "ButtonActionChain1"
        }
      ]
    },
    "ojButtonOjAction15": {
      "chains": [
        {
          "chainId": "ButtonActionChain2"
        }
      ]
    },
    "ojButtonOjAction16": {
      "chains": [
{
          "chainId": "BtnBackActionChain"
        }
      ]
    },
    "ojButtonOjAction17": {
      "chains": [
        {
          "chainId": "BtnSaveDataActionChain",
          "parameters": {
            "action": "SAVE"
          }
        }
      ]
    },
    "ojButtonOjAction18": {
      "chains": [
        {
          "chainId": "OpenCommentFormActionChain",
          "parameters": {
            "action": "Copy"
          }
        }
      ]
    },
    "ojButtonOjAction19": {
      "chains": [
        {
          "chainId": "BtnContinueTEIDialogAction"
        }
      ]
    },
    "ojButtonOjAction2": {
      "chains": [
        {
          "chainId": "CancelSavingDialogActionChain"
        }
      ]
    },
    "ojButtonOjAction20": {
      "chains": [
        {
          "chainId": "BtnCancelTEIDialogAction"
        }
      ]
    },
    "ojButtonOjAction3": {
      "chains": [
        {
          "chainId": "BtnAddTaskExpenditureActionChain"
        }
      ]
    },
    "ojButtonOjAction4": {
      "chains": [
        {
          "chainId": "BtnDeleteTaskExpenditureActionChain",
          "parameters": {
            "key": "{{ $current.key }}",
            "index": "{{ $current.index }}",
            "current": "{{ $current }}"
          }
        }
      ]
    },
    "ojButtonOjAction5": {
      "chains": [
        {
          "chainId": "BtnConfirmTaskExpenditureActionChain"
        }
      ]
    },
    "ojButtonOjAction6": {
      "chains": [
        {
          "chainId": "BtnSaveDataActionChain",
          "parameters": {
            "action": "SAVE"
          }
        }
      ]
    },
    "ojButtonOjAction7": {
      "chains": [
        {
          "chainId": "OpenCommentFormActionChain",
          "parameters": {
            "action": "Approve"
          }
        }
      ]
    },
    "ojButtonOjAction8": {
      "chains": [
        {
          "chainId": "OpenCommentFormActionChain",
          "parameters": {
            "action": "Reject"
          }
        }
      ]
    },
    "ojButtonOjAction9": {
      "chains": [
        {
          "chainId": "OpenCommentFormActionChain",
          "parameters": {
            "action": "Withdraw"
          }
        }
      ]
    },
    "selectClick": {
      "chains": [
        {
          "chain": "SelectClickChain"
        }
      ]
    },
    "selectClick2": {
      "chains": [
        {
          "chain": "SelectClickChain1"
        }
      ]
    },
    "selectClick3": {
      "chains": [
        {
          "chain": "SelectClickChain2"
        }
      ]
    },
    "vbEnter": {
      "chains": [
        {
          "chainId": "loadPageActionChain",
          "parameters": {}
        }
      ]
    }

  },
  "imports": {
    "components": {
      "oj-button": {
        "path": "ojs/ojbutton"
      },
      "oj-chart": {
        "path": "ojs/ojchart"
      },
      "oj-chart-item": {
        "path": "ojs/ojchart"
      },
      "oj-checkboxset": {
        "path": "ojs/ojcheckboxset"
      },
      "oj-data-grid": {
        "path": "ojs/ojdatagrid"
      },
      "oj-dialog": {
        "path": "ojs/ojdialog"
      },
      "oj-ext-export-data": {
        "path": "oj-ext/export-data/loader"
      },
      "oj-file-picker": {
        "path": "ojs/ojfilepicker"
      },
      "oj-form-layout": {
        "path": "ojs/ojformlayout"
      },
      "oj-input-text": {
        "path": "ojs/ojinputtext"
      },
      "oj-label": {
        "path": "ojs/ojlabel"
      },
      "oj-menu": {
        "path": "ojs/ojmenu"
      },
      "oj-option": {
        "path": "ojs/ojoption"
      },
      "oj-popup": {
        "path": "ojs/ojpopup"
      },
      "oj-select-one": {
        "path": "ojs/ojselectcombobox"
      },
      "oj-select-single": {
        "path": "ojs/ojselectsingle"
      },
      "oj-switcher": {
        "path": "ojs/ojswitcher"
      },
      "oj-tab-bar": {
        "path": "ojs/ojnavigationlist"
      },
      "oj-table": {
        "path": "ojs/ojtable"
      },
      "oj-text-area": {
        "path": "ojs/ojinputtext"
      },
      "oj-toolbar": {
        "path": "ojs/ojtoolbar"
      },
      "oj-validation-group": {
        "path": "ojs/ojvalidationgroup"
      }

    }
  }
}
