{
    "items": [
        {
            "task_number": "02.01.01",
            "expenditure_type_name": "General Cost Recoveries",
            "expenditure_type_id": "300000003483971",
            "combination_id": 55584,
            "external_batch_number": null,
            "parent_batch_number": 51592,
            "allocation_batch_number": 73868,
            "scheduled_start_dt": "01-JUL-2016",
            "scheduled_finish_dt": null
        },
        {
            "task_number": "02.01.02",
            "expenditure_type_name": "General Cost Recoveries",
            "expenditure_type_id": "300000003483971",
            "combination_id": 55604,
            "external_batch_number": null,
            "parent_batch_number": 51592,
            "allocation_batch_number": 73868,
            "scheduled_start_dt": "01-JUL-2016",
            "scheduled_finish_dt": null
        },
        {
            "task_number": "05.14.03",
            "expenditure_type_name": "Sundry Franchise Payments",
            "expenditure_type_id": "300000003880227",
            "combination_id": 55595,
            "external_batch_number": null,
            "parent_batch_number": 51592,
            "allocation_batch_number": 73868,
            "scheduled_start_dt": "01-JUL-2016",
            "scheduled_finish_dt": null
        },
        {
            "task_number": "02.01.03",
            "expenditure_type_name": "Official Hospitality Non Dept Staff No FBT",
            "expenditure_type_id": "300000003880066",
            "combination_id": 55607,
            "external_batch_number": null,
            "parent_batch_number": 51592,
            "allocation_batch_number": 73868,
            "scheduled_start_dt": "01-JUL-2016",
            "scheduled_finish_dt": null
        },
        {
            "task_number": "02.01.01",
            "expenditure_type_name": "Salaries Internal Transfers",
            "expenditure_type_id": "300000003483867",
            "combination_id": 55590,
            "external_batch_number": null,
            "parent_batch_number": 51592,
            "allocation_batch_number": 73868,
            "scheduled_start_dt": "01-JUL-2016",
            "scheduled_finish_dt": null
        },
        {
            "task_number": "02.01.01",
            "expenditure_type_name": "Occupancy Recharge",
            "expenditure_type_id": "300000003880168",
            "combination_id": 55591,
            "external_batch_number": null,
            "parent_batch_number": 51592,
            "allocation_batch_number": 73868,
            "scheduled_start_dt": "01-JUL-2016",
            "scheduled_finish_dt": null
        },
        {
            "task_number": "02.01.03",
            "expenditure_type_name": "Overseas Airfares",
            "expenditure_type_id": "300000003483993",
            "combination_id": 55597,
            "external_batch_number": null,
            "parent_batch_number": 51592,
            "allocation_batch_number": 73868,
            "scheduled_start_dt": "01-JUL-2016",
            "scheduled_finish_dt": null
        },
        {
            "task_number": "02.01.01",
            "expenditure_type_name": "Salaries",
            "expenditure_type_id": "300000003483862",
            "combination_id": 55586,
            "external_batch_number": null,
            "parent_batch_number": 51592,
            "allocation_batch_number": 73868,
            "scheduled_start_dt": "01-JUL-2016",
            "scheduled_finish_dt": null
        },
        {
            "task_number": "02.01.03",
            "expenditure_type_name": "Amortisation Building Leasehold Improvement",
            "expenditure_type_id": "300000003483896",
            "combination_id": 55605,
            "external_batch_number": null,
            "parent_batch_number": 51592,
            "allocation_batch_number": 73868,
            "scheduled_start_dt": "01-JUL-2016",
            "scheduled_finish_dt": null
        },
        {
            "task_number": "02.01.02",
            "expenditure_type_name": "Occupancy Rent",
            "expenditure_type_id": "300000003483999",
            "combination_id": 55588,
            "external_batch_number": null,
            "parent_batch_number": 51592,
            "allocation_batch_number": 73868,
            "scheduled_start_dt": "01-JUL-2016",
            "scheduled_finish_dt": null
        },
        {
            "task_number": "02.01.03",
            "expenditure_type_name": "Assets less than 5000 Non Portable and Attractive",
            "expenditure_type_id": "300000003483969",
            "combination_id": 55601,
            "external_batch_number": null,
            "parent_batch_number": 51592,
            "allocation_batch_number": 73868,
            "scheduled_start_dt": "01-JUL-2016",
            "scheduled_finish_dt": null
        },
        {
            "task_number": "02.01.03",
            "expenditure_type_name": "Salaries",
            "expenditure_type_id": "300000003483862",
            "combination_id": 55598,
            "external_batch_number": null,
            "parent_batch_number": 51592,
            "allocation_batch_number": 73868,
            "scheduled_start_dt": "01-JUL-2016",
            "scheduled_finish_dt": null
        },
        {
            "task_number": "02.01.03",
            "expenditure_type_name": "Salaries Internal Transfers",
            "expenditure_type_id": "300000003483867",
            "combination_id": 55594,
            "external_batch_number": null,
            "parent_batch_number": 51592,
            "allocation_batch_number": 73868,
            "scheduled_start_dt": "01-JUL-2016",
            "scheduled_finish_dt": null
        },
        {
            "task_number": "05.14.02",
            "expenditure_type_name": "Sundry Franchise Payments",
            "expenditure_type_id": "300000003880227",
            "combination_id": 55599,
            "external_batch_number": null,
            "parent_batch_number": 51592,
            "allocation_batch_number": 73868,
            "scheduled_start_dt": "01-JUL-2016",
            "scheduled_finish_dt": null
        },
        {
            "task_number": "02.01.01",
            "expenditure_type_name": "Occupancy Rent",
            "expenditure_type_id": "300000003483999",
            "combination_id": 55592,
            "external_batch_number": null,
            "parent_batch_number": 51592,
            "allocation_batch_number": 73868,
            "scheduled_start_dt": "01-JUL-2016",
            "scheduled_finish_dt": null
        },
        {
            "task_number": "05.14.03",
            "expenditure_type_name": "Contractors Non Agency",
            "expenditure_type_id": "300000003483959",
            "combination_id": 55582,
            "external_batch_number": null,
            "parent_batch_number": 51592,
            "allocation_batch_number": 73868,
            "scheduled_start_dt": "01-JUL-2016",
            "scheduled_finish_dt": null
        },
        {
            "task_number": "09.09.01",
            "expenditure_type_name": "Contractors Non Agency",
            "expenditure_type_id": "300000003483959",
            "combination_id": 55583,
            "external_batch_number": null,
            "parent_batch_number": 51592,
            "allocation_batch_number": 73868,
            "scheduled_start_dt": "01-JUL-2016",
            "scheduled_finish_dt": null
        },
        {
            "task_number": "05.14.01",
            "expenditure_type_name": "Sundry Franchise Payments",
            "expenditure_type_id": "300000003880227",
            "combination_id": 55587,
            "external_batch_number": null,
            "parent_batch_number": 51592,
            "allocation_batch_number": 73868,
            "scheduled_start_dt": "01-JUL-2016",
            "scheduled_finish_dt": null
        },
        {
            "task_number": "02.01.03",
            "expenditure_type_name": "Occupancy Rent",
            "expenditure_type_id": "300000003483999",
            "combination_id": 55600,
            "external_batch_number": null,
            "parent_batch_number": 51592,
            "allocation_batch_number": 73868,
            "scheduled_start_dt": "01-JUL-2016",
            "scheduled_finish_dt": null
        },
        {
            "task_number": "09.09.01",
            "expenditure_type_name": "Amortisation Building Leasehold Improvement",
            "expenditure_type_id": "300000003483896",
            "combination_id": 55606,
            "external_batch_number": null,
            "parent_batch_number": 51592,
            "allocation_batch_number": 73868,
            "scheduled_start_dt": "01-JUL-2016",
            "scheduled_finish_dt": null
        },
        {
            "task_number": "05.14.04",
            "expenditure_type_name": "Sundry Franchise Payments",
            "expenditure_type_id": "300000003880227",
            "combination_id": 55603,
            "external_batch_number": null,
            "parent_batch_number": 51592,
            "allocation_batch_number": 73868,
            "scheduled_start_dt": "01-JUL-2016",
            "scheduled_finish_dt": null
        },
        {
            "task_number": "02.01.02",
            "expenditure_type_name": "Domestic Other",
            "expenditure_type_id": "300000003483988",
            "combination_id": 55602,
            "external_batch_number": null,
            "parent_batch_number": 51592,
            "allocation_batch_number": 73868,
            "scheduled_start_dt": "01-JUL-2016",
            "scheduled_finish_dt": null
        },
        {
            "task_number": "02.01.03",
            "expenditure_type_name": "Domestic Other",
            "expenditure_type_id": "300000003483988",
            "combination_id": 55596,
            "external_batch_number": null,
            "parent_batch_number": 51592,
            "allocation_batch_number": 73868,
            "scheduled_start_dt": "01-JUL-2016",
            "scheduled_finish_dt": null
        },
        {
            "task_number": "02.01.03",
            "expenditure_type_name": "Software Licences",
            "expenditure_type_id": "300000003880074",
            "combination_id": 55593,
            "external_batch_number": null,
            "parent_batch_number": 51592,
            "allocation_batch_number": 73868,
            "scheduled_start_dt": "01-JUL-2016",
            "scheduled_finish_dt": null
        },
        {
            "task_number": "02.01.01",
            "expenditure_type_name": "Contractors Non Agency",
            "expenditure_type_id": "300000003483959",
            "combination_id": 55589,
            "external_batch_number": null,
            "parent_batch_number": 51592,
            "allocation_batch_number": 73868,
            "scheduled_start_dt": "01-JUL-2016",
            "scheduled_finish_dt": null
        },
        {
            "task_number": "02.01.03",
            "expenditure_type_name": "General Cost Recoveries",
            "expenditure_type_id": "300000003483971",
            "combination_id": 55585,
            "external_batch_number": null,
            "parent_batch_number": 51592,
            "allocation_batch_number": 73868,
            "scheduled_start_dt": "01-JUL-2016",
            "scheduled_finish_dt": null
        }
    ],
    "hasMore": false,
    "limit": 5000,
    "offset": 0,
    "count": 26,
    "links": [
        {
            "rel": "self",
            "href": "https://coq4hi5ehnacuc6-dotvicadwdev.adb.ap-sydney-1.oraclecloudapps.com/ords/btftapp_db/projWBS/getWBSForERPProj?project_number=200073.30"
        },
        {
            "rel": "describedby",
            "href": "https://coq4hi5ehnacuc6-dotvicadwdev.adb.ap-sydney-1.oraclecloudapps.com/ords/btftapp_db/metadata-catalog/projWBS/item"
        },
        {
            "rel": "first",
            "href": "https://coq4hi5ehnacuc6-dotvicadwdev.adb.ap-sydney-1.oraclecloudapps.com/ords/btftapp_db/projWBS/getWBSForERPProj?project_number=200073.30"
        }
    ]
}