{
    "items": [
        {
            "opa_process_id": null
        }
    ],
    "hasMore": false,
    "limit": 25,
    "offset": 0,
    "count": 1,
    "links": [
        {
            "rel": "self",
            "href": "https://apps-preprod-fs.transport.vic.gov.au/ords/btftapp_db/projWBS/getOpaProcessIdByAllocationNumber?p_allocation_batch_number=690564"
        },
        {
            "rel": "describedby",
            "href": "https://apps-preprod-fs.transport.vic.gov.au/ords/btftapp_db/metadata-catalog/projWBS/item"
        },
        {
            "rel": "first",
            "href": "https://apps-preprod-fs.transport.vic.gov.au/ords/btftapp_db/projWBS/getOpaProcessIdByAllocationNumber?p_allocation_batch_number=690564"
        }
    ]
}