{
  "description": "",
  "root": "ifValue",
  "actions": {
    "ifValue": {
      "module": "vb/action/builtin/ifAction",
      "parameters": {
        "condition": "[[ $variables.value[0]==\"Y\" ]]"
      },
      "outcomes": {
        "true": "assignVariablesParentRecFld",
        "false": "resetVariablesParentRecFld"
      }
    },
    "assignVariablesParentRecFld": {
      "module": "vb/action/builtin/assignVariablesAction",
      "parameters": {
        "$page.variables.parentRecFld": {
          "source": "Y"
        }
      }
    },
    "resetVariablesParentRecFld": {
      "module": "vb/action/builtin/resetVariablesAction",
      "parameters": {
        "variables": [
          "$page.variables.parentRecFld"
        ]
      }
    }
  },
  "variables": {
    "value": {
      "required": true,
      "type": "any[]",
      "input": "fromCaller"
    }
  }
}