{
  "description": "",
  "root": "ifValue",
  "actions": {
    "ifValue": {
      "module": "vb/action/builtin/ifAction",
      "parameters": {
        "condition": "[[ $variables.value[0]==\"Y\" ]]"
      },
      "outcomes": {
        "true": "resetVariablesVersionid",
        "false": "assignVariablesDisableVersionIdFld3"
      }
    },
    "resetVariablesVersionid": {
      "module": "vb/action/builtin/resetVariablesAction",
      "parameters": {
        "variables": [
          "$page.variables.versionid"
        ]
      },
      "outcomes": {
        "success": "assignVariablesDisableVersionIdFld"
      }
    },
    "assignVariablesDisableVersionIdFld": {
      "module": "vb/action/builtin/assignVariablesAction",
      "parameters": {
        "$page.variables.disableVersionIdFld": {
          "source": true
        },
        "$page.variables.disableParentRecFld": {
          "source": false
        },
        "$page.variables.selCurrVerFlag": {
          "source": "Y"
        }
      }
    },
    "assignVariablesDisableVersionIdFld3": {
      "module": "vb/action/builtin/assignVariablesAction",
      "parameters": {
        "$page.variables.disableVersionIdFld": {
          "source": false
        },
        "$page.variables.disableParentRecFld": {
          "source": true
        },
        "$page.variables.selCurrVerFlag": {
          "source": "N"
        }
      }
    }
  },
  "variables": {
    "value": {
      "required": true,
      "type": "any[]",
      "input": "fromCaller"
    }
  }
}