{
  "root": "callFunctionShowLoading",
  "description": "",
  "variables": {},
  "actions": {
    "fireNotification": {
      "module": "vb/action/builtin/fireNotificationEventAction",
      "parameters": {
        "target": "leaf",
        "summary": "[[ $chain.results.callRestGetCommonGetSegmentCodes.message.summary ]]",
        "type": "error",
        "displayMode": "persist",
        "message": "[[ $chain.results.callRestGetCommonGetSegmentCodes.message.summary ]]"
      }
    },
    "callRestGetCommonGetSegmentCodes": {
      "module": "vb/action/builtin/restAction",
      "parameters": {
        "endpoint": "ordsBtftapp/getCommonGetSegmentCodes"
      },
      "outcomes": {
        "failure": "fireNotification",
        "success": "callFunctionReadAndLoadLovsForDropDowns3"
      }
    },
    "callComponentAuthorityRefresh": {
      "module": "vb/action/builtin/callComponentMethodAction",
      "parameters": {
        "component": "{{ document.getElementById('authority') }}",
        "method": "refresh"
      },
      "outcomes": {
        "success": "callComponentInitiativeCodeRefresh"
      }
    },
    "callComponentCostcenterRefresh": {
      "module": "vb/action/builtin/callComponentMethodAction",
      "parameters": {
        "component": "{{ document.getElementById('costcenter') }}",
        "method": "refresh"
      },
      "outcomes": {
        "success": "callComponentTranstypeRefresh"
      }
    },
    "runInParallel": {
      "module": "vb/action/builtin/forkAction",
      "parameters": {
        "actions": {
          "callRestGetCommonGetSegmentCodes": "callRestGetCommonGetSegmentCodes",
          "callRest": "callRestGetProjectSearchGetBudgetTypes",
          "callRest2": "callRestGetCommonGetPastBasePeriodCodes",
          "callRestGetCommonGetBudgetStatuses": "callRestGetCommonGetBudgetStatuses"
        }
      },
      "outcomes": {
        "join": "callComponentBudgetYearRefresh"
      }
    },
    "fireNotification2": {
      "module": "vb/action/builtin/fireNotificationEventAction",
      "parameters": {
        "target": "leaf",
        "summary": "[[ $chain.results.callRestGetCommonGetBudgetStatuses.message.summary ]]",
        "type": "error",
        "displayMode": "persist",
        "message": "[[ $chain.results.callRestGetCommonGetBudgetStatuses.message.summary ]]"
      }
    },
    "fireNotification3": {
      "module": "vb/action/builtin/fireNotificationEventAction",
      "parameters": {
        "target": "leaf",
        "summary": "[[ $chain.results.callRestGetCommonGetPastBasePeriodCodes.message.summary ]]",
        "type": "error",
        "displayMode": "persist",
        "message": "[[ $chain.results.callRestGetCommonGetPastBasePeriodCodes.message.summary ]]"
      }
    },
    "callRestGetCommonGetBudgetStatuses": {
      "module": "vb/action/builtin/restAction",
      "parameters": {
        "endpoint": "ordsBtftapp/getCommonGetBudgetStatuses"
      },
      "outcomes": {
        "failure": "fireNotification2",
        "success": "callFunctionReadAndLoadLovsForDropDowns2"
      }
    },
    "callRestGetCommonGetPastBasePeriodCodes": {
      "module": "vb/action/builtin/restAction",
      "parameters": {
        "endpoint": "ordsBtftapp/getCommonGetPastBasePeriodCodes"
      },
      "outcomes": {
        "failure": "fireNotification3",
        "success": "callFunctionReadAndLoadLovsForDropDowns"
      }
    },
    "callFunctionReadAndLoadLovsForDropDowns": {
      "module": "vb/action/builtin/callModuleFunctionAction",
      "parameters": {
        "module": "[[ $functions ]]",
        "functionName": "readAndLoadLovsForDropDowns",
        "params": [
          null,
          "{{ $chain.results.callRestGetCommonGetPastBasePeriodCodes.body.items }}",
          null,
          null,
          "pastBasedPeriodCode"
        ]
      },
      "outcomes": {
        "success": "assignVariablesPastPeriodBasedArray"
      }
    },
    "assignVariablesBudgetStatusArray": {
      "module": "vb/action/builtin/assignVariablesAction",
      "parameters": {
        "$page.variables.budgetStatusArray": {
          "source": "{{ $chain.results.callFunctionReadAndLoadLovsForDropDowns2.budgetStatuseArray }}"
        },
        "$page.variables.transactionTypeArray": {
          "source": "{{ $chain.results.callFunctionReadAndLoadLovsForDropDowns2.transactionTypeAray }}"
        }
      }
    },
    "assignVariablesPastPeriodBasedArray": {
      "module": "vb/action/builtin/assignVariablesAction",
      "parameters": {
        "$page.variables.pastPeriodBasedArray": {
          "source": "{{ $chain.results.callFunctionReadAndLoadLovsForDropDowns.pastBasedPerCodeArray }}"
        },
        "$page.variables.selBudgetYear": {
          "source": "{{ $functions.defaultYear() }}"
        }
      }
    },
    "assignVariablesAuthorityCodeArray": {
      "module": "vb/action/builtin/assignVariablesAction",
      "parameters": {
        "$page.variables.authorityCodeArray": {
          "source": "{{ $chain.results.callFunctionReadAndLoadLovsForDropDowns3.authcodeArray }}"
        },
        "$page.variables.initiativeCodeArray": {
          "source": "{{ $chain.results.callFunctionReadAndLoadLovsForDropDowns3.inicodeArray }}"
        },
        "$page.variables.costcenterCodeArray": {
          "source": "{{ $chain.results.callFunctionReadAndLoadLovsForDropDowns3.costcodeArray }}"
        },
        "$page.variables.baseProjArray": {
          "source": "{{ $chain.results.callFunctionReadAndLoadLovsForDropDowns3.baseProjArray }}"
        }
      }
    },
    "callComponentBudgetYearRefresh": {
      "module": "vb/action/builtin/callComponentMethodAction",
      "parameters": {
        "component": "{{ document.getElementById('budgetYear') }}",
        "method": "refresh"
      },
      "outcomes": {
        "success": "callComponentAuthorityRefresh"
      }
    },
    "callComponentStatusRefresh": {
      "module": "vb/action/builtin/callComponentMethodAction",
      "parameters": {
        "component": "{{ document.getElementById('status') }}",
        "method": "refresh"
      },
      "outcomes": {
        "success": "callComponentBudgettypeRefresh"
      }
    },
    "callComponentTranstypeRefresh": {
      "module": "vb/action/builtin/callComponentMethodAction",
      "parameters": {
        "component": "{{ document.getElementById('transtype') }}",
        "method": "refresh"
      },
      "outcomes": {
        "success": "assignVariables"
      }
    },
    "fireNotification4": {
      "module": "vb/action/builtin/fireNotificationEventAction",
      "parameters": {
        "target": "leaf",
        "summary": "[[ $chain.results.callRestGetProjectSearchGetBudgetTypes.message.summary ]]",
        "type": "error",
        "displayMode": "persist",
        "message": "[[ $chain.results.callRestGetProjectSearchGetBudgetTypes.message.summary ]]"
      }
    },
    "callRestGetProjectSearchGetBudgetTypes": {
      "module": "vb/action/builtin/restAction",
      "parameters": {
        "endpoint": "ordsBtftapp/getProjectSearchGetBudgetTypes"
      },
      "outcomes": {
        "failure": "fireNotification4",
        "success": "callFunctionReadAndLoadLovsForDropDowns4"
      }
    },
    "callFunctionReadAndLoadLovsForDropDowns4": {
      "module": "vb/action/builtin/callModuleFunctionAction",
      "parameters": {
        "module": "[[ $functions ]]",
        "functionName": "readAndLoadLovsForDropDowns",
        "params": [
          [],
          [],
          [],
          "{{ $chain.results.callRestGetProjectSearchGetBudgetTypes.body.items }}",
          "budgetType",
          "{{ $application.variables.configVal.budgetTypes }}"
        ]
      },
      "outcomes": {
        "success": "assignVariablesBudgetTypeArray"
      }
    },
    "assignVariablesBudgetTypeArray": {
      "module": "vb/action/builtin/assignVariablesAction",
      "parameters": {
        "$page.variables.budgetTypeArray": {
          "source": "{{ $chain.results.callFunctionReadAndLoadLovsForDropDowns4.budgetTypeArray }}"
        },
        "$page.variables.selBudgetType": {
          "source": "{{ $chain.results.callFunctionReadAndLoadLovsForDropDowns4.selBudgetTypeByDefault }}"
        }
      }
    },
    "callComponentBudgettypeRefresh": {
      "module": "vb/action/builtin/callComponentMethodAction",
      "parameters": {
        "component": "{{ document.getElementById('budgettype') }}",
        "method": "refresh"
      },
      "outcomes": {
        "success": "callComponentBaseprojRefresh"
      }
    },
    "callFunctionReadAndLoadLovsForDropDowns2": {
      "module": "vb/action/builtin/callModuleFunctionAction",
      "parameters": {
        "module": "[[ $functions ]]",
        "functionName": "readAndLoadLovsForDropDowns",
        "params": [
          null,
          null,
          "{{ $chain.results.callRestGetCommonGetBudgetStatuses.body.items }}",
          null,
          "budgetStatusType"
        ]
      },
      "outcomes": {
        "success": "assignVariablesBudgetStatusArray"
      }
    },
    "callFunctionReadAndLoadLovsForDropDowns3": {
      "module": "vb/action/builtin/callModuleFunctionAction",
      "parameters": {
        "module": "[[ $functions ]]",
        "functionName": "readAndLoadLovsForDropDowns",
        "params": [
          "{{ $chain.results.callRestGetCommonGetSegmentCodes.body.items }}",
          null,
          null,
          null,
          "segementCode"
        ]
      },
      "outcomes": {
        "success": "assignVariablesAuthorityCodeArray"
      }
    },
    "callComponentBaseprojRefresh": {
      "module": "vb/action/builtin/callComponentMethodAction",
      "parameters": {
        "component": "{{ document.getElementById('baseproj') }}",
        "method": "refresh"
      },
      "outcomes": {
        "success": "callFunctionHideLoading"
      }
    },
    "callFunctionHideLoading": {
      "module": "vb/action/builtin/callModuleFunctionAction",
      "parameters": {
        "module": "[[ $application.functions ]]",
        "functionName": "hideLoading"
      }
    },
    "callComponentInitiativeCodeRefresh": {
      "module": "vb/action/builtin/callComponentMethodAction",
      "parameters": {
        "component": "{{ document.getElementById('initiativeCode') }}",
        "method": "refresh"
      },
      "outcomes": {
        "success": "callComponentCostcenterRefresh"
      }
    },
    "callFunctionShowLoading": {
      "module": "vb/action/builtin/callModuleFunctionAction",
      "parameters": {
        "module": "[[ $application.functions ]]",
        "functionName": "showLoading"
      },
      "outcomes": {
        "success": "callRestGetUserAccessActionAllowed"
      }
    },
    "assignVariables": {
      "module": "vb/action/builtin/assignVariablesAction",
      "parameters": {
        "$page.variables.selTransType": {
          "source": "CB"
        }
      },
      "outcomes": {
        "success": "callComponentStatusRefresh"
      }
    },
    "fireNotification5": {
      "module": "vb/action/builtin/fireNotificationEventAction",
      "parameters": {
        "target": "leaf",
        "summary": "[[ $chain.results.callRestGetUserAccessActionAllowed.message.summary ]]",
        "type": "error",
        "displayMode": "persist"
      }
    },
    "callRestGetUserAccessActionAllowed": {
      "module": "vb/action/builtin/restAction",
      "parameters": {
        "endpoint": "ordsBtftapp/getUser_accessAction_allowed",
        "uriParams": {
          "page_name": "{{ $application.currentPage.id }}",
          "user_name": "{{ $application.user.username }}"
        }
      },
      "outcomes": {
        "failure": "fireNotification5",
        "success": "if"
      }
    },
    "if": {
      "module": "vb/action/builtin/ifAction",
      "parameters": {
        "condition": "[[ $chain.results.callRestGetUserAccessActionAllowed.body.count ]]"
      },
      "outcomes": {
        "true": "assignVariablesPageAccess",
        "false": "assignVariablesPageAccess3"
      }
    },
    "assignVariablesPageAccess": {
      "module": "vb/action/builtin/assignVariablesAction",
      "parameters": {
        "$page.variables.pageAccess": {
          "source": true
        }
      },
      "outcomes": {
        "success": "runInParallel"
      }
    },
    "assignVariablesPageAccess3": {
      "module": "vb/action/builtin/assignVariablesAction",
      "parameters": {
        "$page.variables.pageAccess": {
          "source": false
        }
      },
      "outcomes": {
        "success": "callFunctionHideLoading2"
      }
    },
    "callFunctionHideLoading2": {
      "module": "vb/action/builtin/callModuleFunctionAction",
      "parameters": {
        "module": "[[ $application.functions ]]",
        "functionName": "hideLoading"
      }
    }
  }
}