{
  "root": "assignVariablesPageSize",
  "description": "",
  "actions": {
    "callComponentPagingRefresh": {
      "module": "vb/action/builtin/callComponentMethodAction",
      "parameters": {
        "component": "{{ document.getElementById('paging') }}",
        "method": "refresh"
      }
    },
    "assignVariablesPageSize": {
      "module": "vb/action/builtin/assignVariablesAction",
      "parameters": {
        "$flow.variables.pageSize": {
          "source": "{{ Number($flow.variables.pageSizeVar) }}"
        }
      },
      "outcomes": {
        "success": "callComponentPagingRefresh"
      }
    }
  }
}