{
  "root": "callFunctionPopulateData",
  "description": "",
  "variables": {},
  "actions": {
    "callFunctionPopulateData": {
      "module": "vb/action/builtin/callModuleFunctionAction",
      "parameters": {
        "module": "[[ $functions ]]",
        "functionName": "populateData"
      },
      "outcomes": {
        "success": "assignVariablesShowBudgetInfoTableData"
      }
    },
    "assignVariablesShowBudgetInfoTableData": {
      "module": "vb/action/builtin/assignVariablesAction",
      "parameters": {
        "$page.variables.showBudgetInfoTableData": {
          "source": "{{ $chain.results.callFunctionPopulateData }}"
        },
        "$page.variables.showBugdetInfoADP": {
          "source": {
            "data": "{{ $chain.results.callFunctionPopulateData }}"
          },
          "reset": "none",
          "auto": "always"
        }
      },
      "outcomes": {
        "success": "callFunctionGetPaginationDataProvider"
      }
    },
    "callFunctionGetPaginationDataProvider": {
      "module": "vb/action/builtin/callModuleFunctionAction",
      "parameters": {
        "module": "[[ $functions ]]",
        "functionName": "getPaginationDataProvider",
        "params": [
          "{{ $page.variables.showBudgetInfoTableData }}"
        ]
      },
      "outcomes": {
        "success": "assignVariablesShowPaginationBudgetDataProvider"
      }
    },
    "assignVariablesShowPaginationBudgetDataProvider": {
      "module": "vb/action/builtin/assignVariablesAction",
      "parameters": {
        "$page.variables.showPaginationBudgetDataProvider": {
          "source": "{{ $chain.results.callFunctionGetPaginationDataProvider }}"
        }
      }
    }
  }
}