{
  "root": "callRestGetEPMBaseProject",
  "description": "",
  "variables": {},
  "actions": {
    "fireNotification": {
      "module": "vb/action/builtin/fireNotificationEventAction",
      "parameters": {
        "target": "leaf",
        "summary": "[[ $chain.results.callRestGetEPMBaseProject.message.summary ]]",
        "type": "error",
        "displayMode": "persist",
        "message": "[[ $chain.results.callRestGetEPMBaseProject.message.summary ]]"
      }
    },
    "callRestGetEPMBaseProject": {
      "module": "vb/action/builtin/restAction",
      "parameters": {
        "endpoint": "ordsBtftapp/get_EPM_base_project",
        "uriParams": {
          "budget_type_id": "1",
          "prj_comb": "50214,49906,49911,50703,50223,50615,49849,50846,50874,49854,50905,55644,50784,50857,50860,50156,50732,50657,50892,50243,52643,50891,50666,49860,49881,50873,50206,50690,49869,50272,55646,50716,50764,50663,50512,50876,50114,50702,50660,50898,50197,49902,50913,49878,50890,49856,55645,50229,50889,55643,50709,49914,50875,50656,49852,50119,50880,50506,50181,50865,50783,50250,50706,50900,50710,50498,49871,50899,50166,50848,50526,50496,50543,50277,50575,55622,49837,50903,50688,50894,50895,49899,50707,50213,50236,50800,50802,50906,50864,50785,49905,50278,50135,50267,50914,49867,50614,50701,49913,50309,49874,50161,50634,50911,50523,50704,50173,50171,50896,50862,50897,49845,50878,55642,50859,50600,50901,50801,49917,50705,50519,50769,50601,50531,50188,49909,50877",
          "status": "-1",
          "user_name": "{{ $application.user.username }}"
        }
      },
      "outcomes": {
        "failure": "fireNotification",
        "success": "callFunctionPopulateDataFromService"
      }
    },
    "callFunctionPopulateDataFromService": {
      "module": "vb/action/builtin/callModuleFunctionAction",
      "parameters": {
        "module": "[[ $functions ]]",
        "functionName": "populateDataFromService",
        "params": [
          "{{ $chain.results.callRestGetEPMBaseProject.body.items }}"
        ]
      },
      "outcomes": {
        "success": "assignVariablesShowBudgetInfoTableData"
      }
    },
    "assignVariablesShowBudgetInfoTableData": {
      "module": "vb/action/builtin/assignVariablesAction",
      "parameters": {
        "$page.variables.showBudgetInfoTableData": {
          "source": "{{ $chain.results.callFunctionPopulateDataFromService }}"
        }
      },
      "outcomes": {
        "success": "callFunctionGetPaginationDataProvider"
      }
    },
    "callFunctionGetPaginationDataProvider": {
      "module": "vb/action/builtin/callModuleFunctionAction",
      "parameters": {
        "module": "[[ $functions ]]",
        "functionName": "getPaginationDataProvider",
        "params": [
          "{{ $page.variables.showBudgetInfoTableData }}"
        ]
      },
      "outcomes": {
        "success": "assignVariablesShowPaginationBudgetDataProvider"
      }
    },
    "assignVariablesShowPaginationBudgetDataProvider": {
      "module": "vb/action/builtin/assignVariablesAction",
      "parameters": {
        "$page.variables.showPaginationBudgetDataProvider": {
          "source": "{{ $chain.results.callFunctionGetPaginationDataProvider }}"
        }
      }
    }
  }
}