{
  "root": "callFunctionShowLoaderDiv",
  "description": "",
  "actions": {
    "fireNotification": {
      "module": "vb/action/builtin/fireNotificationEventAction",
      "parameters": {
        "target": "leaf",
        "summary": "[[ $chain.results.callRestGetProjectSearchVersionReport.message.summary ]]",
        "type": "error",
        "displayMode": "persist",
        "message": "[[ $chain.results.callRestGetProjectSearchVersionReport.message.summary ]]"
      }
    },
    "callRestGetProjectSearchVersionReport": {
      "module": "vb/action/builtin/restAction",
      "parameters": {
        "endpoint": "ordsBtftapp/getProjectSearchVersion_report",
        "uriParams": {
          "authority_code": "{{ $page.variables.selAuthorityCode ? $page.variables.selAuthorityCode : \"\" }}",
          "base_period_code": "{{ $page.variables.selBudgetYear ? $page.variables.selBudgetYear :\"\" }}",
          "base_project_number": "{{ $page.variables.selBaseProjCode ? $page.variables.selBaseProjCode : \"\" }}",
          "budget_type_id": "{{ $page.variables.selBudgetType ? $page.variables.selBudgetType : \"\" }}",
          "cost_centre_code": "{{ $page.variables.selCostCenterCode ? $page.variables.selCostCenterCode : \"\" }}",
          "current_version_flag": "",
          "initiative_code": "{{ $page.variables.selInitiativeCode ? $page.variables.selInitiativeCode : \"\" }}",
          "parent_change_flag": "",
          "sub_project_number": "{{ $page.variables.selSubProjNum ? $page.variables.selSubProjNum : \"\" }}",
          "version_id": "{{ $page.variables.versionid ? $page.variables.versionid : \"\" }}",
          "status": "{{ $page.variables.selStatus ? $page.variables.selStatus : \"\" }}",
          "transaction_type": "{{ $page.variables.selTransType ? $page.variables.selTransType : \"\" }}",
          "user_name": "{{ $application.user.username }}"
        }
      },
      "outcomes": {
        "failure": "fireNotification",
        "success": "assignVariablesSearchResponseObj"
      }
    },
    "callFunctionPopulateDataFromService": {
      "module": "vb/action/builtin/callModuleFunctionAction",
      "parameters": {
        "module": "[[ $functions ]]",
        "functionName": "populateDataFromService",
        "params": [
          "{{ $chain.results.callRestGetProjectSearchVersionReport.body.items }}",
          "{{ $page.variables.selTransType }}",
          "{{ $page.variables.selStatus }}",
          "{{ $application.variables.configVal.HeaderLabels }}",
          "{{ $application.variables.configVal.budgetTypes }}"
        ]
      },
      "outcomes": {
        "success": "assignVariablesShowBudgetInfoTableData"
      }
    },
    "assignVariablesShowBudgetInfoTableData": {
      "module": "vb/action/builtin/assignVariablesAction",
      "parameters": {
        "$page.variables.showBudgetInfoTableData": {
          "source": "{{ $chain.results.callFunctionPopulateDataFromService.mainHeaderArray }}"
        },
        "$flow.variables.tempDistinctYearArr": {
          "source": "{{ $chain.results.callFunctionPopulateDataFromService.tempDistinctPeriodArr }}"
        },
        "$page.variables.showBugdetInfoADP": {
          "source": {
            "data": "{{ $chain.results.callFunctionPopulateDataFromService.mainHeaderArray }}"
          },
          "reset": "empty",
          "auto": "always"
        }
      },
      "outcomes": {
        "success": "callFunctionPrintObject2"
      }
    },
    "callFunctionGetPaginationDataProvider": {
      "module": "vb/action/builtin/callModuleFunctionAction",
      "parameters": {
        "module": "[[ $functions ]]",
        "functionName": "getPaginationDataProvider",
        "params": [
          "{{ $chain.results.callFunctionPopulateDataFromService.mainHeaderArray }}"
        ]
      },
      "outcomes": {
        "success": "assignVariablesShowPaginationBudgetDataProvider"
      }
    },
    "assignVariablesShowPaginationBudgetDataProvider": {
      "module": "vb/action/builtin/assignVariablesAction",
      "parameters": {
        "$flow.variables.showPaginationBudgetDataProvider": {
          "source": "{{ $chain.results.callFunctionGetPaginationDataProvider }}"
        },
        "$page.variables.showPaginationBudgetDataProvider": {
          "source": "{{ $chain.results.callFunctionGetPaginationDataProvider }}"
        },
        "$flow.variables.transactionType": {
          "source": "{{ $page.variables.selTransType }}"
        }
      },
      "outcomes": {
        "success": "callFunctionPrintObject"
      }
    },
    "callFunctionCreateExportData": {
      "module": "vb/action/builtin/callModuleFunctionAction",
      "parameters": {
        "module": "[[ $functions ]]",
        "functionName": "createExportData",
        "params": [
          "{{ $chain.results.callFunctionPopulateDataFromService.mainHeaderArray }}",
          "{{ $page.variables.selTransType }}",
          "{{ $application.variables.configVal.csvHeaderLabels }}",
          "{{ $application.variables.configVal.HeaderLabels }}"
        ]
      },
      "outcomes": {
        "success": "assignVariablesExportCSVProjViaStatus"
      }
    },
    "assignVariablesSearchResponseObj": {
      "module": "vb/action/builtin/assignVariablesAction",
      "parameters": {
        "$page.variables.searchResponseObj": {
          "source": "{{ $chain.results.callRestGetProjectSearchVersionReport.body.items }}"
        }
      },
      "outcomes": {
        "success": "ifSearchResponseObj"
      }
    },
    "assignVariablesExportCSVProjViaStatus": {
      "module": "vb/action/builtin/assignVariablesAction",
      "parameters": {
        "$page.variables.exportCSVProjViaStatus": {
          "source": "{{ $chain.results.callFunctionCreateExportData }}"
        },
        "$flow.variables.exportCSVProjViaStatus": {
          "source": "{{ $chain.results.callFunctionCreateExportData }}"
        },
        "$flow.variables.exportProjetBudgetByStatusCSVAnyType": {
          "source": "{{ $chain.results.callFunctionCreateExportData }}"
        }
      },
      "outcomes": {
        "success": "callFunctionHideNoDataDiv"
      }
    },
    "callFunctionShowLoaderDiv": {
      "module": "vb/action/builtin/callModuleFunctionAction",
      "parameters": {
        "module": "[[ $functions ]]",
        "functionName": "showLoaderDiv"
      },
      "outcomes": {
        "success": "callRestGetProjectSearchVersionReport"
      }
    },
    "callFunctionHideLoaderDiv": {
      "module": "vb/action/builtin/callModuleFunctionAction",
      "parameters": {
        "module": "[[ $functions ]]",
        "functionName": "hideLoaderDiv"
      }
    },
    "callFunctionPrintObject": {
      "module": "vb/action/builtin/callModuleFunctionAction",
      "parameters": {
        "module": "[[ $application.functions ]]",
        "functionName": "printObject",
        "params": [
          "{{ $flow.variables.showPaginationBudgetDataProvider + $flow.variables.transactionType }}",
          "===> transaction type paginationBudgetDataProvider variable"
        ]
      },
      "outcomes": {
        "success": "callFunctionCreateExportData"
      }
    },
    "callFunctionPrintObject2": {
      "module": "vb/action/builtin/callModuleFunctionAction",
      "parameters": {
        "module": "[[ $application.functions ]]",
        "functionName": "printObject",
        "params": [
          "{{ $page.variables.showBugdetInfoADP.data }}",
          "budget info adp"
        ]
      },
      "outcomes": {
        "success": "callFunctionGetPaginationDataProvider"
      }
    },
    "ifSearchResponseObj": {
      "module": "vb/action/builtin/ifAction",
      "parameters": {
        "condition": "[[ $page.variables.searchResponseObj.length ]]"
      },
      "outcomes": {
        "true": "callFunctionPopulateDataFromService",
        "false": "callFunctionShowNoDataDiv"
      }
    },
    "callFunctionShowNoDataDiv": {
      "module": "vb/action/builtin/callModuleFunctionAction",
      "parameters": {
        "module": "[[ $functions ]]",
        "functionName": "showNoDataDiv"
      },
      "outcomes": {
        "success": "callFunctionHideLoaderDiv2"
      }
    },
    "callFunctionHideLoaderDiv2": {
      "module": "vb/action/builtin/callModuleFunctionAction",
      "parameters": {
        "module": "[[ $functions ]]",
        "functionName": "hideLoaderDiv"
      }
    },
    "callFunctionHideNoDataDiv": {
      "module": "vb/action/builtin/callModuleFunctionAction",
      "parameters": {
        "module": "[[ $functions ]]",
        "functionName": "hideNoDataDiv"
      },
      "outcomes": {
        "success": "callFunctionHideLoaderDiv"
      }
    }
  }
}