{
  "description": "",
  "root": "callFunctionShowLoading",
  "actions": {
    "callFunctionTest": {
      "module": "vb/action/builtin/callModuleFunctionAction",
      "parameters": {
        "module": "[[ $functions ]]",
        "functionName": "test",
        "params": [
          "{{ $variables.data }}",
          "{{ $variables.subProjectNum }}"
        ]
      },
      "outcomes": {
        "success": "if"
      }
    },
    "if": {
      "module": "vb/action/builtin/ifAction",
      "parameters": {
        "condition": "[[ $variables.data.split('-')[2]==\"Allocated\" || $variables.data.split('-')[2]==\"Phased\" ]]"
      },
      "outcomes": {
        "true": "callRestGetProjectSearchVersionReport",
        "false": "if2"
      }
    },
    "assignVariablesAuthorityCode": {
      "module": "vb/action/builtin/assignVariablesAction",
      "parameters": {
        "$application.variables.authority_code": {
          "source": "{{ $variables.data.split(\"-\")[5] }}"
        },
        "$application.variables.cost_center": {
          "source": "{{ $variables.data.split(\"-\")[6] }}"
        },
        "$application.variables.initiative_code": {
          "source": "{{ $variables.data.split(\"-\")[3] }}"
        },
        "$application.variables.base_project_number": {
          "source": "{{ $variables.data.split(\"-\")[4] }}"
        },
        "$application.variables.selectedBaseProjDet": {
          "source": "{{ $chain.results.callFunctionCreateProjCtrlBudAmtDetData.projCtrlBudArr }}"
        },
        "$application.variables.periodList": {
          "source": "{{ $chain.results.callFunctionCreateProjCtrlBudAmtDetData.periodList }}"
        },
        "$application.variables.sub_proj_status": {
          "source": "{{ $variables.data.split(\"-\")[2] }}"
        },
        "$application.variables.cost_center_name": {
          "source": "{{ $chain.results.callFunctionCreateProjCtrlBudAmtDetData.cost_center_name }}"
        },
        "$application.variables.authority_name": {
          "source": "{{ $chain.results.callFunctionCreateProjCtrlBudAmtDetData.authority_name }}"
        },
        "$application.variables.initiative_name": {
          "source": "{{ $chain.results.callFunctionCreateProjCtrlBudAmtDetData.initiative_name }}"
        },
        "$application.variables.project_name": {
          "source": "{{ $chain.results.callFunctionCreateProjCtrlBudAmtDetData.project_name }}"
        }
      },
      "outcomes": {
        "success": "navigateToMainStartProjectdetails"
      }
    },
    "navigateToMainStartProjectdetails": {
      "module": "vb/action/builtin/navigateAction",
      "parameters": {
        "page": "main-start-projectdetails",
        "params": {
          "editFlag": true,
          "readonlyFlag": true
        }
      }
    },
    "if2": {
      "module": "vb/action/builtin/ifAction",
      "parameters": {
        "condition": "[[ $variables.data.split('-')[2]==\"Draft\" || $variables.data.split('-')[2]==\"Submitted\" || $variables.data.split('-')[2]==\"Approved\" || $variables.data.split('-')[2] ==\"Rejected\" || $variables.data.split('-')[2] ==\"Withdrawn\" || $variables.data.split('-')[2] ==\"Posted\" || $variables.data.split('-')[2] ==\"PostingFailed\" || $variables.data.split('-')[2] ==\"AdminRejected\" || $variables.data.split('-')[2] ==\"PostedError\" ]]"
      },
      "outcomes": {
        "true": "navigateToMainProjectbudgeting"
      }
    },
    "navigateToMainProjectbudgeting": {
      "module": "vb/action/builtin/navigateAction",
      "parameters": {
        "page": "main-projectbudgeting",
        "params": {
          "subProjNum": "{{ $variables.subProjectNum }}"
        }
      }
    },
    "callFunctionCreateProjCtrlBudAmtDetData": {
      "module": "vb/action/builtin/callModuleFunctionAction",
      "parameters": {
        "module": "[[ $functions ]]",
        "functionName": "createProjCtrlBudAmtDetData",
        "params": [
          "{{ $chain.results.callRestGetProjectSearchVersionReport.body.items }}",
          "{{ $variables.data.split(\"-\")[3] }}",
          "{{ $variables.data.split(\"-\")[5] }}",
          "{{ $variables.data.split(\"-\")[6] }}",
          "{{ $variables.data.split(\"-\")[4] }}",
          "{{ $application.variables.configVal.budgetTypes }}"
        ]
      },
      "outcomes": {
        "success": "assignVariablesAuthorityCode"
      }
    },
    "fireNotification": {
      "module": "vb/action/builtin/fireNotificationEventAction",
      "parameters": {
        "target": "leaf",
        "summary": "[[ $chain.results.callRestGetProjectSearchVersionReport.message.summary ]]",
        "type": "error",
        "displayMode": "persist",
        "message": "[[ $chain.results.callRestGetProjectSearchVersionReport.message.summary ]]"
      }
    },
    "callRestGetProjectSearchVersionReport": {
      "module": "vb/action/builtin/restAction",
      "parameters": {
        "endpoint": "ordsBtftapp/getProjectSearchVersion_report",
        "uriParams": {
          "current_version_flag": "{{ $page.variables.selCurrVerFlag }}",
          "base_period_code": "{{ $page.variables.selBudgetYear }}",
          "base_project_number": "{{ $variables.data.project_number }}",
          "budget_type_id": "{{ $page.variables.selBudgetType }}",
          "user_name": "{{  $application.user.username }}",
          "initiative_code": "{{ $variables.data.initiative_code }}",
          "authority_code": "{{ $variables.data.authority_code }}",
          "cost_centre_code": "{{ $variables.data.cost_center }}"
        }
      },
      "outcomes": {
        "failure": "fireNotification",
        "success": "callFunctionCreateProjCtrlBudAmtDetData"
      }
    },
    "callFunctionShowLoading": {
      "module": "vb/action/builtin/callModuleFunctionAction",
      "parameters": {
        "module": "[[ $application.functions ]]",
        "functionName": "showLoading"
      },
      "outcomes": {
        "success": "callFunctionTest"
      }
    }
  },
  "variables": {
    "data": {
      "type": "any",
      "required": true,
      "input": "fromCaller"
    },
    "subProjectNum": {
      "type": "string",
      "required": false,
      "input": "fromCaller"
    }
  }
}