{
  "description": "",
  "root": "resetVariablesBudgetStatusArray",
  "actions": {
    "callFunctionLoadStatusDropDownAsPerTransSel": {
      "module": "vb/action/builtin/callModuleFunctionAction",
      "parameters": {
        "module": "[[ $functions ]]",
        "functionName": "loadStatusDropDownAsPerTransSel",
        "params": [
          "{{ $page.variables.selTransType }}",
          "{{ $page.variables.budgetStatusArray }}"
        ]
      },
      "outcomes": {
        "success": "assignVariablesBudgetStatusArray"
      }
    },
    "assignVariablesBudgetStatusArray": {
      "module": "vb/action/builtin/assignVariablesAction",
      "parameters": {
        "$page.variables.budgetStatusArray": {
          "source": "{{ $chain.results.callFunctionLoadStatusDropDownAsPerTransSel }}"
        }
      },
      "outcomes": {
        "success": "callComponentStatusRefresh2"
      }
    },
    "callComponentStatusRefresh": {
      "module": "vb/action/builtin/callComponentMethodAction",
      "parameters": {
        "component": "{{ document.getElementById('status') }}",
        "method": "refresh"
      },
      "outcomes": {
        "success": "callFunctionLoadStatusDropDownAsPerTransSel"
      }
    },
    "resetVariablesBudgetStatusArray": {
      "module": "vb/action/builtin/resetVariablesAction",
      "parameters": {
        "variables": [
          "$page.variables.budgetStatusArray"
        ]
      },
      "outcomes": {
        "success": "callComponentStatusRefresh"
      }
    },
    "callComponentStatusRefresh2": {
      "module": "vb/action/builtin/callComponentMethodAction",
      "parameters": {
        "component": "{{ document.getElementById('status') }}",
        "method": "refresh"
      }
    }
  },
  "variables": {
    "value": {
      "required": true,
      "type": "any",
      "input": "fromCaller"
    }
  }
}