{
    "items": [
        {
            "role_name": "Project Accountant"
        },
        {
            "role_name": "Project Manager"
        },
        {
            "role_name": "Project Director"
        },
        {
            "role_name": "Team Member"
        }
    ],
    "hasMore": false,
    "limit": 500,
    "offset": 0,
    "count": 4,
    "links": [
        {
            "rel": "self",
            "href": "https://coq4hi5ehnacuc6-dotvicadwdev.adb.ap-sydney-1.oraclecloudapps.com/ords/btftapp_db/ProjectSearch/project_roles"
        },
        {
            "rel": "describedby",
            "href": "https://coq4hi5ehnacuc6-dotvicadwdev.adb.ap-sydney-1.oraclecloudapps.com/ords/btftapp_db/metadata-catalog/ProjectSearch/item"
        },
        {
            "rel": "first",
            "href": "https://coq4hi5ehnacuc6-dotvicadwdev.adb.ap-sydney-1.oraclecloudapps.com/ords/btftapp_db/ProjectSearch/project_roles"
        }
    ]
}