{
    "paths": {
        "exclude": [
            "build/**",
            "docs/**",
            "scripts/**",
            "tests/**",
            "**/private",
            "+(web|mobile)Apps/**/resources/components/**/lib/*"
        ]
    },
    "rules": {
        "translations.audit.propertyNotTranslated": {
            "enabled": false
        },
        "oj-js-noconsole": {
            "description": "console.log() should be removed before general release",
            "enabled": false
        },
        "csslint.duplicate-properties": {
            "description": "Duplicate properties must appear one after the other.",
            "enabled": false
        }
    },
    "auditors": {}
}