{
  "userroles":[
    {
      "name": "Job_Classification_Page_User_Role",
      "description": "Creating role for job classification page",
      "id": "Job_Classification_Page_User_Role",
      "defaultMapping": {}
    }    ,
    {
      "name": "Organization_Publish_Hierarchy_Page_User_Role",
      "description": "creating role for organization publish hierarchy page",
      "id": "Organization_Publish_Hierarchy_Page_User_Role",
      "defaultMapping": {}
    }    ,
    {
      "name": "Organizaton-Dev_Hierarchy_Page_User_Role",
      "description": "creating role for organization dev hierarchy page",
      "id": "Organizaton-Dev_Hierarchy_Page_User_Role",
      "defaultMapping": {}
    }
  ]
}
