{
  "description": "",
  "root": "callModuleFunction2",
  "actions": {
    "callModuleFunction1": {
      "module": "vb/action/builtin/callModuleFunctionAction",
      "parameters": {
        "module": "[[ $functions ]]",
        "functionName": "submitRowERPbutton",
        "params": [
          "{{ $variables.current }}"
        ]
      },
      "outcomes": {
        "success": "callRestEndpoint1"
      }
    },
    "callRestEndpoint1": {
      "module": "vb/action/builtin/restAction",
      "parameters": {
        "endpoint": "importProjectAPIIntegration/postImportProjectsfromVBCS",
        "body": "{{ $chain.results.callModuleFunction1 }}"
      },
      "outcomes": {
        "failure": "fireNotification1",
        "success": "if1"
      }
    },
    "fireNotification1": {
      "module": "vb/action/builtin/fireNotificationEventAction",
      "parameters": {
        "target": "leaf",
        "summary": "[[ $chain.results.callRestEndpoint1.body.ImportProjectBudgetUtilResponse.error.errorReason ]]",
        "type": "error",
        "displayMode": "persist"
      },
      "outcomes": {
        "success": "callModuleFunction3"
      }
    },
    "callModuleFunction2": {
      "module": "vb/action/builtin/callModuleFunctionAction",
      "outcomes": {
        "success": "callModuleFunction1"
      },
      "parameters": {
        "module": "[[ $application.functions ]]",
        "functionName": "showLoading"
      }
    },
    "callModuleFunction3": {
      "module": "vb/action/builtin/callModuleFunctionAction",
      "parameters": {
        "module": "[[ $application.functions ]]",
        "functionName": "hideLoading"
      }
    },
    "fireNotification2": {
      "module": "vb/action/builtin/fireNotificationEventAction",
      "parameters": {
        "target": "leaf",
        "summary": "Submitted to ERP successfully.",
        "displayMode": "transient",
        "type": "confirmation"
      },
      "outcomes": {
        "success": "callActionChain1"
      }
    },
    "callModuleFunction4": {
      "module": "vb/action/builtin/callModuleFunctionAction",
      "parameters": {
        "module": "[[ $application.functions ]]",
        "functionName": "hideLoading"
      }
    },
    "if1": {
      "module": "vb/action/builtin/ifAction",
      "parameters": {
        "condition": "[[ $chain.results.callRestEndpoint1.body.ImportProjectBudgetUtilResponse.Status === 'ERROR' ]]"
      },
      "outcomes": {
        "true": "fireNotification3",
        "false": "callModuleFunction5"
      }
    },
    "fireNotification3": {
      "module": "vb/action/builtin/fireNotificationEventAction",
      "parameters": {
        "target": "leaf",
        "summary": "[[ $chain.results.callRestEndpoint1.body.ImportProjectBudgetUtilResponse.error.errorReason ]]",
        "displayMode": "transient",
        "type": "error"
      },
      "outcomes": {
        "success": "callModuleFunction4"
      }
    },
    "callModuleFunction5": {
      "module": "vb/action/builtin/callModuleFunctionAction",
      "outcomes": {
        "success": "callRestEndpoint2"
      },
      "parameters": {
        "module": "[[ $functions ]]",
        "functionName": "saveBackToBudgetVersion",
        "params": [
          "{{ $application.user.username }}",
          "{{ $variables.current.row.version }}"
        ]
      }
    },
    "callRestEndpoint2": {
      "module": "vb/action/builtin/restAction",
      "parameters": {
        "endpoint": "ordsBtftapp/post_Submit_to_ERP",
        "body": "{{ $chain.results.callModuleFunction5 }}"
      },
      "outcomes": {
        "failure": "fireNotification4",
        "success": "fireNotification2"
      }
    },
    "fireNotification4": {
      "module": "vb/action/builtin/fireNotificationEventAction",
      "parameters": {
        "target": "leaf",
        "summary": "[[ $chain.results.callRestEndpoint2.message.summary ]]",
        "type": "error",
        "displayMode": "persist"
      },
      "outcomes": {
        "success": "callModuleFunction6"
      }
    },
    "callModuleFunction6": {
      "module": "vb/action/builtin/callModuleFunctionAction",
      "parameters": {
        "module": "[[ $application.functions ]]",
        "functionName": "hideLoading"
      }
    },
    "callActionChain1": {
      "module": "vb/action/builtin/callChainAction",
      "parameters": {
        "id": "loadApprovedBudgetDetails"
      },
      "outcomes": {
        "success": "callModuleFunction4"
      }
    }
  },
  "variables": {
    "detail": {
      "required": true,
      "type": "any",
      "input": "fromCaller"
    },
    "key": {
      "required": true,
      "type": "any",
      "input": "fromCaller"
    },
    "index": {
      "required": true,
      "type": "number",
      "input": "fromCaller"
    },
    "current": {
      "required": true,
      "type": "any",
      "input": "fromCaller"
    }
  }
}