{
  "root": "callModuleFunction1",
  "description": "",
  "actions": {
    "callModuleFunction1": {
      "module": "vb/action/builtin/callModuleFunctionAction",
      "outcomes": {
        "success": "callRestEndpoint1"
      },
      "parameters": {
        "module": "[[ $application.functions ]]",
        "functionName": "showLoading"
      }
    },
    "callRestEndpoint1": {
      "module": "vb/action/builtin/restAction",
      "parameters": {
        "endpoint": "ordsBtftapp/get_Approved_proj_budget"
      },
      "outcomes": {
        "failure": "fireNotification1",
        "success": "callModuleFunction2"
      }
    },
    "fireNotification1": {
      "module": "vb/action/builtin/fireNotificationEventAction",
      "parameters": {
        "target": "leaf",
        "summary": "[[ $chain.results.callRestEndpoint1.message.summary ]]",
        "type": "error",
        "displayMode": "persist"
      },
      "outcomes": {
        "success": "callModuleFunction4"
      }
    },
    "callModuleFunction2": {
      "module": "vb/action/builtin/callModuleFunctionAction",
      "parameters": {
        "module": "[[ $functions ]]",
        "functionName": "formatApprovedBudget",
        "params": [
          "{{ $chain.results.callRestEndpoint1.body.items }}"
        ]
      },
      "outcomes": {
        "success": "if1"
      }
    },
    "if1": {
      "module": "vb/action/builtin/ifAction",
      "parameters": {
        "condition": "[[ $page.variables.approvedBudgetDetADP.data.length ]]"
      },
      "outcomes": {
        "true": "fireDataProviderEvent1",
        "false": "fireDataProviderEvent2"
      }
    },
    "fireDataProviderEvent1": {
      "module": "vb/action/builtin/fireDataProviderEventAction",
      "parameters": {
        "target": "[[ $page.variables.approvedBudgetDetADP ]]",
        "remove": {
          "data": "{{ $page.variables.approvedBudgetDetADP.data }}"
        }
      },
      "outcomes": {
        "success": "fireDataProviderEvent2"
      }
    },
    "fireDataProviderEvent2": {
      "module": "vb/action/builtin/fireDataProviderEventAction",
      "parameters": {
        "target": "[[ $page.variables.approvedBudgetDetADP ]]",
        "add": {
          "data": "{{ $chain.results.callModuleFunction2 }}"
        }
      },
      "outcomes": {
        "success": "callModuleFunction3"
      }
    },
    "callModuleFunction3": {
      "module": "vb/action/builtin/callModuleFunctionAction",
      "parameters": {
        "module": "[[ $application.functions ]]",
        "functionName": "hideLoading"
      }
    },
    "callModuleFunction4": {
      "module": "vb/action/builtin/callModuleFunctionAction",
      "parameters": {
        "module": "[[ $application.functions ]]",
        "functionName": "hideLoading"
      }
    }
  }
}