{
  "description": "",
  "root": "resetVariablesAllocationBatchNumber",
  "actions": {
    "resetVariablesAllocationBatchNumber": {
      "module": "vb/action/builtin/resetVariablesAction",
      "parameters": {
        "variables": [
          "$page.variables.allocation_batch_number",
          "$page.variables.version_id"
        ]
      },
      "outcomes": {
        "success": "callChainLoadPageActionChain"
      }
    },
    "callChainLoadPageActionChain": {
      "module": "vb/action/builtin/callChainAction",
      "parameters": {
        "id": "loadPageActionChain"
      }
    }
  },
  "variables": {}
}