{
  "description": "",
  "root": "callFunctionShowLoading",
  "actions": {
    "callFunctionGetBudgetDataToSave": {
      "module": "vb/action/builtin/callModuleFunctionAction",
      "parameters": {
        "module": "[[ $functions ]]",
        "functionName": "getBudgetDataToSave",
        "params": [
          "{{ $application.user.username }}",
          "{{ $variables.action }}",
          "{{ $variables.comments }}",
          "{{ $page.variables.currentPeriod }}",
          "{{ $page.variables.subProjectSummary }}",
          "{{ $page.variables.budgetDataGrid }}",
          "{{ $page.variables.origBudgetDataGrid }}",
          "{{ $page.variables.ifPostError }}",
          "{{ $page.variables.currentAssignee }}",
          "{{ $page.variables.endorserOwner }}"          ,
          "{{ $page.variables.escalatorOwner }}"
        ]
      },
      "outcomes": {
        "success": "ifAction"
      }
    },
    "ifAction": {
      "module": "vb/action/builtin/ifAction",
      "parameters": {
        "condition": "[[ $variables.action === 'SAVE' && $chain.results.callFunctionGetBudgetDataToSave.updated === 'N' ]]"
      },
      "outcomes": {
        "true": "fireNotification",
        "false": "callRestPostProjectForecastProjectTaskSummary"
      }
    },
    "fireNotification": {
      "module": "vb/action/builtin/fireNotificationEventAction",
      "parameters": {
        "target": "leaf",
        "summary": "No data to update!",
        "message": "No data to update!",
        "type": "info"
      },
      "outcomes": {
        "success": "callFunctionHideLoading"
      }
    },
    "fireNotification2": {
      "module": "vb/action/builtin/fireNotificationEventAction",
      "parameters": {
        "target": "leaf",
        "summary": "[[ $chain.results.callRestPostProjectForecastProjectTaskSummary.message.summary ]]",
        "type": "error",
        "displayMode": "persist"
      }
    },
    "if": {
      "module": "vb/action/builtin/ifAction",
      "parameters": {
        "condition": "[[ $chain.results.callRestPostProjectForecastProjectTaskSummary.body.message_type === 'info' ]]"
      },
      "outcomes": {
        "true": "if2",
        "false": "fireNotification4"
      }
    },
    "callRestPostProjectForecastProjectTaskSummary": {
      "module": "vb/action/builtin/restAction",
      "parameters": {
        "endpoint": "ordsBtftapp/postProjectForecastProjectTaskSummary",
        "body": "{{ $chain.results.callFunctionGetBudgetDataToSave }}"
      },
      "outcomes": {
        "failure": "fireNotification2",
        "success": "if"
      }
    },
    "fireNotification4": {
      "module": "vb/action/builtin/fireNotificationEventAction",
      "parameters": {
        "target": "leaf",
        "summary": "[[ $chain.results.callRestPostProjectForecastProjectTaskSummary.body.message ]]",
        "message": "[[ $chain.results.callRestPostProjectForecastProjectTaskSummary.body.message ]]"
      },
      "outcomes": {
        "success": "callChainLoadPageActionChain"
      }
    },
    "callFunctionShowLoading": {
      "module": "vb/action/builtin/callModuleFunctionAction",
      "parameters": {
        "module": "[[ $application.functions ]]",
        "functionName": "showLoading"
      },
      "outcomes": {
        "success": "callFunctionGetBudgetDataToSave"
      }
    },
    "callChainLoadPageActionChain": {
      "module": "vb/action/builtin/callChainAction",
      "parameters": {
        "id": "loadPageActionChain"
      },
      "outcomes": {
        "success": "callFunctionHideLoading"
      }
    },
    "callFunctionHideLoading": {
      "module": "vb/action/builtin/callModuleFunctionAction",
      "parameters": {
        "module": "[[ $application.functions ]]",
        "functionName": "hideLoading"
      },
      "outcomes": {}
    },
    "if5": {
      "module": "vb/action/builtin/ifAction",
      "parameters": {
        "condition": "[[ $chain.results.callRestPostINT158BFAOPAPROJEFORECASTWF1InvokeOPAWorkFlow.body.Status === 'SUCCESS' ]]"
      },
      "outcomes": {
        "true": "callFunctionGetSuccessMessageBasedOnAction",
        "false": "fireNotification11"
      }
    },
    "callFunctionGetOPAForecastFlowSave": {
      "module": "vb/action/builtin/callModuleFunctionAction",
      "parameters": {
        "module": "[[ $functions ]]",
        "functionName": "getOPAForecastFlowSave",
        "params": [
          "{{ $application.user.email }}",
          "{{ $variables.action }}",
          "{{ $variables.comments }}",
          "{{ $page.variables.currentPeriod }}",
          "{{ $page.variables.subProjectSummary }}",
          "{{ $page.variables.budgetSummaryADP.data }}",
          "{{ $page.variables.originalbudgetSummaryADP.data }}",
          "{{ $page.variables.currentAssignee }}",
          "{{ $page.variables.opaProcessId }}",
          "{{ $page.variables.autoApproved }}"
        ]
      },
      "outcomes": {
        "success": "callRestPostINT158BFAOPAPROJEFORECASTWF1InvokeOPAWorkFlow"
      }
    },
    "fireNotification7": {
      "module": "vb/action/builtin/fireNotificationEventAction",
      "parameters": {
        "target": "leaf",
        "summary": "[[ $chain.results.callRestPostINT158BFAOPAPROJEFORECASTWF1InvokeOPAWorkFlow.message.summary ]]",
        "type": "error",
        "displayMode": "persist",
        "message": "[[ $chain.results.callRestPostINT158BFAOPAPROJEFORECASTWF1InvokeOPAWorkFlow.message.summary ]]"
      },
      "outcomes": {
        "success": "callChainLoadPageActionChain"
      }
    },
    "callRestPostINT158BFAOPAPROJEFORECASTWF1InvokeOPAWorkFlow": {
      "module": "vb/action/builtin/restAction",
      "parameters": {
        "endpoint": "invokeForecastFlow/postINT158_BFA_OPA_PROJE_FORECAST_WF1_0InvokeOPAWorkFlow",
        "body": "{{ $chain.results.callFunctionGetOPAForecastFlowSave }}"
      },
      "outcomes": {
        "success": "if5",
        "failure": "fireNotification7"
      }
    },
    "fireNotification11": {
      "module": "vb/action/builtin/fireNotificationEventAction",
      "parameters": {
        "target": "leaf",
        "summary": "[[ $chain.results.callRestPostINT158BFAOPAPROJEFORECASTWF1InvokeOPAWorkFlow.body.Message ]]",
        "message": "[[ $chain.results.callRestPostINT158BFAOPAPROJEFORECASTWF1InvokeOPAWorkFlow.body.Message ]]"
      },
      "outcomes": {
        "success": "callChainLoadPageActionChain"
      }
    },
    "callFunctionGetSuccessMessageBasedOnAction": {
      "module": "vb/action/builtin/callModuleFunctionAction",
      "parameters": {
        "module": "[[ $functions ]]",
        "functionName": "getSuccessMessageBasedOnAction",
        "params": [
          "{{ $variables.action }}"
        ]
      },
      "outcomes": {
        "success": "fireNotification8"
      }
    },
    "fireNotification8": {
      "module": "vb/action/builtin/fireNotificationEventAction",
      "parameters": {
        "target": "leaf",
        "summary": "Success",
        "message": "[[ \"The WBS Forecast have been \" + $chain.results.callFunctionGetSuccessMessageBasedOnAction + \" successfully.\" ]]",
        "displayMode": "persist",
        "type": "info"
      },
      "outcomes": {
        "success": "callChainLoadPageActionChain"
      }
    },
    "ifAction2": {
      "module": "vb/action/builtin/ifAction",
      "parameters": {
        "condition": "[[ $variables.action === 'Submit' ]]"
      },
      "outcomes": {
        "true": "callFunctionGetOPAForecastFlowSave",
        "false": "callRestGetOpaProcessIdByAllocationNumber2"

      }
    },
    "fireNotification9": {
      "module": "vb/action/builtin/fireNotificationEventAction",
      "parameters": {
        "target": "leaf",
        "summary": "[[ $chain.results.callRestGetOpaProcessIdByAllocationNumber2.message.summary ]]",
        "type": "error",
        "displayMode": "persist",
        "message": "$chain.results.callRestGetOpaProcessIdByAllocationNumber2.message.summary"
      }
    },
    "callRestGetOpaProcessIdByAllocationNumber2": {
      "module": "vb/action/builtin/restAction",
      "parameters": {
        "endpoint": "ordsBtftapp/getOpaProcessIdByAllocationNumber",
        "uriParams": {
          "p_allocation_batch_number": "{{ $page.variables.subProjectSummary.allocation_batch_number }}"
        }
      },
      "outcomes": {
        "success": "assignVariablesOpaProcessId",
        "failure": "fireNotification9"
      }
    },
    "assignVariablesOpaProcessId": {
      "module": "vb/action/builtin/assignVariablesAction",
      "parameters": {
        "$page.variables.opaProcessId": {
          "source": "{{ $chain.results.callRestGetOpaProcessIdByAllocationNumber2.body.items[0].opa_process_id }}"
        }
      },
      "outcomes": {
        "success": "callFunctionGetOPAForecastFlowSave"
      }
    },
    "if2": {
      "module": "vb/action/builtin/ifAction",
      "parameters": {
        "condition": "[[ $variables.action === 'SAVE' || $variables.action === 'Post' || $variables.action === 'Postederror' || $variables.action === 'Accept' ]]"
      },
      "outcomes": {
        "true": "callChainLoadPageActionChain",
        "false": "ifAction2"
      }
    }
  },
  "variables": {
    "action": {
      "type": "string",
      "required": true,
      "input": "fromCaller"
    },
    "assignedto": {
      "type": "string",
      "input": "fromCaller"
    },
    "comments": {
      "type": "string",
      "required": false,
      "input": "fromCaller"
    }

  }
}