{
  "root": "ifValue",
  "description": "",
  "variables": {
    "value": {
      "type": "object[]",
      "required": true,
      "input": "fromCaller"
    }
  },
  "actions": {
    "callFunctionSetDatagridEditMode": {
      "module": "vb/action/builtin/callModuleFunctionAction",
      "parameters": {
        "module": "[[ $functions ]]",
        "functionName": "setDatagridEditMode",
        "params": [
          "{{ $page.variables.subProjectSummary.status }}",
          "{{ $page.variables.editFlag }}",
          "{{ $page.variables.historyFlag }}",
          "{{ $variables.value[0] }}"
        ]
      },
      "outcomes": {
        "success": "callChainRefreshGridDataActionChainUpdate"
      }
    },
    "callChainRefreshGridDataActionChainUpdate": {
      "module": "vb/action/builtin/callChainAction",
      "parameters": {
        "id": "RefreshGridDataActionChain_update"
      }
    },
    "assignVariablesIsCheckBoxValueChange": {
      "module": "vb/action/builtin/assignVariablesAction",
      "parameters": {
        "$page.variables.IsCheckBoxValueChange": {
          "source": true
        }
      },
      "outcomes": {
        "success": "callFunctionSetDatagridEditMode"
      }
    },
    "ifValue": {
      "module": "vb/action/builtin/ifAction",
      "parameters": {
        "condition": "[[ $variables.value.length === 0 ]]"
      },
      "outcomes": {
        "true": "assignVariablesSubProjectSummary",
        "false": "assignVariablesSubProjectSummary2"
      }
    },
    "assignVariablesSubProjectSummary": {
      "module": "vb/action/builtin/assignVariablesAction",
      "parameters": {
        "$page.variables.subProjectSummary": {
          "source": {
            "review_completed": "'N'"
          },
          "reset": "none",
          "auto": "always"
        }
      },
      "outcomes": {
        "success": "assignVariablesIsCheckBoxValueChange"
      }
    },
    "assignVariablesSubProjectSummary2": {
      "module": "vb/action/builtin/assignVariablesAction",
      "parameters": {
        "$page.variables.subProjectSummary": {
          "source": {
            "review_completed": "{{ $variables.value[0] }}"
          },
          "reset": "none",
          "auto": "always"
        }
      },
      "outcomes": {
        "success": "assignVariablesIsCheckBoxValueChange"
      }
    }
  }
}