{
  "root": "resetVariablesIfPostError",
  "description": "",
  "actions": {
    "callFunctionCreatePostData": {
      "module": "vb/action/builtin/callModuleFunctionAction",
      "parameters": {
        "module": "[[ $functions ]]",
        "functionName": "createPostData",
        "params": [
          "{{ $page.variables.subProjectSummary }}"
        ]
      },
      "outcomes": {
        "success": "callRestPostImportProjectsfromVBCS"
      }
    },
    "fireNotification": {
      "module": "vb/action/builtin/fireNotificationEventAction",
      "parameters": {
        "target": "leaf",
        "summary": "[[ $chain.results.callRestPostImportProjectsfromVBCS.message.summary ]]",
        "type": "error",
        "displayMode": "persist"
      }
    },
    "callRestPostImportProjectsfromVBCS": {
      "module": "vb/action/builtin/restAction",
      "parameters": {
        "endpoint": "icApi3/postImportProjectsfromVBCS",
        "body": "{{ $chain.results.callFunctionCreatePostData }}"
      },
      "outcomes": {
        "failure": "assignVariablesIfPostError",
        "success": "if"
      }
    },
    "if": {
      "module": "vb/action/builtin/ifAction",
      "parameters": {
        "condition": "[[ $chain.results.callRestPostImportProjectsfromVBCS.body.ImportProjectForecastUtilResponse.Status !== 'Error' ]]"
      },
      "outcomes": {
        "true": "fireNotification4",
        "false": "assignVariablesIfPostError2"
      }
    },
    "fireNotification4": {
      "module": "vb/action/builtin/fireNotificationEventAction",
      "parameters": {
        "target": "leaf",
        "type": "info",
        "summary": "The project allocation data has been posted to ERP successfully.",
        "message": "The project allocation data has been posted to ERP successfully."
      }
    },
    "fireNotification2": {
      "module": "vb/action/builtin/fireNotificationEventAction",
      "parameters": {
        "target": "leaf",
        "summary": "Failed in posting allocation data  to ERP. Please contact Administrator to get more details.",
        "message": "Failed in posting allocation data  to ERP. Please contact Administrator to get more details."
      }
    },
    "assignVariablesIfPostError": {
      "module": "vb/action/builtin/assignVariablesAction",
      "parameters": {
        "$page.variables.ifPostError": {
          "source": true
        }
      },
      "outcomes": {
        "success": "fireNotification"
      }
    },
    "assignVariablesIfPostError2": {
      "module": "vb/action/builtin/assignVariablesAction",
      "parameters": {
        "$page.variables.ifPostError": {
          "source": true
        }
      },
      "outcomes": {
        "success": "fireNotification2"
      }
    },
    "resetVariablesIfPostError": {
      "module": "vb/action/builtin/resetVariablesAction",
      "parameters": {
        "variables": [
          "$page.variables.ifPostError"
        ]
      },
      "outcomes": {
        "success": "callFunctionCreatePostData"
      }
    }
  }
}