{
  "description": "",
  "root": "callFunctionHandleEditEnd",
  "actions": {
    "callFunctionHandleEditEnd": {
      "module": "vb/action/builtin/callModuleFunctionAction",
      "parameters": {
        "module": "[[ $functions ]]",
        "functionName": "handleEditEnd",
        "params": [
          "{{ $variables.event }}",
          "{{ $page.variables.subProjectSummary.budget_data }}",
          "{{ $page.variables.currentPeriod }}",
          "{{ $page.variables.budgetSummaryADP.data }}"
        ]
      },
      "outcomes": {
        "success": "if"
      }
    },
    "fireDataProviderEventBudgetSummaryADP2": {
      "module": "vb/action/builtin/fireDataProviderEventAction",
      "parameters": {
        "target": "[[ $page.variables.budgetSummaryADP ]]",
        "update": {
          "data": "{{ $chain.results.callFunctionHandleEditEnd }}"
        }
      },
      "outcomes": {
        "success": "callFunctionSetTileSelected"
      }
    },
    "callFunctionSetTileSelected": {
      "module": "vb/action/builtin/callModuleFunctionAction",
      "parameters": {
        "module": "[[ $functions ]]",
        "functionName": "setTileSelected",
        "params": [
          "{{ $page.variables.currentPeriod }}",
          "{{ $page.variables.budgetSummaryADP.data }}"
        ]
      },
      "outcomes": {
        "success": "callChainRefreshBarChartActionChain"
      }
    },
    "callChainRefreshBarChartActionChain": {
      "module": "vb/action/builtin/callChainAction",
      "parameters": {
        "id": "RefreshBarChartActionChain"
      },
      "outcomes": {
        "success": "callChainRefreshTotalSummaryActionChain"
      }
    },
    "if": {
      "module": "vb/action/builtin/ifAction",
      "parameters": {
        "condition": "[[ $chain.results.callFunctionHandleEditEnd !== undefined && $chain.results.callFunctionHandleEditEnd !== null ]]"
      },
      "outcomes": {
        "true": "fireDataProviderEventBudgetSummaryADP2",
        "false": "callFunctionSetTileSelected"
      }
    },
    "callChainRefreshTotalSummaryActionChain": {
      "module": "vb/action/builtin/callChainAction",
      "parameters": {
        "id": "RefreshTotalSummaryActionChain"
      }
    }
  },
  "variables": {
    "event": {
      "type": "any",
      "required": true,
      "input": "fromCaller"
    }
  }
}