{
  "root": "runInParallel",
  "description": "",
  "actions": {
    "runInParallel": {
      "module": "vb/action/builtin/forkAction",
      "parameters": {
        "actions": {
          "callRest": "callRestGetProjectForecastCurrentWBSBudgetData",
          "callRestGetProjectForecastCurrentSubProjectSummary": "callRestGetProjectForecastCurrentSubProjectSummary",
          "callRestGetProjectForecastCurrentAllocationSummary": "callRestGetProjectForecastCurrentAllocationSummary",
          "callRest2": "callRestGetProjectForecastCurrentForecastData"
        }
      },
      "outcomes": {
        "join": "assignVariablesSubProjectSummary2"
      }
    },
    "fireNotification": {
      "module": "vb/action/builtin/fireNotificationEventAction",
      "parameters": {
        "target": "leaf",
        "summary": "[[ $chain.results.callRestGetProjectForecastCurrentSubProjectSummary.message.summary ]]",
        "type": "error",
        "displayMode": "persist",
        "message": "Failed to get the allocation data. Please try it again or contact DoT VIC IT team."
      }
    },
    "callRestGetProjectForecastCurrentSubProjectSummary": {
      "module": "vb/action/builtin/restAction",
      "parameters": {
        "endpoint": "ordsBtftapp/getProjectForecastCurrentSubProjectSummary",
        "uriParams": {
          "sub_project_number": "{{ $page.variables.sub_project_number }}"
        }
      },
      "outcomes": {
        "failure": "fireNotification"
      }
    },
    "fireNotification2": {
      "module": "vb/action/builtin/fireNotificationEventAction",
      "parameters": {
        "target": "leaf",
        "summary": "[[ $chain.results.callRestGetProjectForecastCurrentAllocationSummary.message.summary ]]",
        "type": "error",
        "displayMode": "persist",
        "message": "Failed to get the allocation data. Please try it again or contact DoT VIC IT team."
      }
    },
    "callRestGetProjectForecastCurrentAllocationSummary": {
      "module": "vb/action/builtin/restAction",
      "parameters": {
        "endpoint": "ordsBtftapp/getProjectForecastCurrentAllocationSummary",
        "uriParams": {
          "edit_flag": "{{ $page.variables.editFlag ? ($page.variables.editFlag === 'Y' ? 1 :0) :0 }}",
          "sub_project_number": "{{ $page.variables.sub_project_number }}"
        }
      },
      "outcomes": {
        "failure": "fireNotification2"
      }
    },
    "fireNotification3": {
      "module": "vb/action/builtin/fireNotificationEventAction",
      "parameters": {
        "target": "leaf",
        "summary": "[[ $chain.results.callRestGetProjectForecastCurrentWBSBudgetData.message.summary ]]",
        "type": "error",
        "displayMode": "persist",
        "message": "Failed to get the allocation data. Please try it again or contact DoT VIC IT team."
      }
    },
    "fireNotification4": {
      "module": "vb/action/builtin/fireNotificationEventAction",
      "parameters": {
        "target": "leaf",
        "summary": "[[ $chain.results.callRestGetProjectForecastCurrentForecastData.message.summary ]]",
        "type": "error",
        "displayMode": "persist",
        "message": "Failed to get the allocation data. Please try it again or contact DoT VIC IT team."
      }
    },
    "callRestGetProjectForecastCurrentForecastData": {
      "module": "vb/action/builtin/restAction",
      "parameters": {
        "endpoint": "ordsBtftapp/getProjectForecastCurrentForecastData",
        "uriParams": {
          "edit_flag": "{{ $page.variables.editFlag ? ($page.variables.editFlag === 'Y' ? 1 :0) :0 }}",
          "sub_project_number": "{{ $page.variables.sub_project_number }}"
        }
      },
      "outcomes": {
        "failure": "fireNotification4"
      }
    },
    "callRestGetProjectForecastCurrentWBSBudgetData": {
      "module": "vb/action/builtin/restAction",
      "parameters": {
        "endpoint": "ordsBtftapp/getProjectForecastCurrentWBSBudgetData",
        "uriParams": {
          "edit_flag": "{{ $page.variables.editFlag ? ($page.variables.editFlag === 'Y' ? 1 :0) :0 }}",
          "sub_project_number": "{{ $page.variables.sub_project_number }}"
        }
      },
      "outcomes": {
        "failure": "fireNotification3"
      }
    },
    "assignVariablesSubProjectSummary": {
      "module": "vb/action/builtin/assignVariablesAction",
      "parameters": {
        "$page.variables.subProjectSummary": {
          "source": {
            "wbs_budget_data": "{{ $chain.results.callRestGetProjectForecastCurrentWBSBudgetData.body.items }}",
            "budget_data": "{{ $chain.results.callRestGetProjectForecastCurrentForecastData.body.items }}",
            "budget_summary": "{{ $chain.results.callRestGetProjectForecastCurrentAllocationSummary.body.items }}"
          },
          "reset": "none",
          "auto": "always"
        },
        "$page.variables.originalbudgetSummaryADP": {
          "source": {
            "data": "{{ $chain.results.callRestGetProjectForecastCurrentAllocationSummary.body.items }}"
          },
          "reset": "none",
          "auto": "always"
        }
      },
      "outcomes": {
        "success": "fireDataProviderEventBudgetSummaryADP"
      }
    },
    "fireDataProviderEventBudgetSummaryADP": {
      "module": "vb/action/builtin/fireDataProviderEventAction",
      "parameters": {
        "target": "[[ $page.variables.budgetSummaryADP ]]",
        "add": {
          "data": "{{ $page.variables.subProjectSummary.budget_summary }}"
        }
      }
    },
    "assignVariablesSubProjectSummary2": {
      "module": "vb/action/builtin/assignVariablesAction",
      "parameters": {
        "$page.variables.subProjectSummary": {
          "source": "{{ $chain.results.callRestGetProjectForecastCurrentSubProjectSummary.body.items[0] }}",
          "auto": "always"
        }
      },
      "outcomes": {
        "success": "assignVariablesArrReviewCompleted"
      }
    },
    "assignVariablesArrReviewCompleted": {
      "module": "vb/action/builtin/assignVariablesAction",
      "parameters": {
        "$page.variables.arrReviewCompleted": {
          "source": [
            "{{ $page.variables.subProjectSummary.review_completed }}"
          ],
          "reset": "none",
          "auto": "always"
        }
      },
      "outcomes": {
        "success": "assignVariablesSubProjectSummary"
      }
    }
  }
}