{
  "root": "runInParallel",
  "description": "",
  "actions": {
    "runInParallel": {
      "module": "vb/action/builtin/forkAction",
      "parameters": {
        "actions": {
          "callRest": "callRestGetProjectForecastHistoryWBSBudgetData",
          "callRestGetProjectForecastCurrentSubProjectSummary": "callRestGetProjectForecastHistorySubProjectSummary",
          "callRestGetProjectForecastCurrentAllocationSummary": "callRestGetProjectForecastHistoryAllocationSummary",
          "callRest2": "callRestGetProjectForecastHistoryForecastData"
        }
      },
      "outcomes": {
        "join": "assignVariablesSubProjectSummary3"
      }
    },
    "fireNotification": {
      "module": "vb/action/builtin/fireNotificationEventAction",
      "parameters": {
        "target": "leaf",
        "summary": "[[ $chain.results.callRestGetProjectForecastHistorySubProjectSummary.message.summary ]]",
        "type": "error",
        "displayMode": "persist",
        "message": "Failed to get the allocation data. Please try it again or contact DoT VIC IT team."
      }
    },
    "fireNotification2": {
      "module": "vb/action/builtin/fireNotificationEventAction",
      "parameters": {
        "target": "leaf",
        "summary": "[[ $chain.results.callRestGetProjectForecastHistoryAllocationSummary.message.summary ]]",
        "type": "error",
        "displayMode": "persist",
        "message": "Failed to get the allocation data. Please try it again or contact DoT VIC IT team."
      }
    },
    "fireNotification3": {
      "module": "vb/action/builtin/fireNotificationEventAction",
      "parameters": {
        "target": "leaf",
        "summary": "[[ $chain.results.callRestGetProjectForecastHistoryWBSBudgetData.message.summary ]]",
        "type": "error",
        "displayMode": "persist",
        "message": "Failed to get the allocation data. Please try it again or contact DoT VIC IT team."
      }
    },
    "fireNotification4": {
      "module": "vb/action/builtin/fireNotificationEventAction",
      "parameters": {
        "target": "leaf",
        "summary": "[[ $chain.results.callRestGetProjectForecastHistoryForecastData.message.summary ]]",
        "type": "error",
        "displayMode": "persist",
        "message": "Failed to get the allocation data. Please try it again or contact DoT VIC IT team."
      }
    },
    "assignVariablesSubProjectSummary": {
      "module": "vb/action/builtin/assignVariablesAction",
      "parameters": {
        "$page.variables.subProjectSummary": {
          "source": {
            "wbs_budget_data": "{{ $chain.results.callRestGetProjectForecastHistoryWBSBudgetData.body.items }}",
            "budget_data": "{{ $chain.results.callRestGetProjectForecastHistoryForecastData.body.items }}",
            "budget_summary": "{{ $chain.results.callRestGetProjectForecastHistoryAllocationSummary.body.items }}"
          },
          "reset": "none",
          "auto": "always"
        }
      },
      "outcomes": {
        "success": "fireDataProviderEventBudgetSummaryADP"
      }
    },
    "fireDataProviderEventBudgetSummaryADP": {
      "module": "vb/action/builtin/fireDataProviderEventAction",
      "parameters": {
        "target": "[[ $page.variables.budgetSummaryADP ]]",
        "add": {
          "data": "{{ $page.variables.subProjectSummary.budget_summary }}"
        }
      }
    },
    "assignVariablesSubProjectSummary3": {
      "module": "vb/action/builtin/assignVariablesAction",
      "parameters": {
        "$page.variables.subProjectSummary": {
          "source": "{{ $chain.results.callRestGetProjectForecastHistorySubProjectSummary.body.items[0] }}",
          "auto": "always"
        }
      },
      "outcomes": {
        "success": "assignVariablesSubProjectSummary"
      }
    },
    "callRestGetProjectForecastHistoryWBSBudgetData": {
      "module": "vb/action/builtin/restAction",
      "parameters": {
        "endpoint": "ordsBtftapp/getProjectForecastHistoryWBSBudgetData",
        "uriParams": {
          "allocation_batch_number": "{{ $page.variables.allocation_batch_number }}",
          "sub_project_number": "{{ $page.variables.sub_project_number }}",
          "version_id": "{{ $page.variables.version_id }}"
        }
      },
      "outcomes": {
        "failure": "fireNotification3"
      }
    },
    "callRestGetProjectForecastHistoryForecastData": {
      "module": "vb/action/builtin/restAction",
      "parameters": {
        "endpoint": "ordsBtftapp/getProjectForecastHistoryForecastData",
        "uriParams": {
          "allocation_batch_number": "{{ $page.variables.allocation_batch_number }}",
          "sub_project_number": "{{ $page.variables.sub_project_number }}",
          "version_id": "{{ $page.variables.version_id }}"
        }
      },
      "outcomes": {
        "failure": "fireNotification4"
      }
    },
    "callRestGetProjectForecastHistoryAllocationSummary": {
      "module": "vb/action/builtin/restAction",
      "parameters": {
        "endpoint": "ordsBtftapp/getProjectForecastHistoryAllocationSummary",
        "uriParams": {
          "allocation_batch_number": "{{ $page.variables.allocation_batch_number }}",
          "sub_project_number": "{{ $page.variables.sub_project_number }}",
          "version_id": "{{ $page.variables.version_id }}"
        }
      },
      "outcomes": {
        "failure": "fireNotification2"
      }
    },
    "callRestGetProjectForecastHistorySubProjectSummary": {
      "module": "vb/action/builtin/restAction",
      "parameters": {
        "endpoint": "ordsBtftapp/getProjectForecastHistorySubProjectSummary",
        "uriParams": {
          "allocation_batch_number": "{{ $page.variables.allocation_batch_number }}",
          "sub_project_number": "{{ $page.variables.sub_project_number }}",
          "version_id": "{{ $page.variables.version_id }}"
        }
      },
      "outcomes": {
        "failure": "fireNotification"
      }
    }
  }
}