{
  "description": "",
  "root": "switchMenuId",
  "actions": {
    "switchMenuId": {
      "module": "vb/action/builtin/switchAction",
      "parameters": {
        "caseValue": "[[ $variables.menuId ]]",
        "possibleValues": [
          "Budget Forecasting",
          "Comments",
          "History",
          "Contract",
          "WBS"
        ]
      },
      "outcomes": {
        "Budget Forecasting": "callFunctionShowBudgetAllocationDiv",
        "Comments": "callRestGetProjWBSGetProjectComments",
        "History": "callRestGetProjWBSGetProjectHistory",
        "Contract": "navigateToMainProjectContract",
        "WBS": "navigateToMainProjectbudgeting"
      }
    },
    "ifHistoryFlag": {
      "module": "vb/action/builtin/ifAction",
      "parameters": {
        "condition": "[[ $page.variables.historyFlag ]]"
      }
    },
    "callFunctionShowBudgetAllocationDiv": {
      "module": "vb/action/builtin/callModuleFunctionAction",
      "parameters": {
        "module": "[[ $functions ]]",
        "functionName": "showBudgetAllocationDiv"
      },
      "outcomes": {
        "success": "ifHistoryFlag"
      }
    },
    "callFunctionShowCommentTable": {
      "module": "vb/action/builtin/callModuleFunctionAction",
      "parameters": {
        "module": "[[ $functions ]]",
        "functionName": "showCommentTable"
      },
      "outcomes": {
        "success": "callComponentCommentTablecmpRefresh"
      }
    },
    "fireNotification": {
      "module": "vb/action/builtin/fireNotificationEventAction",
      "parameters": {
        "target": "leaf",
        "summary": "[[ $chain.results.callRestGetProjWBSGetProjectComments.message.summary ]]",
        "type": "error",
        "displayMode": "persist"
      }
    },
    "callRestGetProjWBSGetProjectComments": {
      "module": "vb/action/builtin/restAction",
      "parameters": {
        "endpoint": "ordsBtftapp/getProjWBSGetProjectComments",
        "uriParams": {
          "subProjNum": "{{ $page.variables.sub_project_number }}",
          "commentLevel": "F"
        }
      },
      "outcomes": {
        "failure": "fireNotification",
        "success": "ifProjectCommentsADP"
      }
    },
    "ifProjectCommentsADP": {
      "module": "vb/action/builtin/ifAction",
      "parameters": {
        "condition": "[[ $page.variables.projectCommentsADP.data.length ]]"
      },
      "outcomes": {
        "true": "fireDataProviderEventProjectCommentsADP",
        "false": "fireDataProviderEventProjectCommentsADP2"
      }
    },
    "fireDataProviderEventProjectCommentsADP": {
      "module": "vb/action/builtin/fireDataProviderEventAction",
      "parameters": {
        "remove": {
          "data": "{{ $page.variables.projectCommentsADP.data }}"
        },
        "target": "[[ $page.variables.projectCommentsADP ]]"
      },
      "outcomes": {
        "success": "resetVariablesProjectCommentsADP"
      }
    },
    "fireDataProviderEventProjectCommentsADP2": {
      "module": "vb/action/builtin/fireDataProviderEventAction",
      "parameters": {
        "target": "[[ $page.variables.projectCommentsADP ]]",
        "add": {
          "data": "{{ $chain.results.callRestGetProjWBSGetProjectComments.body.items }}"
        }
      },
      "outcomes": {
        "success": "callFunctionPrintObject"
      }
    },
    "fireNotification2": {
      "module": "vb/action/builtin/fireNotificationEventAction",
      "parameters": {
        "target": "leaf",
        "summary": "[[ $chain.results.callRestGetProjWBSGetProjectHistory.message.summary ]]",
        "type": "error",
        "displayMode": "persist"
      }
    },
    "callRestGetProjWBSGetProjectHistory": {
      "module": "vb/action/builtin/restAction",
      "parameters": {
        "endpoint": "ordsBtftapp/getProjWBSGetProjectHistory",
        "uriParams": {
          "subProjNum": "{{ $page.variables.sub_project_number }}",
          "budget_type_id": "2"
        }
      },
      "outcomes": {
        "failure": "fireNotification2",
        "success": "ifProjectHistoryADP"
      }
    },
    "ifProjectHistoryADP": {
      "module": "vb/action/builtin/ifAction",
      "parameters": {
        "condition": "[[ $page.variables.projectHistoryADP.data.length ]]"
      },
      "outcomes": {
        "true": "fireDataProviderEventProjectHistoryADP",
        "false": "fireDataProviderEventProjectHistoryADP2"
      }
    },
    "fireDataProviderEventProjectHistoryADP": {
      "module": "vb/action/builtin/fireDataProviderEventAction",
      "parameters": {
        "target": "[[ $page.variables.projectHistoryADP ]]",
        "remove": {
          "data": "{{ $page.variables.projectHistoryADP.data }}"
        }
      },
      "outcomes": {
        "success": "fireDataProviderEventProjectHistoryADP2"
      }
    },
    "fireDataProviderEventProjectHistoryADP2": {
      "module": "vb/action/builtin/fireDataProviderEventAction",
      "parameters": {
        "target": "[[ $page.variables.projectHistoryADP ]]",
        "add": {
          "data": "{{ $chain.results.callRestGetProjWBSGetProjectHistory.body.items }}"
        }
      },
      "outcomes": {
        "success": "callFunctionShowHistoryTable"
      }
    },
    "callFunctionShowHistoryTable": {
      "module": "vb/action/builtin/callModuleFunctionAction",
      "parameters": {
        "module": "[[ $functions ]]",
        "functionName": "showHistoryTable"
      },
      "outcomes": {
        "success": "callComponentHistoryTablecmpRefresh"
      }
    },
    "callFunctionPrintObject": {
      "module": "vb/action/builtin/callModuleFunctionAction",
      "parameters": {
        "module": "[[ $application.functions ]]",
        "functionName": "printObject",
        "params": [
          "{{ $page.variables.projectCommentsADP.data }}",
          "Project Comments ADP:"
        ]
      },
      "outcomes": {
        "success": "callFunctionShowCommentTable"
      }
    },
    "callComponentCommentTablecmpRefresh": {
      "module": "vb/action/builtin/callComponentMethodAction",
      "parameters": {
        "component": "{{ document.getElementById('commentTablecmp') }}",
        "method": "refresh"
      }
    },
    "callComponentHistoryTablecmpRefresh": {
      "module": "vb/action/builtin/callComponentMethodAction",
      "parameters": {
        "component": "{{ document.getElementById('historyTablecmp') }}",
        "method": "refresh"
      },
      "outcomes": {}
    },
    "navigateToMainProjectContract": {
      "module": "vb/action/builtin/navigateAction",
      "parameters": {
        "page": "main-project-contract",
        "params": {
          "sub_project_number": "{{ $page.variables.sub_project_number }}"
        }
      }
    },
    "navigateToMainProjectbudgeting": {
      "module": "vb/action/builtin/navigateAction",
      "parameters": {
        "page": "main-projectbudgeting",
        "params": {
          "subProjNum": "{{ $page.variables.sub_project_number }}"
        }
      }
    },
    "resetVariablesProjectCommentsADP": {
      "module": "vb/action/builtin/resetVariablesAction",
      "parameters": {
        "variables": [
          "$page.variables.projectCommentsADP"
        ]
      },
      "outcomes": {
        "success": "fireDataProviderEventProjectCommentsADP2"
      }
    }
  },
  "variables": {
    "menuId": {
      "required": true,
      "type": "any",
      "input": "fromCaller"
    }
  }
}