{
  "description": "",
  "root": "resetVariablesActionOwnerList",
  "actions": {
    "callFunctionCheckForDataChange": {
      "module": "vb/action/builtin/callModuleFunctionAction",
      "parameters": {
        "module": "[[ $functions ]]",
        "functionName": "checkForDataChange",
        "params": [
          "{{ $page.variables.budgetDataGrid }}",
          "{{ $page.variables.currentPeriod }}",
          "{{ $page.variables.origBudgetDataGrid }}"
        ]
      },
      "outcomes": {
        "success": "ifFromObject5"
      }
    },
    "if": {
      "module": "vb/action/builtin/ifAction",
      "parameters": {
        "condition": "[[ $chain.results.callFunctionCheckForDataChange.updated_flag ]]"
      },
      "outcomes": {

        "false": "ifFromObject",
        "true": "callComponentSaveWarningDialogueOpen"
      }
    },
    "callComponentSaveWarningDialogueOpen": {
      "module": "vb/action/builtin/callComponentMethodAction",
      "parameters": {
        "component": "{{ document.getElementById('saveWarningDialogue') }}",
        "method": "open"
      }
    },
    "ifFromObject": {
      "module": "vb/action/builtin/ifAction",
      "parameters": {
        "condition": "[[ $variables.fromObject === 'TILE' ]]"
      },
      "outcomes": {
        "true": "callChainClickTileActionCahin",
        "false": "ifFromObject2"
      }
    },
    "callChainClickTileActionCahin": {
      "module": "vb/action/builtin/callChainAction",
      "parameters": {
        "id": "ClickTileActionCahin",
        "params": {
          "periodVal": "{{ $variables.selectedPreiodValue }}"
        }
      },
      "outcomes": {
        "success": "ifFromObject2"
      }
    },
    "ifFromObject2": {
      "module": "vb/action/builtin/ifAction",
      "parameters": {
        "condition": "[[ $variables.fromObject === 'ASSIGNRESOURCE' ]]"
      },
      "outcomes": {
        "true": "callChainOpenTaskExpenditureDialogChain",
        "false": "ifFromObject3"
      }
    },
    "callChainOpenTaskExpenditureDialogChain": {
      "module": "vb/action/builtin/callChainAction",
      "parameters": {
        "id": "OpenTaskExpenditureDialogChain"
      },
      "outcomes": {
        "success": "ifFromObject3"
      }
    },
    "ifFromObject3": {
      "module": "vb/action/builtin/ifAction",
      "parameters": {
        "condition": "[[ $variables.fromObject === 'SUBMIT' ]]"
      },
      "outcomes": {
        "true": "callChainOpenCommentFormActionChain"
      }
    },
    "callChainOpenCommentFormActionChain": {
      "module": "vb/action/builtin/callChainAction",
      "parameters": {
        "id": "OpenCommentFormActionChain",
        "params": {
          "action": "Submit"
        }
      }
    },
    "callFunctionCheckAutoApproved": {
      "module": "vb/action/builtin/callModuleFunctionAction",
      "parameters": {
        "module": "[[ $functions ]]",
        "functionName": "checkAutoApproved",
        "params": [
          "{{ $page.variables.budgetSummaryADP.data }}",
          "{{ $page.variables.originalbudgetSummaryADP.data }}",
          "{{ $chain.results.callRestGetProjectForecastLastPostedAllocationSummary.body.items }}"
        ]
      },
      "outcomes": {
        "success": "assignVariablesAutoApproved"
      }
    },
    "resetVariablesActionOwnerList": {
      "module": "vb/action/builtin/resetVariablesAction",
      "parameters": {
        "variables": [
          "$page.variables.actionOwnerList",
          "$page.variables.endorserCount"          ,
          "$page.variables.approverCount"          ,
          "$page.variables.escalatorCount"
        ]
      },
      "outcomes": {
        "success": "callFunctionCheckForDataChange"
      }
    },
    "assignVariablesAutoApproved": {
      "module": "vb/action/builtin/assignVariablesAction",
      "parameters": {
        "$page.variables.autoApproved": {
          "source": "{{ $chain.results.callFunctionCheckAutoApproved }}"
        }
      },
      "outcomes": {
        "success": "if"
      }
    },
    "fireNotification": {
      "module": "vb/action/builtin/fireNotificationEventAction",
      "parameters": {
        "target": "leaf",
        "summary": "[[ $chain.results.callRestGetProjectForecastLastPostedAllocationSummary.message.summary ]]",
        "type": "error",
        "displayMode": "persist"
      }
    },
    "callRestGetProjectForecastLastPostedAllocationSummary": {
      "module": "vb/action/builtin/restAction",
      "parameters": {
        "endpoint": "ordsBtftapp/getProjectForecastLastPostedAllocationSummary",
        "uriParams": {
          "subprojnum": "{{ $page.variables.sub_project_number }}",
          "budget_type_id": "2"
        }
      },
      "outcomes": {
        "success": "callFunctionCheckAutoApproved",
        "failure": "fireNotification"
      }
    },
    "ifFromObject5": {
      "module": "vb/action/builtin/ifAction",
      "parameters": {
        "condition": "[[ $variables.fromObject === 'SUBMIT' ]]"
      },
      "outcomes": {
        "true": "callRestGetProjectForecastLastPostedAllocationSummary",
        "false": "if"
      }
    }
  },
  "variables": {
    "details": {
      "type": "any",
      "required": false,
      "input": "fromCaller"
    },
    "fromObject": {
      "type": "string",
      "required": false,
      "input": "fromCaller"
    },
    "selectedPreiodValue": {
      "type": "string",
      "required": false,
      "input": "fromCaller"
    }
  }
}