{
  "root": "callFunctionGetBarChartData",
  "description": "",
  "actions": {
    "callFunctionGetBarChartData": {
      "module": "vb/action/builtin/callModuleFunctionAction",
      "parameters": {
        "module": "[[ $functions ]]",
        "functionName": "getBarChartData",
        "params": [
          "{{ $page.variables.currentPeriod }}",
          "{{ $page.variables.budgetSummaryADP.data }}"
        ]
      },
      "outcomes": {
        "success": "ifBarChartDataADP3"
      }
    },
    "ifBarChartDataADP": {
      "module": "vb/action/builtin/ifAction",
      "parameters": {
        "condition": "[[ $page.variables.barChartDataADP.data.length ]]"
      },
      "outcomes": {
        "true": "fireDataProviderEventBarChartDataADP",
        "false": "fireDataProviderEventBarChartDataADP2"
      }
    },
    "fireDataProviderEventBarChartDataADP": {
      "module": "vb/action/builtin/fireDataProviderEventAction",
      "parameters": {
        "update": {
          "data": "{{ $chain.results.callFunctionGetBarChartData }}"
        },
        "target": "[[ $page.variables.barChartDataADP ]]"
      }
    },
    "fireDataProviderEventBarChartDataADP2": {
      "module": "vb/action/builtin/fireDataProviderEventAction",
      "parameters": {
        "target": "[[ $page.variables.barChartDataADP ]]",
        "add": {
          "data": "{{ $chain.results.callFunctionGetBarChartData }}"
        }
      }
    },
    "if": {
      "module": "vb/action/builtin/ifAction",
      "parameters": {
        "condition": "[[ $chain.results.callFunctionGetBarChartData.length ]]"
      },
      "outcomes": {
        "true": "ifBarChartDataADP"
      }
    },
    "ifBarChartDataADP3": {
      "module": "vb/action/builtin/ifAction",
      "parameters": {
        "condition": "[[ $page.variables.barChartDataADP.data.length ]]"
      },
      "outcomes": {
        "true": "fireDataProviderEventBarChartDataADP3",
        "false": "if"
      }
    },
    "fireDataProviderEventBarChartDataADP3": {
      "module": "vb/action/builtin/fireDataProviderEventAction",
      "parameters": {
        "remove": {
          "data": "{{ $page.variables.barChartDataADP.data }}"
        },
        "target": "[[ $page.variables.barChartDataADP ]]"
      },
      "outcomes": {
        "success": "if"
      }
    }
  }
}