{
    "items": [
        {
            "category": "ACTION",
            "status": "OLD",
            "record_number": 84,
            "budget_type_id": -1
        },
        {
            "category": "ACTION",
            "status": "NEW",
            "record_number": 10,
            "budget_type_id": -1
        },
        {
            "category": "ACTION",
            "status": "CB",
            "record_number": 72,
            "budget_type_id": -1
        },
        {
            "category": "ACTION",
            "status": "SP",
            "record_number": 22,
            "budget_type_id": -1
        }
    ]
}