{
  "component-dependencies": {
    "oj-sp": {
      "version": "2407.0.0",
      "components": {
        "messages-banner": "2407.0.0",
        "messages-toast": "2407.0.0",
        "general-overview-page": "2407.0.0",
        "hierarchy-viewer": "2407.0.0",
        "hierarchy-card": "2407.0.0",
        "data-management-page": "2407.0.0",
        "collection-container-advanced": "2407.0.0",
        "general-drawer-template": "2407.0.0",
        "bottom-drawer-template": "2407.0.0",
        "collection-container": "2407.0.0",
        "message-unsaved-changes": "2407.0.0",
        "smart-search-page": "2407.0.0",
        "list-item-template": "2407.0.0",
        "empty-state": "2407.0.0",
        "profile-card": "2407.0.0",
        "in-app-navigation": "2407.0.0",
        "welcome-page": "2407.0.0",
        "output-rich-text": "2407.0.0"
      }
    },
    "oj-dynamic": {
      "version": "16.0.11",
      "components": {
        "form": "16.0.11",
        "table": "16.0.11"
      }
    },
    "oj-dyn": "16.0.11",
      "oj-sample": {
      "version": "8.0.0",
      "components": {
        "export-data": "8.0.0"
      }
    }
}
 }