{
    "dataObject": {
    "emailAddress": "umendra.kapoor@oracle.com",
    "period": "FY25",
    "comments": "submitting ",
    "action": "CREATE_NEW",
    "jobRole": "DOT_AREA_MANAGER",
    "currentBudgetAmount": "56782.89",
    "userID": "T35628",
    "previousBudgetAmount": "67281.90",
    "opaProcessName": "Budget Approval Workflow",
    "businessDays": "P0DT0H1M",
    "projectnumber":"200073.22",
    "allocationBatchNumber" : "1400799",
    "projectname":"HCMT State Costs Delivery",
      "projectBudgetVersion":"1.0"
    }
}