{
    "items": [
        {
            "proj_number": "200073.92",
            "task_code": "05.18.01",
            "resource_id": "Contractors Non Agency",
            "version": "ADT_TEST555",
            "action_by": "aditi.govindraj@oracle.com",
            "action_date": "2021-03-03T18:45:23Z"
        }
    ],
    "hasMore": false,
    "limit": 25,
    "offset": 0,
    "count": 1,
    "links": [
        {
            "rel": "self",
            "href": "https://coq4hi5ehnacuc6-dotvicadwdev.adb.ap-sydney-1.oraclecloudapps.com/ords/btftapp_db/projWBS/submiitedSubProjList"
        },
        {
            "rel": "describedby",
            "href": "https://coq4hi5ehnacuc6-dotvicadwdev.adb.ap-sydney-1.oraclecloudapps.com/ords/btftapp_db/metadata-catalog/projWBS/item"
        },
        {
            "rel": "first",
            "href": "https://coq4hi5ehnacuc6-dotvicadwdev.adb.ap-sydney-1.oraclecloudapps.com/ords/btftapp_db/projWBS/submiitedSubProjList"
        }
    ]
}