{
    "items": [
        {
            "initiative_code": "1022",
            "initiative": "MR4 capital works (VicTrack assets)",
            "authority_code": "3120",
            "authority": "Not Applicable",
            "base_project_number": "200067",
            "cost_centre_code": "2063",
            "cost_centre": "Metro Trains",
            "sub_project_number": "200067.01",
            "sub_project": "MR4 Train capital works (VicTrack assets)",
            "business_unit": "DoT",
            "project_start_date": "01-Jan-2019",
            "project_end_date": "30-Jun-2024",
            "budget_type_name": "Controlling Budget",
            "allocation_batch_number": 71028,
            "parent_batch_number": 70938,
            "status": "Posted",
            "status_date": "2021-07-28T09:12:49.937Z",
            "version_name": "Jul-20 V1",
            "change_status": null,
            "tei_amount": 19610059,
            "authority_totals": [
                {
                    "id": 1,
                    "period_fy": "FY24",
                    "project_authority": "3120",
                    "controlling_budget": 46493113,
                    "wbs_budget": 0,
                    "validate_flag": "Y"
                },
                {
                    "id": 2,
                    "period_fy": "FY29",
                    "project_authority": "3120",
                    "controlling_budget": 0,
                    "wbs_budget": 0,
                    "validate_flag": "N"
                },
                {
                    "id": 3,
                    "period_fy": "FY27",
                    "project_authority": "3120",
                    "controlling_budget": 0,
                    "wbs_budget": 0,
                    "validate_flag": "N"
                },
                {
                    "id": 4,
                    "period_fy": "FY28",
                    "project_authority": "3120",
                    "controlling_budget": 0,
                    "wbs_budget": 0,
                    "validate_flag": "N"
                },
                {
                    "id": 5,
                    "period_fy": "FY31",
                    "project_authority": "3120",
                    "controlling_budget": 0,
                    "wbs_budget": 0,
                    "validate_flag": "N"
                },
                {
                    "id": 6,
                    "period_fy": "FY25",
                    "project_authority": "3120",
                    "controlling_budget": 0,
                    "wbs_budget": 0,
                    "validate_flag": "Y"
                },
                {
                    "id": 7,
                    "period_fy": "FY30",
                    "project_authority": "3120",
                    "controlling_budget": 0,
                    "wbs_budget": 0,
                    "validate_flag": "N"
                },
                {
                    "id": 8,
                    "period_fy": "FY22",
                    "project_authority": "3120",
                    "controlling_budget": 35515517,
                    "wbs_budget": 0,
                    "validate_flag": "Y"
                },
                {
                    "id": 9,
                    "period_fy": "FY23",
                    "project_authority": "3120",
                    "controlling_budget": 49722281,
                    "wbs_budget": 0,
                    "validate_flag": "Y"
                },
                {
                    "id": 10,
                    "period_fy": "FY26",
                    "project_authority": "3120",
                    "controlling_budget": 0,
                    "wbs_budget": 0,
                    "validate_flag": "Y"
                }
            ],
            "budget_summary": [
                {
                    "period_fy": "0",
                    "controlling_budget": 288254709.71,
                    "wbs_budget": 0,
                    "validate_flag": "N"
                },
                {
                    "period_fy": "FY22",
                    "controlling_budget": 35515517,
                    "wbs_budget": 0,
                    "validate_flag": "Y"
                },
                {
                    "period_fy": "FY23",
                    "controlling_budget": 49722281,
                    "wbs_budget": 0,
                    "validate_flag": "Y"
                },
                {
                    "period_fy": "FY24",
                    "controlling_budget": 46493113,
                    "wbs_budget": 0,
                    "validate_flag": "Y"
                },
                {
                    "period_fy": "FY25",
                    "controlling_budget": 0,
                    "wbs_budget": 0,
                    "validate_flag": "Y"
                },
                {
                    "period_fy": "FY26",
                    "controlling_budget": 0,
                    "wbs_budget": 0,
                    "validate_flag": "Y"
                },
                {
                    "period_fy": "FY27",
                    "controlling_budget": null,
                    "wbs_budget": 0,
                    "validate_flag": "N"
                },
                {
                    "period_fy": "FY28",
                    "controlling_budget": null,
                    "wbs_budget": 0,
                    "validate_flag": "N"
                },
                {
                    "period_fy": "FY29",
                    "controlling_budget": null,
                    "wbs_budget": 0,
                    "validate_flag": "N"
                },
                {
                    "period_fy": "FY30",
                    "controlling_budget": null,
                    "wbs_budget": 0,
                    "validate_flag": "N"
                },
                {
                    "period_fy": "FY31",
                    "controlling_budget": null,
                    "wbs_budget": 0,
                    "validate_flag": "N"
                }
            ],
            "budget_data": [
                {
                    "task_number": "01.01.01",
                    "expenditure_type_name": "Acc Depn RoU Buildings Non PSL",
                    "expenditure_type_id": "300000003880233",
                    "authority_code": "3120",
                    "project_start_date": "01-JAN-2019",
                    "project_end_date": "30-JUN-2024",
                    "task_start_date": "01-JAN-2019",
                    "task_end_date": "30-JUN-2024",
                    "period_fy": "FY22",
                    "mcal_year": 2022,
                    "period_code": 2022,
                    "jul": 0,
                    "aug": 0,
                    "sep": 0,
                    "oct": 0,
                    "nov": 0,
                    "dec": 0,
                    "jan": 0,
                    "feb": 0,
                    "mar": 0,
                    "apr": 0,
                    "may": 0,
                    "jun": 0,
                    "row_total": 0
                },
                {
                    "task_number": "01.01.01",
                    "expenditure_type_name": "Acc Depn RoU Buildings Non PSL",
                    "expenditure_type_id": "300000003880233",
                    "authority_code": "3120",
                    "project_start_date": "01-JAN-2019",
                    "project_end_date": "30-JUN-2024",
                    "task_start_date": "01-JAN-2019",
                    "task_end_date": "30-JUN-2024",
                    "period_fy": "FY23",
                    "mcal_year": 2023,
                    "period_code": 2023,
                    "jul": 0,
                    "aug": 0,
                    "sep": 0,
                    "oct": 0,
                    "nov": 0,
                    "dec": 0,
                    "jan": 0,
                    "feb": 0,
                    "mar": 0,
                    "apr": 0,
                    "may": 0,
                    "jun": 0,
                    "row_total": 0
                },
                {
                    "task_number": "01.01.01",
                    "expenditure_type_name": "Acc Depn RoU Buildings Non PSL",
                    "expenditure_type_id": "300000003880233",
                    "authority_code": "3120",
                    "project_start_date": "01-JAN-2019",
                    "project_end_date": "30-JUN-2024",
                    "task_start_date": "01-JAN-2019",
                    "task_end_date": "30-JUN-2024",
                    "period_fy": "FY24",
                    "mcal_year": 2024,
                    "period_code": 2024,
                    "jul": 0,
                    "aug": 0,
                    "sep": 0,
                    "oct": 0,
                    "nov": 0,
                    "dec": 0,
                    "jan": 0,
                    "feb": 0,
                    "mar": 0,
                    "apr": 0,
                    "may": 0,
                    "jun": 0,
                    "row_total": 0
                },
                {
                    "task_number": "01.01.01",
                    "expenditure_type_name": "Acc Depn RoU Buildings Non PSL",
                    "expenditure_type_id": "300000003880233",
                    "authority_code": "3120",
                    "project_start_date": "01-JAN-2019",
                    "project_end_date": "30-JUN-2024",
                    "task_start_date": "01-JAN-2019",
                    "task_end_date": "30-JUN-2024",
                    "period_fy": "FY25",
                    "mcal_year": 2025,
                    "period_code": 2025,
                    "jul": 0,
                    "aug": 0,
                    "sep": 0,
                    "oct": 0,
                    "nov": 0,
                    "dec": 0,
                    "jan": 0,
                    "feb": 0,
                    "mar": 0,
                    "apr": 0,
                    "may": 0,
                    "jun": 0,
                    "row_total": 0
                },
                {
                    "task_number": "01.01.01",
                    "expenditure_type_name": "Acc Depn RoU Buildings Non PSL",
                    "expenditure_type_id": "300000003880233",
                    "authority_code": "3120",
                    "project_start_date": "01-JAN-2019",
                    "project_end_date": "30-JUN-2024",
                    "task_start_date": "01-JAN-2019",
                    "task_end_date": "30-JUN-2024",
                    "period_fy": "FY26",
                    "mcal_year": 2026,
                    "period_code": 2026,
                    "jul": 0,
                    "aug": 0,
                    "sep": 0,
                    "oct": 0,
                    "nov": 0,
                    "dec": 0,
                    "jan": 0,
                    "feb": 0,
                    "mar": 0,
                    "apr": 0,
                    "may": 0,
                    "jun": 0,
                    "row_total": 0
                },
                {
                    "task_number": "01.01.01",
                    "expenditure_type_name": "Acc Depn RoU Buildings Non PSL",
                    "expenditure_type_id": "300000003880233",
                    "authority_code": "3120",
                    "project_start_date": "01-JAN-2019",
                    "project_end_date": "30-JUN-2024",
                    "task_start_date": "01-JAN-2019",
                    "task_end_date": "30-JUN-2024",
                    "period_fy": "FY27",
                    "mcal_year": 2027,
                    "period_code": 2027,
                    "jul": 0,
                    "aug": 0,
                    "sep": 0,
                    "oct": 0,
                    "nov": 0,
                    "dec": 0,
                    "jan": 0,
                    "feb": 0,
                    "mar": 0,
                    "apr": 0,
                    "may": 0,
                    "jun": 0,
                    "row_total": 0
                },
                {
                    "task_number": "01.01.01",
                    "expenditure_type_name": "Acc Depn RoU Buildings Non PSL",
                    "expenditure_type_id": "300000003880233",
                    "authority_code": "3120",
                    "project_start_date": "01-JAN-2019",
                    "project_end_date": "30-JUN-2024",
                    "task_start_date": "01-JAN-2019",
                    "task_end_date": "30-JUN-2024",
                    "period_fy": "FY28",
                    "mcal_year": 2028,
                    "period_code": 2028,
                    "jul": 0,
                    "aug": 0,
                    "sep": 0,
                    "oct": 0,
                    "nov": 0,
                    "dec": 0,
                    "jan": 0,
                    "feb": 0,
                    "mar": 0,
                    "apr": 0,
                    "may": 0,
                    "jun": 0,
                    "row_total": 0
                },
                {
                    "task_number": "01.01.01",
                    "expenditure_type_name": "Acc Depn RoU Buildings Non PSL",
                    "expenditure_type_id": "300000003880233",
                    "authority_code": "3120",
                    "project_start_date": "01-JAN-2019",
                    "project_end_date": "30-JUN-2024",
                    "task_start_date": "01-JAN-2019",
                    "task_end_date": "30-JUN-2024",
                    "period_fy": "FY29",
                    "mcal_year": 2029,
                    "period_code": 2029,
                    "jul": 0,
                    "aug": 0,
                    "sep": 0,
                    "oct": 0,
                    "nov": 0,
                    "dec": 0,
                    "jan": 0,
                    "feb": 0,
                    "mar": 0,
                    "apr": 0,
                    "may": 0,
                    "jun": 0,
                    "row_total": 0
                },
                {
                    "task_number": "01.01.01",
                    "expenditure_type_name": "Acc Depn RoU Buildings Non PSL",
                    "expenditure_type_id": "300000003880233",
                    "authority_code": "3120",
                    "project_start_date": "01-JAN-2019",
                    "project_end_date": "30-JUN-2024",
                    "task_start_date": "01-JAN-2019",
                    "task_end_date": "30-JUN-2024",
                    "period_fy": "FY30",
                    "mcal_year": 2030,
                    "period_code": 2030,
                    "jul": 0,
                    "aug": 0,
                    "sep": 0,
                    "oct": 0,
                    "nov": 0,
                    "dec": 0,
                    "jan": 0,
                    "feb": 0,
                    "mar": 0,
                    "apr": 0,
                    "may": 0,
                    "jun": 0,
                    "row_total": 0
                },
                {
                    "task_number": "01.01.01",
                    "expenditure_type_name": "Acc Depn RoU Buildings Non PSL",
                    "expenditure_type_id": "300000003880233",
                    "authority_code": "3120",
                    "project_start_date": "01-JAN-2019",
                    "project_end_date": "30-JUN-2024",
                    "task_start_date": "01-JAN-2019",
                    "task_end_date": "30-JUN-2024",
                    "period_fy": "FY31",
                    "mcal_year": 2031,
                    "period_code": 2031,
                    "jul": 0,
                    "aug": 0,
                    "sep": 0,
                    "oct": 0,
                    "nov": 0,
                    "dec": 0,
                    "jan": 0,
                    "feb": 0,
                    "mar": 0,
                    "apr": 0,
                    "may": 0,
                    "jun": 0,
                    "row_total": 0
                },
                {
                    "task_number": "01.01.01",
                    "expenditure_type_name": "Amortisation MV VicFleet Lease",
                    "expenditure_type_id": "300000003483899",
                    "authority_code": "3120",
                    "project_start_date": "01-JAN-2019",
                    "project_end_date": "30-JUN-2024",
                    "task_start_date": "01-JAN-2019",
                    "task_end_date": "30-JUN-2024",
                    "period_fy": "FY22",
                    "mcal_year": 2022,
                    "period_code": 2022,
                    "jul": 0,
                    "aug": 0,
                    "sep": 0,
                    "oct": 0,
                    "nov": 0,
                    "dec": 0,
                    "jan": 0,
                    "feb": 0,
                    "mar": 0,
                    "apr": 0,
                    "may": 0,
                    "jun": 0,
                    "row_total": 0
                },
                {
                    "task_number": "01.01.01",
                    "expenditure_type_name": "Amortisation MV VicFleet Lease",
                    "expenditure_type_id": "300000003483899",
                    "authority_code": "3120",
                    "project_start_date": "01-JAN-2019",
                    "project_end_date": "30-JUN-2024",
                    "task_start_date": "01-JAN-2019",
                    "task_end_date": "30-JUN-2024",
                    "period_fy": "FY23",
                    "mcal_year": 2023,
                    "period_code": 2023,
                    "jul": 0,
                    "aug": 0,
                    "sep": 0,
                    "oct": 0,
                    "nov": 0,
                    "dec": 0,
                    "jan": 0,
                    "feb": 0,
                    "mar": 0,
                    "apr": 0,
                    "may": 0,
                    "jun": 0,
                    "row_total": 0
                },
                {
                    "task_number": "01.01.01",
                    "expenditure_type_name": "Amortisation MV VicFleet Lease",
                    "expenditure_type_id": "300000003483899",
                    "authority_code": "3120",
                    "project_start_date": "01-JAN-2019",
                    "project_end_date": "30-JUN-2024",
                    "task_start_date": "01-JAN-2019",
                    "task_end_date": "30-JUN-2024",
                    "period_fy": "FY24",
                    "mcal_year": 2024,
                    "period_code": 2024,
                    "jul": 0,
                    "aug": 0,
                    "sep": 0,
                    "oct": 0,
                    "nov": 0,
                    "dec": 0,
                    "jan": 0,
                    "feb": 0,
                    "mar": 0,
                    "apr": 0,
                    "may": 0,
                    "jun": 0,
                    "row_total": 0
                },
                {
                    "task_number": "01.01.01",
                    "expenditure_type_name": "Amortisation MV VicFleet Lease",
                    "expenditure_type_id": "300000003483899",
                    "authority_code": "3120",
                    "project_start_date": "01-JAN-2019",
                    "project_end_date": "30-JUN-2024",
                    "task_start_date": "01-JAN-2019",
                    "task_end_date": "30-JUN-2024",
                    "period_fy": "FY25",
                    "mcal_year": 2025,
                    "period_code": 2025,
                    "jul": 0,
                    "aug": 0,
                    "sep": 0,
                    "oct": 0,
                    "nov": 0,
                    "dec": 0,
                    "jan": 0,
                    "feb": 0,
                    "mar": 0,
                    "apr": 0,
                    "may": 0,
                    "jun": 0,
                    "row_total": 0
                },
                {
                    "task_number": "01.01.01",
                    "expenditure_type_name": "Amortisation MV VicFleet Lease",
                    "expenditure_type_id": "300000003483899",
                    "authority_code": "3120",
                    "project_start_date": "01-JAN-2019",
                    "project_end_date": "30-JUN-2024",
                    "task_start_date": "01-JAN-2019",
                    "task_end_date": "30-JUN-2024",
                    "period_fy": "FY26",
                    "mcal_year": 2026,
                    "period_code": 2026,
                    "jul": 0,
                    "aug": 0,
                    "sep": 0,
                    "oct": 0,
                    "nov": 0,
                    "dec": 0,
                    "jan": 0,
                    "feb": 0,
                    "mar": 0,
                    "apr": 0,
                    "may": 0,
                    "jun": 0,
                    "row_total": 0
                },
                {
                    "task_number": "01.01.01",
                    "expenditure_type_name": "Amortisation MV VicFleet Lease",
                    "expenditure_type_id": "300000003483899",
                    "authority_code": "3120",
                    "project_start_date": "01-JAN-2019",
                    "project_end_date": "30-JUN-2024",
                    "task_start_date": "01-JAN-2019",
                    "task_end_date": "30-JUN-2024",
                    "period_fy": "FY27",
                    "mcal_year": 2027,
                    "period_code": 2027,
                    "jul": 0,
                    "aug": 0,
                    "sep": 0,
                    "oct": 0,
                    "nov": 0,
                    "dec": 0,
                    "jan": 0,
                    "feb": 0,
                    "mar": 0,
                    "apr": 0,
                    "may": 0,
                    "jun": 0,
                    "row_total": 0
                },
                {
                    "task_number": "01.01.01",
                    "expenditure_type_name": "Amortisation MV VicFleet Lease",
                    "expenditure_type_id": "300000003483899",
                    "authority_code": "3120",
                    "project_start_date": "01-JAN-2019",
                    "project_end_date": "30-JUN-2024",
                    "task_start_date": "01-JAN-2019",
                    "task_end_date": "30-JUN-2024",
                    "period_fy": "FY28",
                    "mcal_year": 2028,
                    "period_code": 2028,
                    "jul": 0,
                    "aug": 0,
                    "sep": 0,
                    "oct": 0,
                    "nov": 0,
                    "dec": 0,
                    "jan": 0,
                    "feb": 0,
                    "mar": 0,
                    "apr": 0,
                    "may": 0,
                    "jun": 0,
                    "row_total": 0
                },
                {
                    "task_number": "01.01.01",
                    "expenditure_type_name": "Amortisation MV VicFleet Lease",
                    "expenditure_type_id": "300000003483899",
                    "authority_code": "3120",
                    "project_start_date": "01-JAN-2019",
                    "project_end_date": "30-JUN-2024",
                    "task_start_date": "01-JAN-2019",
                    "task_end_date": "30-JUN-2024",
                    "period_fy": "FY29",
                    "mcal_year": 2029,
                    "period_code": 2029,
                    "jul": 0,
                    "aug": 0,
                    "sep": 0,
                    "oct": 0,
                    "nov": 0,
                    "dec": 0,
                    "jan": 0,
                    "feb": 0,
                    "mar": 0,
                    "apr": 0,
                    "may": 0,
                    "jun": 0,
                    "row_total": 0
                },
                {
                    "task_number": "01.01.01",
                    "expenditure_type_name": "Amortisation MV VicFleet Lease",
                    "expenditure_type_id": "300000003483899",
                    "authority_code": "3120",
                    "project_start_date": "01-JAN-2019",
                    "project_end_date": "30-JUN-2024",
                    "task_start_date": "01-JAN-2019",
                    "task_end_date": "30-JUN-2024",
                    "period_fy": "FY30",
                    "mcal_year": 2030,
                    "period_code": 2030,
                    "jul": 0,
                    "aug": 0,
                    "sep": 0,
                    "oct": 0,
                    "nov": 0,
                    "dec": 0,
                    "jan": 0,
                    "feb": 0,
                    "mar": 0,
                    "apr": 0,
                    "may": 0,
                    "jun": 0,
                    "row_total": 0
                },
                {
                    "task_number": "01.01.01",
                    "expenditure_type_name": "Amortisation MV VicFleet Lease",
                    "expenditure_type_id": "300000003483899",
                    "authority_code": "3120",
                    "project_start_date": "01-JAN-2019",
                    "project_end_date": "30-JUN-2024",
                    "task_start_date": "01-JAN-2019",
                    "task_end_date": "30-JUN-2024",
                    "period_fy": "FY31",
                    "mcal_year": 2031,
                    "period_code": 2031,
                    "jul": 0,
                    "aug": 0,
                    "sep": 0,
                    "oct": 0,
                    "nov": 0,
                    "dec": 0,
                    "jan": 0,
                    "feb": 0,
                    "mar": 0,
                    "apr": 0,
                    "may": 0,
                    "jun": 0,
                    "row_total": 0
                },
                {
                    "task_number": "01.01.01",
                    "expenditure_type_name": "C Cont Legal Advisory",
                    "expenditure_type_id": "300000003880265",
                    "authority_code": "3120",
                    "project_start_date": "01-JAN-2019",
                    "project_end_date": "30-JUN-2024",
                    "task_start_date": "01-JAN-2019",
                    "task_end_date": "30-JUN-2024",
                    "period_fy": "FY22",
                    "mcal_year": 2022,
                    "period_code": 2022,
                    "jul": 0,
                    "aug": 0,
                    "sep": 0,
                    "oct": 0,
                    "nov": 0,
                    "dec": 0,
                    "jan": 0,
                    "feb": 0,
                    "mar": 0,
                    "apr": 0,
                    "may": 0,
                    "jun": 0,
                    "row_total": 0
                },
                {
                    "task_number": "01.01.01",
                    "expenditure_type_name": "C Cont Legal Advisory",
                    "expenditure_type_id": "300000003880265",
                    "authority_code": "3120",
                    "project_start_date": "01-JAN-2019",
                    "project_end_date": "30-JUN-2024",
                    "task_start_date": "01-JAN-2019",
                    "task_end_date": "30-JUN-2024",
                    "period_fy": "FY23",
                    "mcal_year": 2023,
                    "period_code": 2023,
                    "jul": 0,
                    "aug": 0,
                    "sep": 0,
                    "oct": 0,
                    "nov": 0,
                    "dec": 0,
                    "jan": 0,
                    "feb": 0,
                    "mar": 0,
                    "apr": 0,
                    "may": 0,
                    "jun": 0,
                    "row_total": 0
                },
                {
                    "task_number": "01.01.01",
                    "expenditure_type_name": "C Cont Legal Advisory",
                    "expenditure_type_id": "300000003880265",
                    "authority_code": "3120",
                    "project_start_date": "01-JAN-2019",
                    "project_end_date": "30-JUN-2024",
                    "task_start_date": "01-JAN-2019",
                    "task_end_date": "30-JUN-2024",
                    "period_fy": "FY24",
                    "mcal_year": 2024,
                    "period_code": 2024,
                    "jul": 0,
                    "aug": 0,
                    "sep": 0,
                    "oct": 0,
                    "nov": 0,
                    "dec": 0,
                    "jan": 0,
                    "feb": 0,
                    "mar": 0,
                    "apr": 0,
                    "may": 0,
                    "jun": 0,
                    "row_total": 0
                },
                {
                    "task_number": "01.01.01",
                    "expenditure_type_name": "C Cont Legal Advisory",
                    "expenditure_type_id": "300000003880265",
                    "authority_code": "3120",
                    "project_start_date": "01-JAN-2019",
                    "project_end_date": "30-JUN-2024",
                    "task_start_date": "01-JAN-2019",
                    "task_end_date": "30-JUN-2024",
                    "period_fy": "FY25",
                    "mcal_year": 2025,
                    "period_code": 2025,
                    "jul": 0,
                    "aug": 0,
                    "sep": 0,
                    "oct": 0,
                    "nov": 0,
                    "dec": 0,
                    "jan": 0,
                    "feb": 0,
                    "mar": 0,
                    "apr": 0,
                    "may": 0,
                    "jun": 0,
                    "row_total": 0
                },
                {
                    "task_number": "01.01.01",
                    "expenditure_type_name": "C Cont Legal Advisory",
                    "expenditure_type_id": "300000003880265",
                    "authority_code": "3120",
                    "project_start_date": "01-JAN-2019",
                    "project_end_date": "30-JUN-2024",
                    "task_start_date": "01-JAN-2019",
                    "task_end_date": "30-JUN-2024",
                    "period_fy": "FY26",
                    "mcal_year": 2026,
                    "period_code": 2026,
                    "jul": 0,
                    "aug": 0,
                    "sep": 0,
                    "oct": 0,
                    "nov": 0,
                    "dec": 0,
                    "jan": 0,
                    "feb": 0,
                    "mar": 0,
                    "apr": 0,
                    "may": 0,
                    "jun": 0,
                    "row_total": 0
                },
                {
                    "task_number": "01.01.01",
                    "expenditure_type_name": "C Cont Legal Advisory",
                    "expenditure_type_id": "300000003880265",
                    "authority_code": "3120",
                    "project_start_date": "01-JAN-2019",
                    "project_end_date": "30-JUN-2024",
                    "task_start_date": "01-JAN-2019",
                    "task_end_date": "30-JUN-2024",
                    "period_fy": "FY27",
                    "mcal_year": 2027,
                    "period_code": 2027,
                    "jul": 0,
                    "aug": 0,
                    "sep": 0,
                    "oct": 0,
                    "nov": 0,
                    "dec": 0,
                    "jan": 0,
                    "feb": 0,
                    "mar": 0,
                    "apr": 0,
                    "may": 0,
                    "jun": 0,
                    "row_total": 0
                },
                {
                    "task_number": "01.01.01",
                    "expenditure_type_name": "C Cont Legal Advisory",
                    "expenditure_type_id": "300000003880265",
                    "authority_code": "3120",
                    "project_start_date": "01-JAN-2019",
                    "project_end_date": "30-JUN-2024",
                    "task_start_date": "01-JAN-2019",
                    "task_end_date": "30-JUN-2024",
                    "period_fy": "FY28",
                    "mcal_year": 2028,
                    "period_code": 2028,
                    "jul": 0,
                    "aug": 0,
                    "sep": 0,
                    "oct": 0,
                    "nov": 0,
                    "dec": 0,
                    "jan": 0,
                    "feb": 0,
                    "mar": 0,
                    "apr": 0,
                    "may": 0,
                    "jun": 0,
                    "row_total": 0
                },
                {
                    "task_number": "01.01.01",
                    "expenditure_type_name": "C Cont Legal Advisory",
                    "expenditure_type_id": "300000003880265",
                    "authority_code": "3120",
                    "project_start_date": "01-JAN-2019",
                    "project_end_date": "30-JUN-2024",
                    "task_start_date": "01-JAN-2019",
                    "task_end_date": "30-JUN-2024",
                    "period_fy": "FY29",
                    "mcal_year": 2029,
                    "period_code": 2029,
                    "jul": 0,
                    "aug": 0,
                    "sep": 0,
                    "oct": 0,
                    "nov": 0,
                    "dec": 0,
                    "jan": 0,
                    "feb": 0,
                    "mar": 0,
                    "apr": 0,
                    "may": 0,
                    "jun": 0,
                    "row_total": 0
                },
                {
                    "task_number": "01.01.01",
                    "expenditure_type_name": "C Cont Legal Advisory",
                    "expenditure_type_id": "300000003880265",
                    "authority_code": "3120",
                    "project_start_date": "01-JAN-2019",
                    "project_end_date": "30-JUN-2024",
                    "task_start_date": "01-JAN-2019",
                    "task_end_date": "30-JUN-2024",
                    "period_fy": "FY30",
                    "mcal_year": 2030,
                    "period_code": 2030,
                    "jul": 0,
                    "aug": 0,
                    "sep": 0,
                    "oct": 0,
                    "nov": 0,
                    "dec": 0,
                    "jan": 0,
                    "feb": 0,
                    "mar": 0,
                    "apr": 0,
                    "may": 0,
                    "jun": 0,
                    "row_total": 0
                },
                {
                    "task_number": "01.01.01",
                    "expenditure_type_name": "C Cont Legal Advisory",
                    "expenditure_type_id": "300000003880265",
                    "authority_code": "3120",
                    "project_start_date": "01-JAN-2019",
                    "project_end_date": "30-JUN-2024",
                    "task_start_date": "01-JAN-2019",
                    "task_end_date": "30-JUN-2024",
                    "period_fy": "FY31",
                    "mcal_year": 2031,
                    "period_code": 2031,
                    "jul": 0,
                    "aug": 0,
                    "sep": 0,
                    "oct": 0,
                    "nov": 0,
                    "dec": 0,
                    "jan": 0,
                    "feb": 0,
                    "mar": 0,
                    "apr": 0,
                    "may": 0,
                    "jun": 0,
                    "row_total": 0
                },
                {
                    "task_number": "01.01.01",
                    "expenditure_type_name": "Earthworks",
                    "expenditure_type_id": "300000003483845",
                    "authority_code": "3120",
                    "project_start_date": "01-JAN-2019",
                    "project_end_date": "30-JUN-2024",
                    "task_start_date": "01-JAN-2019",
                    "task_end_date": "30-JUN-2024",
                    "period_fy": "FY22",
                    "mcal_year": 2022,
                    "period_code": 2022,
                    "jul": 0,
                    "aug": 0,
                    "sep": 0,
                    "oct": 0,
                    "nov": 0,
                    "dec": 0,
                    "jan": 0,
                    "feb": 0,
                    "mar": 0,
                    "apr": 0,
                    "may": 0,
                    "jun": 0,
                    "row_total": 0
                },
                {
                    "task_number": "01.01.01",
                    "expenditure_type_name": "Earthworks",
                    "expenditure_type_id": "300000003483845",
                    "authority_code": "3120",
                    "project_start_date": "01-JAN-2019",
                    "project_end_date": "30-JUN-2024",
                    "task_start_date": "01-JAN-2019",
                    "task_end_date": "30-JUN-2024",
                    "period_fy": "FY23",
                    "mcal_year": 2023,
                    "period_code": 2023,
                    "jul": 0,
                    "aug": 0,
                    "sep": 0,
                    "oct": 0,
                    "nov": 0,
                    "dec": 0,
                    "jan": 0,
                    "feb": 0,
                    "mar": 0,
                    "apr": 0,
                    "may": 0,
                    "jun": 0,
                    "row_total": 0
                },
                {
                    "task_number": "01.01.01",
                    "expenditure_type_name": "Earthworks",
                    "expenditure_type_id": "300000003483845",
                    "authority_code": "3120",
                    "project_start_date": "01-JAN-2019",
                    "project_end_date": "30-JUN-2024",
                    "task_start_date": "01-JAN-2019",
                    "task_end_date": "30-JUN-2024",
                    "period_fy": "FY24",
                    "mcal_year": 2024,
                    "period_code": 2024,
                    "jul": 0,
                    "aug": 0,
                    "sep": 0,
                    "oct": 0,
                    "nov": 0,
                    "dec": 0,
                    "jan": 0,
                    "feb": 0,
                    "mar": 0,
                    "apr": 0,
                    "may": 0,
                    "jun": 0,
                    "row_total": 0
                },
                {
                    "task_number": "01.01.01",
                    "expenditure_type_name": "Earthworks",
                    "expenditure_type_id": "300000003483845",
                    "authority_code": "3120",
                    "project_start_date": "01-JAN-2019",
                    "project_end_date": "30-JUN-2024",
                    "task_start_date": "01-JAN-2019",
                    "task_end_date": "30-JUN-2024",
                    "period_fy": "FY25",
                    "mcal_year": 2025,
                    "period_code": 2025,
                    "jul": 0,
                    "aug": 0,
                    "sep": 0,
                    "oct": 0,
                    "nov": 0,
                    "dec": 0,
                    "jan": 0,
                    "feb": 0,
                    "mar": 0,
                    "apr": 0,
                    "may": 0,
                    "jun": 0,
                    "row_total": 0
                },
                {
                    "task_number": "01.01.01",
                    "expenditure_type_name": "Earthworks",
                    "expenditure_type_id": "300000003483845",
                    "authority_code": "3120",
                    "project_start_date": "01-JAN-2019",
                    "project_end_date": "30-JUN-2024",
                    "task_start_date": "01-JAN-2019",
                    "task_end_date": "30-JUN-2024",
                    "period_fy": "FY26",
                    "mcal_year": 2026,
                    "period_code": 2026,
                    "jul": 0,
                    "aug": 0,
                    "sep": 0,
                    "oct": 0,
                    "nov": 0,
                    "dec": 0,
                    "jan": 0,
                    "feb": 0,
                    "mar": 0,
                    "apr": 0,
                    "may": 0,
                    "jun": 0,
                    "row_total": 0
                },
                {
                    "task_number": "01.01.01",
                    "expenditure_type_name": "Earthworks",
                    "expenditure_type_id": "300000003483845",
                    "authority_code": "3120",
                    "project_start_date": "01-JAN-2019",
                    "project_end_date": "30-JUN-2024",
                    "task_start_date": "01-JAN-2019",
                    "task_end_date": "30-JUN-2024",
                    "period_fy": "FY27",
                    "mcal_year": 2027,
                    "period_code": 2027,
                    "jul": 0,
                    "aug": 0,
                    "sep": 0,
                    "oct": 0,
                    "nov": 0,
                    "dec": 0,
                    "jan": 0,
                    "feb": 0,
                    "mar": 0,
                    "apr": 0,
                    "may": 0,
                    "jun": 0,
                    "row_total": 0
                },
                {
                    "task_number": "01.01.01",
                    "expenditure_type_name": "Earthworks",
                    "expenditure_type_id": "300000003483845",
                    "authority_code": "3120",
                    "project_start_date": "01-JAN-2019",
                    "project_end_date": "30-JUN-2024",
                    "task_start_date": "01-JAN-2019",
                    "task_end_date": "30-JUN-2024",
                    "period_fy": "FY28",
                    "mcal_year": 2028,
                    "period_code": 2028,
                    "jul": 0,
                    "aug": 0,
                    "sep": 0,
                    "oct": 0,
                    "nov": 0,
                    "dec": 0,
                    "jan": 0,
                    "feb": 0,
                    "mar": 0,
                    "apr": 0,
                    "may": 0,
                    "jun": 0,
                    "row_total": 0
                },
                {
                    "task_number": "01.01.01",
                    "expenditure_type_name": "Earthworks",
                    "expenditure_type_id": "300000003483845",
                    "authority_code": "3120",
                    "project_start_date": "01-JAN-2019",
                    "project_end_date": "30-JUN-2024",
                    "task_start_date": "01-JAN-2019",
                    "task_end_date": "30-JUN-2024",
                    "period_fy": "FY29",
                    "mcal_year": 2029,
                    "period_code": 2029,
                    "jul": 0,
                    "aug": 0,
                    "sep": 0,
                    "oct": 0,
                    "nov": 0,
                    "dec": 0,
                    "jan": 0,
                    "feb": 0,
                    "mar": 0,
                    "apr": 0,
                    "may": 0,
                    "jun": 0,
                    "row_total": 0
                },
                {
                    "task_number": "01.01.01",
                    "expenditure_type_name": "Earthworks",
                    "expenditure_type_id": "300000003483845",
                    "authority_code": "3120",
                    "project_start_date": "01-JAN-2019",
                    "project_end_date": "30-JUN-2024",
                    "task_start_date": "01-JAN-2019",
                    "task_end_date": "30-JUN-2024",
                    "period_fy": "FY30",
                    "mcal_year": 2030,
                    "period_code": 2030,
                    "jul": 0,
                    "aug": 0,
                    "sep": 0,
                    "oct": 0,
                    "nov": 0,
                    "dec": 0,
                    "jan": 0,
                    "feb": 0,
                    "mar": 0,
                    "apr": 0,
                    "may": 0,
                    "jun": 0,
                    "row_total": 0
                },
                {
                    "task_number": "01.01.01",
                    "expenditure_type_name": "Earthworks",
                    "expenditure_type_id": "300000003483845",
                    "authority_code": "3120",
                    "project_start_date": "01-JAN-2019",
                    "project_end_date": "30-JUN-2024",
                    "task_start_date": "01-JAN-2019",
                    "task_end_date": "30-JUN-2024",
                    "period_fy": "FY31",
                    "mcal_year": 2031,
                    "period_code": 2031,
                    "jul": 0,
                    "aug": 0,
                    "sep": 0,
                    "oct": 0,
                    "nov": 0,
                    "dec": 0,
                    "jan": 0,
                    "feb": 0,
                    "mar": 0,
                    "apr": 0,
                    "may": 0,
                    "jun": 0,
                    "row_total": 0
                },
                {
                    "task_number": "01.01.01",
                    "expenditure_type_name": "Financial Services",
                    "expenditure_type_id": "300000003880093",
                    "authority_code": "3120",
                    "project_start_date": "01-JAN-2019",
                    "project_end_date": "30-JUN-2024",
                    "task_start_date": "01-JAN-2019",
                    "task_end_date": "30-JUN-2024",
                    "period_fy": "FY22",
                    "mcal_year": 2022,
                    "period_code": 2022,
                    "jul": 0,
                    "aug": 0,
                    "sep": 0,
                    "oct": 0,
                    "nov": 0,
                    "dec": 0,
                    "jan": 0,
                    "feb": 0,
                    "mar": 0,
                    "apr": 0,
                    "may": 0,
                    "jun": 0,
                    "row_total": 0
                },
                {
                    "task_number": "01.01.01",
                    "expenditure_type_name": "Financial Services",
                    "expenditure_type_id": "300000003880093",
                    "authority_code": "3120",
                    "project_start_date": "01-JAN-2019",
                    "project_end_date": "30-JUN-2024",
                    "task_start_date": "01-JAN-2019",
                    "task_end_date": "30-JUN-2024",
                    "period_fy": "FY23",
                    "mcal_year": 2023,
                    "period_code": 2023,
                    "jul": 0,
                    "aug": 0,
                    "sep": 0,
                    "oct": 0,
                    "nov": 0,
                    "dec": 0,
                    "jan": 0,
                    "feb": 0,
                    "mar": 0,
                    "apr": 0,
                    "may": 0,
                    "jun": 0,
                    "row_total": 0
                },
                {
                    "task_number": "01.01.01",
                    "expenditure_type_name": "Financial Services",
                    "expenditure_type_id": "300000003880093",
                    "authority_code": "3120",
                    "project_start_date": "01-JAN-2019",
                    "project_end_date": "30-JUN-2024",
                    "task_start_date": "01-JAN-2019",
                    "task_end_date": "30-JUN-2024",
                    "period_fy": "FY24",
                    "mcal_year": 2024,
                    "period_code": 2024,
                    "jul": 0,
                    "aug": 0,
                    "sep": 0,
                    "oct": 0,
                    "nov": 0,
                    "dec": 0,
                    "jan": 0,
                    "feb": 0,
                    "mar": 0,
                    "apr": 0,
                    "may": 0,
                    "jun": 0,
                    "row_total": 0
                },
                {
                    "task_number": "01.01.01",
                    "expenditure_type_name": "Financial Services",
                    "expenditure_type_id": "300000003880093",
                    "authority_code": "3120",
                    "project_start_date": "01-JAN-2019",
                    "project_end_date": "30-JUN-2024",
                    "task_start_date": "01-JAN-2019",
                    "task_end_date": "30-JUN-2024",
                    "period_fy": "FY25",
                    "mcal_year": 2025,
                    "period_code": 2025,
                    "jul": 0,
                    "aug": 0,
                    "sep": 0,
                    "oct": 0,
                    "nov": 0,
                    "dec": 0,
                    "jan": 0,
                    "feb": 0,
                    "mar": 0,
                    "apr": 0,
                    "may": 0,
                    "jun": 0,
                    "row_total": 0
                },
                {
                    "task_number": "01.01.01",
                    "expenditure_type_name": "Financial Services",
                    "expenditure_type_id": "300000003880093",
                    "authority_code": "3120",
                    "project_start_date": "01-JAN-2019",
                    "project_end_date": "30-JUN-2024",
                    "task_start_date": "01-JAN-2019",
                    "task_end_date": "30-JUN-2024",
                    "period_fy": "FY26",
                    "mcal_year": 2026,
                    "period_code": 2026,
                    "jul": 0,
                    "aug": 0,
                    "sep": 0,
                    "oct": 0,
                    "nov": 0,
                    "dec": 0,
                    "jan": 0,
                    "feb": 0,
                    "mar": 0,
                    "apr": 0,
                    "may": 0,
                    "jun": 0,
                    "row_total": 0
                },
                {
                    "task_number": "01.01.01",
                    "expenditure_type_name": "Financial Services",
                    "expenditure_type_id": "300000003880093",
                    "authority_code": "3120",
                    "project_start_date": "01-JAN-2019",
                    "project_end_date": "30-JUN-2024",
                    "task_start_date": "01-JAN-2019",
                    "task_end_date": "30-JUN-2024",
                    "period_fy": "FY27",
                    "mcal_year": 2027,
                    "period_code": 2027,
                    "jul": 0,
                    "aug": 0,
                    "sep": 0,
                    "oct": 0,
                    "nov": 0,
                    "dec": 0,
                    "jan": 0,
                    "feb": 0,
                    "mar": 0,
                    "apr": 0,
                    "may": 0,
                    "jun": 0,
                    "row_total": 0
                },
                {
                    "task_number": "01.01.01",
                    "expenditure_type_name": "Financial Services",
                    "expenditure_type_id": "300000003880093",
                    "authority_code": "3120",
                    "project_start_date": "01-JAN-2019",
                    "project_end_date": "30-JUN-2024",
                    "task_start_date": "01-JAN-2019",
                    "task_end_date": "30-JUN-2024",
                    "period_fy": "FY28",
                    "mcal_year": 2028,
                    "period_code": 2028,
                    "jul": 0,
                    "aug": 0,
                    "sep": 0,
                    "oct": 0,
                    "nov": 0,
                    "dec": 0,
                    "jan": 0,
                    "feb": 0,
                    "mar": 0,
                    "apr": 0,
                    "may": 0,
                    "jun": 0,
                    "row_total": 0
                },
                {
                    "task_number": "01.01.01",
                    "expenditure_type_name": "Financial Services",
                    "expenditure_type_id": "300000003880093",
                    "authority_code": "3120",
                    "project_start_date": "01-JAN-2019",
                    "project_end_date": "30-JUN-2024",
                    "task_start_date": "01-JAN-2019",
                    "task_end_date": "30-JUN-2024",
                    "period_fy": "FY29",
                    "mcal_year": 2029,
                    "period_code": 2029,
                    "jul": 0,
                    "aug": 0,
                    "sep": 0,
                    "oct": 0,
                    "nov": 0,
                    "dec": 0,
                    "jan": 0,
                    "feb": 0,
                    "mar": 0,
                    "apr": 0,
                    "may": 0,
                    "jun": 0,
                    "row_total": 0
                },
                {
                    "task_number": "01.01.01",
                    "expenditure_type_name": "Financial Services",
                    "expenditure_type_id": "300000003880093",
                    "authority_code": "3120",
                    "project_start_date": "01-JAN-2019",
                    "project_end_date": "30-JUN-2024",
                    "task_start_date": "01-JAN-2019",
                    "task_end_date": "30-JUN-2024",
                    "period_fy": "FY30",
                    "mcal_year": 2030,
                    "period_code": 2030,
                    "jul": 0,
                    "aug": 0,
                    "sep": 0,
                    "oct": 0,
                    "nov": 0,
                    "dec": 0,
                    "jan": 0,
                    "feb": 0,
                    "mar": 0,
                    "apr": 0,
                    "may": 0,
                    "jun": 0,
                    "row_total": 0
                },
                {
                    "task_number": "01.01.01",
                    "expenditure_type_name": "Financial Services",
                    "expenditure_type_id": "300000003880093",
                    "authority_code": "3120",
                    "project_start_date": "01-JAN-2019",
                    "project_end_date": "30-JUN-2024",
                    "task_start_date": "01-JAN-2019",
                    "task_end_date": "30-JUN-2024",
                    "period_fy": "FY31",
                    "mcal_year": 2031,
                    "period_code": 2031,
                    "jul": 0,
                    "aug": 0,
                    "sep": 0,
                    "oct": 0,
                    "nov": 0,
                    "dec": 0,
                    "jan": 0,
                    "feb": 0,
                    "mar": 0,
                    "apr": 0,
                    "may": 0,
                    "jun": 0,
                    "row_total": 0
                },
                {
                    "task_number": "01.01.01",
                    "expenditure_type_name": "Rail Infrastructure Asset CIP Clearing",
                    "expenditure_type_id": "300000003483848",
                    "authority_code": "3120",
                    "project_start_date": "01-JAN-2019",
                    "project_end_date": "30-JUN-2024",
                    "task_start_date": "01-JAN-2019",
                    "task_end_date": "30-JUN-2024",
                    "period_fy": "FY22",
                    "mcal_year": 2022,
                    "period_code": 2022,
                    "jul": 0,
                    "aug": 0,
                    "sep": 0,
                    "oct": 0,
                    "nov": 0,
                    "dec": 0,
                    "jan": 0,
                    "feb": 0,
                    "mar": 0,
                    "apr": 0,
                    "may": 0,
                    "jun": 0,
                    "row_total": 0
                },
                {
                    "task_number": "01.01.01",
                    "expenditure_type_name": "Rail Infrastructure Asset CIP Clearing",
                    "expenditure_type_id": "300000003483848",
                    "authority_code": "3120",
                    "project_start_date": "01-JAN-2019",
                    "project_end_date": "30-JUN-2024",
                    "task_start_date": "01-JAN-2019",
                    "task_end_date": "30-JUN-2024",
                    "period_fy": "FY23",
                    "mcal_year": 2023,
                    "period_code": 2023,
                    "jul": 0,
                    "aug": 0,
                    "sep": 0,
                    "oct": 0,
                    "nov": 0,
                    "dec": 0,
                    "jan": 0,
                    "feb": 0,
                    "mar": 0,
                    "apr": 0,
                    "may": 0,
                    "jun": 0,
                    "row_total": 0
                },
                {
                    "task_number": "01.01.01",
                    "expenditure_type_name": "Rail Infrastructure Asset CIP Clearing",
                    "expenditure_type_id": "300000003483848",
                    "authority_code": "3120",
                    "project_start_date": "01-JAN-2019",
                    "project_end_date": "30-JUN-2024",
                    "task_start_date": "01-JAN-2019",
                    "task_end_date": "30-JUN-2024",
                    "period_fy": "FY24",
                    "mcal_year": 2024,
                    "period_code": 2024,
                    "jul": 0,
                    "aug": 0,
                    "sep": 0,
                    "oct": 0,
                    "nov": 0,
                    "dec": 0,
                    "jan": 0,
                    "feb": 0,
                    "mar": 0,
                    "apr": 0,
                    "may": 0,
                    "jun": 0,
                    "row_total": 0
                },
                {
                    "task_number": "01.01.01",
                    "expenditure_type_name": "Rail Infrastructure Asset CIP Clearing",
                    "expenditure_type_id": "300000003483848",
                    "authority_code": "3120",
                    "project_start_date": "01-JAN-2019",
                    "project_end_date": "30-JUN-2024",
                    "task_start_date": "01-JAN-2019",
                    "task_end_date": "30-JUN-2024",
                    "period_fy": "FY25",
                    "mcal_year": 2025,
                    "period_code": 2025,
                    "jul": 0,
                    "aug": 0,
                    "sep": 0,
                    "oct": 0,
                    "nov": 0,
                    "dec": 0,
                    "jan": 0,
                    "feb": 0,
                    "mar": 0,
                    "apr": 0,
                    "may": 0,
                    "jun": 0,
                    "row_total": 0
                },
                {
                    "task_number": "01.01.01",
                    "expenditure_type_name": "Rail Infrastructure Asset CIP Clearing",
                    "expenditure_type_id": "300000003483848",
                    "authority_code": "3120",
                    "project_start_date": "01-JAN-2019",
                    "project_end_date": "30-JUN-2024",
                    "task_start_date": "01-JAN-2019",
                    "task_end_date": "30-JUN-2024",
                    "period_fy": "FY26",
                    "mcal_year": 2026,
                    "period_code": 2026,
                    "jul": 0,
                    "aug": 0,
                    "sep": 0,
                    "oct": 0,
                    "nov": 0,
                    "dec": 0,
                    "jan": 0,
                    "feb": 0,
                    "mar": 0,
                    "apr": 0,
                    "may": 0,
                    "jun": 0,
                    "row_total": 0
                },
                {
                    "task_number": "01.01.01",
                    "expenditure_type_name": "Rail Infrastructure Asset CIP Clearing",
                    "expenditure_type_id": "300000003483848",
                    "authority_code": "3120",
                    "project_start_date": "01-JAN-2019",
                    "project_end_date": "30-JUN-2024",
                    "task_start_date": "01-JAN-2019",
                    "task_end_date": "30-JUN-2024",
                    "period_fy": "FY27",
                    "mcal_year": 2027,
                    "period_code": 2027,
                    "jul": 0,
                    "aug": 0,
                    "sep": 0,
                    "oct": 0,
                    "nov": 0,
                    "dec": 0,
                    "jan": 0,
                    "feb": 0,
                    "mar": 0,
                    "apr": 0,
                    "may": 0,
                    "jun": 0,
                    "row_total": 0
                },
                {
                    "task_number": "01.01.01",
                    "expenditure_type_name": "Rail Infrastructure Asset CIP Clearing",
                    "expenditure_type_id": "300000003483848",
                    "authority_code": "3120",
                    "project_start_date": "01-JAN-2019",
                    "project_end_date": "30-JUN-2024",
                    "task_start_date": "01-JAN-2019",
                    "task_end_date": "30-JUN-2024",
                    "period_fy": "FY28",
                    "mcal_year": 2028,
                    "period_code": 2028,
                    "jul": 0,
                    "aug": 0,
                    "sep": 0,
                    "oct": 0,
                    "nov": 0,
                    "dec": 0,
                    "jan": 0,
                    "feb": 0,
                    "mar": 0,
                    "apr": 0,
                    "may": 0,
                    "jun": 0,
                    "row_total": 0
                },
                {
                    "task_number": "01.01.01",
                    "expenditure_type_name": "Rail Infrastructure Asset CIP Clearing",
                    "expenditure_type_id": "300000003483848",
                    "authority_code": "3120",
                    "project_start_date": "01-JAN-2019",
                    "project_end_date": "30-JUN-2024",
                    "task_start_date": "01-JAN-2019",
                    "task_end_date": "30-JUN-2024",
                    "period_fy": "FY29",
                    "mcal_year": 2029,
                    "period_code": 2029,
                    "jul": 0,
                    "aug": 0,
                    "sep": 0,
                    "oct": 0,
                    "nov": 0,
                    "dec": 0,
                    "jan": 0,
                    "feb": 0,
                    "mar": 0,
                    "apr": 0,
                    "may": 0,
                    "jun": 0,
                    "row_total": 0
                },
                {
                    "task_number": "01.01.01",
                    "expenditure_type_name": "Rail Infrastructure Asset CIP Clearing",
                    "expenditure_type_id": "300000003483848",
                    "authority_code": "3120",
                    "project_start_date": "01-JAN-2019",
                    "project_end_date": "30-JUN-2024",
                    "task_start_date": "01-JAN-2019",
                    "task_end_date": "30-JUN-2024",
                    "period_fy": "FY30",
                    "mcal_year": 2030,
                    "period_code": 2030,
                    "jul": 0,
                    "aug": 0,
                    "sep": 0,
                    "oct": 0,
                    "nov": 0,
                    "dec": 0,
                    "jan": 0,
                    "feb": 0,
                    "mar": 0,
                    "apr": 0,
                    "may": 0,
                    "jun": 0,
                    "row_total": 0
                },
                {
                    "task_number": "01.01.01",
                    "expenditure_type_name": "Rail Infrastructure Asset CIP Clearing",
                    "expenditure_type_id": "300000003483848",
                    "authority_code": "3120",
                    "project_start_date": "01-JAN-2019",
                    "project_end_date": "30-JUN-2024",
                    "task_start_date": "01-JAN-2019",
                    "task_end_date": "30-JUN-2024",
                    "period_fy": "FY31",
                    "mcal_year": 2031,
                    "period_code": 2031,
                    "jul": 0,
                    "aug": 0,
                    "sep": 0,
                    "oct": 0,
                    "nov": 0,
                    "dec": 0,
                    "jan": 0,
                    "feb": 0,
                    "mar": 0,
                    "apr": 0,
                    "may": 0,
                    "jun": 0,
                    "row_total": 0
                }
            ]
        }
    ],
    "hasMore": false,
    "limit": 0,
    "offset": 0,
    "count": 1,
    "links": [
        {
            "rel": "self",
            "href": "https://coq4hi5ehnacuc6-dotvicadwdev.adb.ap-sydney-1.oraclecloudapps.com/ords/btftapp_db/projWBS/WBSProjectHistorySummary?allocation_batch_number=71028&sub_project_number=200067.01&version_id=269"
        },
        {
            "rel": "describedby",
            "href": "https://coq4hi5ehnacuc6-dotvicadwdev.adb.ap-sydney-1.oraclecloudapps.com/ords/btftapp_db/metadata-catalog/projWBS/item"
        }
    ]
}