{
    "items": [
        {
            "proj_org": "2077-Program Delivery",
            "authority_code": "3120",
            "initiative_code": "1570",
            "base_project_code": "200415",
            "cost_centre_code": "2077",
            "proj_number": "200415.01",
            "proj_name": "Public Transport Minor works -...",
            "budget_type_name": "Controlling Budget",
            "period_name": "FY21",
            "period_fy_number": "21",
            "combination_id": 50881,
            "amount": 0
        },
        {
            "proj_org": "2077-Program Delivery",
            "authority_code": "3120",
            "initiative_code": "1570",
            "base_project_code": "200415",
            "cost_centre_code": "2077",
            "proj_number": "200415.01",
            "proj_name": "Public Transport Minor works -...",
            "budget_type_name": "Controlling Budget",
            "period_name": "FY24",
            "period_fy_number": "24",
            "combination_id": 50881,
            "amount": 0
        },
        {
            "proj_org": "2077-Program Delivery",
            "authority_code": "3120",
            "initiative_code": "1570",
            "base_project_code": "200415",
            "cost_centre_code": "2077",
            "proj_number": "200415.01",
            "proj_name": "Public Transport Minor works -...",
            "budget_type_name": "Controlling Budget",
            "period_name": "FY24",
            "period_fy_number": "24",
            "combination_id": 50883,
            "amount": 0
        },
        {
            "proj_org": "2077-Program Delivery",
            "authority_code": "3120",
            "initiative_code": "1570",
            "base_project_code": "200415",
            "cost_centre_code": "2077",
            "proj_number": "200415.01",
            "proj_name": "Public Transport Minor works -...",
            "budget_type_name": "Controlling Budget",
            "period_name": "FY26",
            "period_fy_number": "26",
            "combination_id": 50883,
            "amount": 0
        },
        {
            "proj_org": "2077-Program Delivery",
            "authority_code": "3120",
            "initiative_code": "1570",
            "base_project_code": "200415",
            "cost_centre_code": "2077",
            "proj_number": "200415.01",
            "proj_name": "Public Transport Minor works -...",
            "budget_type_name": "Controlling Budget",
            "period_name": "FY21",
            "period_fy_number": "21",
            "combination_id": 50886,
            "amount": 0
        },
        {
            "proj_org": "2077-Program Delivery",
            "authority_code": "3120",
            "initiative_code": "1570",
            "base_project_code": "200415",
            "cost_centre_code": "2077",
            "proj_number": "200415.01",
            "proj_name": "Public Transport Minor works -...",
            "budget_type_name": "Controlling Budget",
            "period_name": "FY26",
            "period_fy_number": "26",
            "combination_id": 50885,
            "amount": 0
        },
        {
            "proj_org": "2077-Program Delivery",
            "authority_code": "3120",
            "initiative_code": "1570",
            "base_project_code": "200415",
            "cost_centre_code": "2077",
            "proj_number": "200415.01",
            "proj_name": "Public Transport Minor works -...",
            "budget_type_name": "Controlling Budget",
            "period_name": "FY25",
            "period_fy_number": "25",
            "combination_id": 50888,
            "amount": 0
        },
        {
            "proj_org": "2077-Program Delivery",
            "authority_code": "2020",
            "initiative_code": "1573",
            "base_project_code": "200418",
            "cost_centre_code": "2077",
            "proj_number": "200418.01",
            "proj_name": "Rail waste and graffiti remova...",
            "budget_type_name": "Controlling Budget",
            "period_name": "FY30",
            "period_fy_number": "30",
            "combination_id": 50912,
            "amount": 0
        },
        {
            "proj_org": "2077-Program Delivery",
            "authority_code": "3120",
            "initiative_code": "1447",
            "base_project_code": "200066",
            "cost_centre_code": "2077",
            "proj_number": "200066.11",
            "proj_name": "La Trobe St Bridge...",
            "budget_type_name": "Controlling Budget",
            "period_name": "FY30",
            "period_fy_number": "30",
            "combination_id": 50902,
            "amount": 0
        },
        {
            "proj_org": "2077-Program Delivery",
            "authority_code": "3120",
            "initiative_code": "1570",
            "base_project_code": "200415",
            "cost_centre_code": "2077",
            "proj_number": "200415.01",
            "proj_name": "Public Transport Minor works -...",
            "budget_type_name": "Controlling Budget",
            "period_name": "FY29",
            "period_fy_number": "29",
            "combination_id": 50888,
            "amount": 0
        },
        {
            "proj_org": "2077-Program Delivery",
            "authority_code": "3120",
            "initiative_code": "1570",
            "base_project_code": "200415",
            "cost_centre_code": "2077",
            "proj_number": "200415.01",
            "proj_name": "Public Transport Minor works -...",
            "budget_type_name": "Controlling Budget",
            "period_name": "FY27",
            "period_fy_number": "27",
            "combination_id": 50883,
            "amount": 0
        },
        {
            "proj_org": "2077-Program Delivery",
            "authority_code": "3120",
            "initiative_code": "1570",
            "base_project_code": "200415",
            "cost_centre_code": "2077",
            "proj_number": "200415.01",
            "proj_name": "Public Transport Minor works -...",
            "budget_type_name": "Controlling Budget",
            "period_name": "FY23",
            "period_fy_number": "23",
            "combination_id": 50882,
            "amount": 0
        },
        {
            "proj_org": "2077-Program Delivery",
            "authority_code": "3120",
            "initiative_code": "1570",
            "base_project_code": "200415",
            "cost_centre_code": "2077",
            "proj_number": "200415.01",
            "proj_name": "Public Transport Minor works -...",
            "budget_type_name": "Controlling Budget",
            "period_name": "FY26",
            "period_fy_number": "26",
            "combination_id": 50884,
            "amount": 0
        },
        {
            "proj_org": "2077-Program Delivery",
            "authority_code": "3120",
            "initiative_code": "1570",
            "base_project_code": "200415",
            "cost_centre_code": "2077",
            "proj_number": "200415.01",
            "proj_name": "Public Transport Minor works -...",
            "budget_type_name": "Controlling Budget",
            "period_name": "FY25",
            "period_fy_number": "25",
            "combination_id": 50886,
            "amount": 0
        },
        {
            "proj_org": "2077-Program Delivery",
            "authority_code": "3120",
            "initiative_code": "1570",
            "base_project_code": "200415",
            "cost_centre_code": "2077",
            "proj_number": "200415.01",
            "proj_name": "Public Transport Minor works -...",
            "budget_type_name": "Controlling Budget",
            "period_name": "FY27",
            "period_fy_number": "27",
            "combination_id": 50885,
            "amount": 0
        },
        {
            "proj_org": "2077-Program Delivery",
            "authority_code": "3120",
            "initiative_code": "1447",
            "base_project_code": "200066",
            "cost_centre_code": "2077",
            "proj_number": "200066.11",
            "proj_name": "La Trobe St Bridge...",
            "budget_type_name": "Controlling Budget",
            "period_name": "FY27",
            "period_fy_number": "27",
            "combination_id": 50902,
            "amount": 0
        },
        {
            "proj_org": "2077-Program Delivery",
            "authority_code": "3120",
            "initiative_code": "1570",
            "base_project_code": "200415",
            "cost_centre_code": "2077",
            "proj_number": "200415.01",
            "proj_name": "Public Transport Minor works -...",
            "budget_type_name": "Controlling Budget",
            "period_name": "FY23",
            "period_fy_number": "23",
            "combination_id": 50881,
            "amount": 0
        },
        {
            "proj_org": "2077-Program Delivery",
            "authority_code": "3120",
            "initiative_code": "1570",
            "base_project_code": "200415",
            "cost_centre_code": "2077",
            "proj_number": "200415.01",
            "proj_name": "Public Transport Minor works -...",
            "budget_type_name": "Controlling Budget",
            "period_name": "FY27",
            "period_fy_number": "27",
            "combination_id": 50881,
            "amount": 0
        },
        {
            "proj_org": "2025-CIO Transport Operations",
            "authority_code": "3120",
            "initiative_code": "1024",
            "base_project_code": "100075",
            "cost_centre_code": "2025",
            "proj_number": "100075.03",
            "proj_name": "RRCN-AWP/MPM funding...",
            "budget_type_name": "Controlling Budget",
            "period_name": "FY29",
            "period_fy_number": "29",
            "combination_id": 50879,
            "amount": 0
        },
        {
            "proj_org": "2077-Program Delivery",
            "authority_code": "3120",
            "initiative_code": "1570",
            "base_project_code": "200415",
            "cost_centre_code": "2077",
            "proj_number": "200415.01",
            "proj_name": "Public Transport Minor works -...",
            "budget_type_name": "Controlling Budget",
            "period_name": "FY28",
            "period_fy_number": "28",
            "combination_id": 50887,
            "amount": 0
        },
        {
            "proj_org": "2077-Program Delivery",
            "authority_code": "3120",
            "initiative_code": "1570",
            "base_project_code": "200415",
            "cost_centre_code": "2077",
            "proj_number": "200415.01",
            "proj_name": "Public Transport Minor works -...",
            "budget_type_name": "Controlling Budget",
            "period_name": "FY26",
            "period_fy_number": "26",
            "combination_id": 50888,
            "amount": 0
        },
        {
            "proj_org": "2077-Program Delivery",
            "authority_code": "3120",
            "initiative_code": "1570",
            "base_project_code": "200415",
            "cost_centre_code": "2077",
            "proj_number": "200415.01",
            "proj_name": "Public Transport Minor works -...",
            "budget_type_name": "Controlling Budget",
            "period_name": "FY28",
            "period_fy_number": "28",
            "combination_id": 50885,
            "amount": 0
        },
        {
            "proj_org": "2077-Program Delivery",
            "authority_code": "3120",
            "initiative_code": "1570",
            "base_project_code": "200415",
            "cost_centre_code": "2077",
            "proj_number": "200415.01",
            "proj_name": "Public Transport Minor works -...",
            "budget_type_name": "Controlling Budget",
            "period_name": "FY21",
            "period_fy_number": "21",
            "combination_id": 50883,
            "amount": 0
        },
        {
            "proj_org": "2077-Program Delivery",
            "authority_code": "3120",
            "initiative_code": "1570",
            "base_project_code": "200415",
            "cost_centre_code": "2077",
            "proj_number": "200415.01",
            "proj_name": "Public Transport Minor works -...",
            "budget_type_name": "Controlling Budget",
            "period_name": "FY25",
            "period_fy_number": "25",
            "combination_id": 50882,
            "amount": 0
        },
        {
            "proj_org": "2077-Program Delivery",
            "authority_code": "3120",
            "initiative_code": "1570",
            "base_project_code": "200415",
            "cost_centre_code": "2077",
            "proj_number": "200415.01",
            "proj_name": "Public Transport Minor works -...",
            "budget_type_name": "Controlling Budget",
            "period_name": "FY26",
            "period_fy_number": "26",
            "combination_id": 50882,
            "amount": 0
        },
        {
            "proj_org": "2077-Program Delivery",
            "authority_code": "3120",
            "initiative_code": "1570",
            "base_project_code": "200415",
            "cost_centre_code": "2077",
            "proj_number": "200415.01",
            "proj_name": "Public Transport Minor works -...",
            "budget_type_name": "Controlling Budget",
            "period_name": "FY22",
            "period_fy_number": "22",
            "combination_id": 50884,
            "amount": 0
        },
        {
            "proj_org": "2077-Program Delivery",
            "authority_code": "3120",
            "initiative_code": "1570",
            "base_project_code": "200415",
            "cost_centre_code": "2077",
            "proj_number": "200415.01",
            "proj_name": "Public Transport Minor works -...",
            "budget_type_name": "Controlling Budget",
            "period_name": "FY23",
            "period_fy_number": "23",
            "combination_id": 50886,
            "amount": 0
        },
        {
            "proj_org": "2077-Program Delivery",
            "authority_code": "3120",
            "initiative_code": "1570",
            "base_project_code": "200415",
            "cost_centre_code": "2077",
            "proj_number": "200415.01",
            "proj_name": "Public Transport Minor works -...",
            "budget_type_name": "Controlling Budget",
            "period_name": "FY27",
            "period_fy_number": "27",
            "combination_id": 50886,
            "amount": 0
        },
        {
            "proj_org": "2077-Program Delivery",
            "authority_code": "3120",
            "initiative_code": "1570",
            "base_project_code": "200415",
            "cost_centre_code": "2077",
            "proj_number": "200415.01",
            "proj_name": "Public Transport Minor works -...",
            "budget_type_name": "Controlling Budget",
            "period_name": "FY24",
            "period_fy_number": "24",
            "combination_id": 50887,
            "amount": 0
        },
        {
            "proj_org": "2077-Program Delivery",
            "authority_code": "3120",
            "initiative_code": "1570",
            "base_project_code": "200415",
            "cost_centre_code": "2077",
            "proj_number": "200415.01",
            "proj_name": "Public Transport Minor works -...",
            "budget_type_name": "Controlling Budget",
            "period_name": "FY27",
            "period_fy_number": "27",
            "combination_id": 50887,
            "amount": 0
        },
        {
            "proj_org": "2077-Program Delivery",
            "authority_code": "3120",
            "initiative_code": "1570",
            "base_project_code": "200415",
            "cost_centre_code": "2077",
            "proj_number": "200415.01",
            "proj_name": "Public Transport Minor works -...",
            "budget_type_name": "Controlling Budget",
            "period_name": "FY21",
            "period_fy_number": "21",
            "combination_id": 50888,
            "amount": 0
        },
        {
            "proj_org": "2077-Program Delivery",
            "authority_code": "2020",
            "initiative_code": "1573",
            "base_project_code": "200418",
            "cost_centre_code": "2077",
            "proj_number": "200418.01",
            "proj_name": "Rail waste and graffiti remova...",
            "budget_type_name": "Controlling Budget",
            "period_name": "FY28",
            "period_fy_number": "28",
            "combination_id": 50912,
            "amount": 0
        },
        {
            "proj_org": "2077-Program Delivery",
            "authority_code": "3120",
            "initiative_code": "1570",
            "base_project_code": "200415",
            "cost_centre_code": "2077",
            "proj_number": "200415.01",
            "proj_name": "Public Transport Minor works -...",
            "budget_type_name": "Controlling Budget",
            "period_name": "FY28",
            "period_fy_number": "28",
            "combination_id": 50886,
            "amount": 0
        },
        {
            "proj_org": "2077-Program Delivery",
            "authority_code": "3120",
            "initiative_code": "1570",
            "base_project_code": "200415",
            "cost_centre_code": "2077",
            "proj_number": "200415.01",
            "proj_name": "Public Transport Minor works -...",
            "budget_type_name": "Controlling Budget",
            "period_name": "FY29",
            "period_fy_number": "29",
            "combination_id": 50887,
            "amount": 0
        },
        {
            "proj_org": "2077-Program Delivery",
            "authority_code": "3120",
            "initiative_code": "1570",
            "base_project_code": "200415",
            "cost_centre_code": "2077",
            "proj_number": "200415.01",
            "proj_name": "Public Transport Minor works -...",
            "budget_type_name": "Controlling Budget",
            "period_name": "FY29",
            "period_fy_number": "29",
            "combination_id": 50884,
            "amount": 0
        },
        {
            "proj_org": "2077-Program Delivery",
            "authority_code": "3120",
            "initiative_code": "1570",
            "base_project_code": "200415",
            "cost_centre_code": "2077",
            "proj_number": "200415.01",
            "proj_name": "Public Transport Minor works -...",
            "budget_type_name": "Controlling Budget",
            "period_name": "FY30",
            "period_fy_number": "30",
            "combination_id": 50884,
            "amount": 0
        },
        {
            "proj_org": "2077-Program Delivery",
            "authority_code": "3120",
            "initiative_code": "1012",
            "base_project_code": "200055",
            "cost_centre_code": "2077",
            "proj_number": "200055.08",
            "proj_name": "Statewide Level Crossing 21-22...",
            "budget_type_name": "Controlling Budget",
            "period_name": "FY28",
            "period_fy_number": "28",
            "combination_id": 50893,
            "amount": 0
        },
        {
            "proj_org": "2077-Program Delivery",
            "authority_code": "3120",
            "initiative_code": "1570",
            "base_project_code": "200415",
            "cost_centre_code": "2077",
            "proj_number": "200415.01",
            "proj_name": "Public Transport Minor works -...",
            "budget_type_name": "Controlling Budget",
            "period_name": "FY28",
            "period_fy_number": "28",
            "combination_id": 50888,
            "amount": 0
        },
        {
            "proj_org": "2077-Program Delivery",
            "authority_code": "3120",
            "initiative_code": "1570",
            "base_project_code": "200415",
            "cost_centre_code": "2077",
            "proj_number": "200415.01",
            "proj_name": "Public Transport Minor works -...",
            "budget_type_name": "Controlling Budget",
            "period_name": "FY30",
            "period_fy_number": "30",
            "combination_id": 50888,
            "amount": 0
        },
        {
            "proj_org": "2064-Tram Franchise",
            "authority_code": "3120",
            "initiative_code": "1404",
            "base_project_code": "200322",
            "cost_centre_code": "2064",
            "proj_number": "200322.02",
            "proj_name": "Tram Emergency Egress...",
            "budget_type_name": "Controlling Budget",
            "period_name": "FY30",
            "period_fy_number": "30",
            "combination_id": 50908,
            "amount": 0
        },
        {
            "proj_org": "2077-Program Delivery",
            "authority_code": "3120",
            "initiative_code": "1570",
            "base_project_code": "200415",
            "cost_centre_code": "2077",
            "proj_number": "200415.01",
            "proj_name": "Public Transport Minor works -...",
            "budget_type_name": "Controlling Budget",
            "period_name": "FY24",
            "period_fy_number": "24",
            "combination_id": 50882,
            "amount": 0
        },
        {
            "proj_org": "2077-Program Delivery",
            "authority_code": "3120",
            "initiative_code": "1570",
            "base_project_code": "200415",
            "cost_centre_code": "2077",
            "proj_number": "200415.01",
            "proj_name": "Public Transport Minor works -...",
            "budget_type_name": "Controlling Budget",
            "period_name": "FY29",
            "period_fy_number": "29",
            "combination_id": 50885,
            "amount": 0
        },
        {
            "proj_org": "2077-Program Delivery",
            "authority_code": "3120",
            "initiative_code": "1570",
            "base_project_code": "200415",
            "cost_centre_code": "2077",
            "proj_number": "200415.01",
            "proj_name": "Public Transport Minor works -...",
            "budget_type_name": "Controlling Budget",
            "period_name": "FY22",
            "period_fy_number": "22",
            "combination_id": 50885,
            "amount": 0
        },
        {
            "proj_org": "2077-Program Delivery",
            "authority_code": "3120",
            "initiative_code": "1570",
            "base_project_code": "200415",
            "cost_centre_code": "2077",
            "proj_number": "200415.01",
            "proj_name": "Public Transport Minor works -...",
            "budget_type_name": "Controlling Budget",
            "period_name": "FY23",
            "period_fy_number": "23",
            "combination_id": 50888,
            "amount": 0
        },
        {
            "proj_org": "2077-Program Delivery",
            "authority_code": "3120",
            "initiative_code": "1570",
            "base_project_code": "200415",
            "cost_centre_code": "2077",
            "proj_number": "200415.01",
            "proj_name": "Public Transport Minor works -...",
            "budget_type_name": "Controlling Budget",
            "period_name": "FY28",
            "period_fy_number": "28",
            "combination_id": 50881,
            "amount": 0
        },
        {
            "proj_org": "2077-Program Delivery",
            "authority_code": "3120",
            "initiative_code": "1570",
            "base_project_code": "200415",
            "cost_centre_code": "2077",
            "proj_number": "200415.01",
            "proj_name": "Public Transport Minor works -...",
            "budget_type_name": "Controlling Budget",
            "period_name": "FY25",
            "period_fy_number": "25",
            "combination_id": 50883,
            "amount": 0
        },
        {
            "proj_org": "2077-Program Delivery",
            "authority_code": "3120",
            "initiative_code": "1570",
            "base_project_code": "200415",
            "cost_centre_code": "2077",
            "proj_number": "200415.01",
            "proj_name": "Public Transport Minor works -...",
            "budget_type_name": "Controlling Budget",
            "period_name": "FY21",
            "period_fy_number": "21",
            "combination_id": 50884,
            "amount": 0
        },
        {
            "proj_org": "2077-Program Delivery",
            "authority_code": "3120",
            "initiative_code": "1570",
            "base_project_code": "200415",
            "cost_centre_code": "2077",
            "proj_number": "200415.01",
            "proj_name": "Public Transport Minor works -...",
            "budget_type_name": "Controlling Budget",
            "period_name": "FY30",
            "period_fy_number": "30",
            "combination_id": 50883,
            "amount": 0
        },
        {
            "proj_org": "2077-Program Delivery",
            "authority_code": "3120",
            "initiative_code": "1570",
            "base_project_code": "200415",
            "cost_centre_code": "2077",
            "proj_number": "200415.01",
            "proj_name": "Public Transport Minor works -...",
            "budget_type_name": "Controlling Budget",
            "period_name": "FY29",
            "period_fy_number": "29",
            "combination_id": 50886,
            "amount": 0
        },
        {
            "proj_org": "2077-Program Delivery",
            "authority_code": "3120",
            "initiative_code": "1012",
            "base_project_code": "200055",
            "cost_centre_code": "2077",
            "proj_number": "200055.08",
            "proj_name": "Statewide Level Crossing 21-22...",
            "budget_type_name": "Controlling Budget",
            "period_name": "FY30",
            "period_fy_number": "30",
            "combination_id": 50893,
            "amount": 0
        },
        {
            "proj_org": "2077-Program Delivery",
            "authority_code": "3120",
            "initiative_code": "1570",
            "base_project_code": "200415",
            "cost_centre_code": "2077",
            "proj_number": "200415.01",
            "proj_name": "Public Transport Minor works -...",
            "budget_type_name": "Controlling Budget",
            "period_name": "FY28",
            "period_fy_number": "28",
            "combination_id": 50884,
            "amount": 0
        },
        {
            "proj_org": "2077-Program Delivery",
            "authority_code": "3120",
            "initiative_code": "1447",
            "base_project_code": "200066",
            "cost_centre_code": "2077",
            "proj_number": "200066.11",
            "proj_name": "La Trobe St Bridge...",
            "budget_type_name": "Controlling Budget",
            "period_name": "FY28",
            "period_fy_number": "28",
            "combination_id": 50902,
            "amount": 0
        },
        {
            "proj_org": "2077-Program Delivery",
            "authority_code": "3120",
            "initiative_code": "1570",
            "base_project_code": "200415",
            "cost_centre_code": "2077",
            "proj_number": "200415.01",
            "proj_name": "Public Transport Minor works -...",
            "budget_type_name": "Controlling Budget",
            "period_name": "FY22",
            "period_fy_number": "22",
            "combination_id": 50881,
            "amount": 0
        },
        {
            "proj_org": "2077-Program Delivery",
            "authority_code": "3120",
            "initiative_code": "1570",
            "base_project_code": "200415",
            "cost_centre_code": "2077",
            "proj_number": "200415.01",
            "proj_name": "Public Transport Minor works -...",
            "budget_type_name": "Controlling Budget",
            "period_name": "FY27",
            "period_fy_number": "27",
            "combination_id": 50882,
            "amount": 0
        },
        {
            "proj_org": "2077-Program Delivery",
            "authority_code": "3120",
            "initiative_code": "1570",
            "base_project_code": "200415",
            "cost_centre_code": "2077",
            "proj_number": "200415.01",
            "proj_name": "Public Transport Minor works -...",
            "budget_type_name": "Controlling Budget",
            "period_name": "FY22",
            "period_fy_number": "22",
            "combination_id": 50886,
            "amount": 0
        },
        {
            "proj_org": "2077-Program Delivery",
            "authority_code": "3120",
            "initiative_code": "1447",
            "base_project_code": "200066",
            "cost_centre_code": "2077",
            "proj_number": "200066.11",
            "proj_name": "La Trobe St Bridge...",
            "budget_type_name": "Controlling Budget",
            "period_name": "FY29",
            "period_fy_number": "29",
            "combination_id": 50902,
            "amount": 0
        },
        {
            "proj_org": "2064-Tram Franchise",
            "authority_code": "3120",
            "initiative_code": "1404",
            "base_project_code": "200322",
            "cost_centre_code": "2064",
            "proj_number": "200322.02",
            "proj_name": "Tram Emergency Egress...",
            "budget_type_name": "Controlling Budget",
            "period_name": "FY29",
            "period_fy_number": "29",
            "combination_id": 50908,
            "amount": 0
        },
        {
            "proj_org": "2077-Program Delivery",
            "authority_code": "3120",
            "initiative_code": "1570",
            "base_project_code": "200415",
            "cost_centre_code": "2077",
            "proj_number": "200415.01",
            "proj_name": "Public Transport Minor works -...",
            "budget_type_name": "Controlling Budget",
            "period_name": "FY29",
            "period_fy_number": "29",
            "combination_id": 50881,
            "amount": 0
        },
        {
            "proj_org": "2077-Program Delivery",
            "authority_code": "3120",
            "initiative_code": "1570",
            "base_project_code": "200415",
            "cost_centre_code": "2077",
            "proj_number": "200415.01",
            "proj_name": "Public Transport Minor works -...",
            "budget_type_name": "Controlling Budget",
            "period_name": "FY24",
            "period_fy_number": "24",
            "combination_id": 50886,
            "amount": 0
        },
        {
            "proj_org": "2077-Program Delivery",
            "authority_code": "3120",
            "initiative_code": "1570",
            "base_project_code": "200415",
            "cost_centre_code": "2077",
            "proj_number": "200415.01",
            "proj_name": "Public Transport Minor works -...",
            "budget_type_name": "Controlling Budget",
            "period_name": "FY30",
            "period_fy_number": "30",
            "combination_id": 50885,
            "amount": 0
        },
        {
            "proj_org": "2077-Program Delivery",
            "authority_code": "3120",
            "initiative_code": "1570",
            "base_project_code": "200415",
            "cost_centre_code": "2077",
            "proj_number": "200415.01",
            "proj_name": "Public Transport Minor works -...",
            "budget_type_name": "Controlling Budget",
            "period_name": "FY23",
            "period_fy_number": "23",
            "combination_id": 50885,
            "amount": 0
        },
        {
            "proj_org": "2077-Program Delivery",
            "authority_code": "3120",
            "initiative_code": "1447",
            "base_project_code": "200066",
            "cost_centre_code": "2077",
            "proj_number": "200066.11",
            "proj_name": "La Trobe St Bridge...",
            "budget_type_name": "Controlling Budget",
            "period_name": "FY25",
            "period_fy_number": "25",
            "combination_id": 50902,
            "amount": 0
        },
        {
            "proj_org": "2077-Program Delivery",
            "authority_code": "3120",
            "initiative_code": "1570",
            "base_project_code": "200415",
            "cost_centre_code": "2077",
            "proj_number": "200415.01",
            "proj_name": "Public Transport Minor works -...",
            "budget_type_name": "Controlling Budget",
            "period_name": "FY22",
            "period_fy_number": "22",
            "combination_id": 50887,
            "amount": 0
        },
        {
            "proj_org": "2077-Program Delivery",
            "authority_code": "3120",
            "initiative_code": "1570",
            "base_project_code": "200415",
            "cost_centre_code": "2077",
            "proj_number": "200415.01",
            "proj_name": "Public Transport Minor works -...",
            "budget_type_name": "Controlling Budget",
            "period_name": "FY23",
            "period_fy_number": "23",
            "combination_id": 50887,
            "amount": 0
        },
        {
            "proj_org": "2077-Program Delivery",
            "authority_code": "3120",
            "initiative_code": "1570",
            "base_project_code": "200415",
            "cost_centre_code": "2077",
            "proj_number": "200415.01",
            "proj_name": "Public Transport Minor works -...",
            "budget_type_name": "Controlling Budget",
            "period_name": "FY24",
            "period_fy_number": "24",
            "combination_id": 50888,
            "amount": 0
        },
        {
            "proj_org": "2077-Program Delivery",
            "authority_code": "3120",
            "initiative_code": "1570",
            "base_project_code": "200415",
            "cost_centre_code": "2077",
            "proj_number": "200415.01",
            "proj_name": "Public Transport Minor works -...",
            "budget_type_name": "Controlling Budget",
            "period_name": "FY30",
            "period_fy_number": "30",
            "combination_id": 50887,
            "amount": 0
        },
        {
            "proj_org": "2077-Program Delivery",
            "authority_code": "3120",
            "initiative_code": "1570",
            "base_project_code": "200415",
            "cost_centre_code": "2077",
            "proj_number": "200415.01",
            "proj_name": "Public Transport Minor works -...",
            "budget_type_name": "Controlling Budget",
            "period_name": "FY30",
            "period_fy_number": "30",
            "combination_id": 50882,
            "amount": 0
        },
        {
            "proj_org": "2077-Program Delivery",
            "authority_code": "3120",
            "initiative_code": "1570",
            "base_project_code": "200415",
            "cost_centre_code": "2077",
            "proj_number": "200415.01",
            "proj_name": "Public Transport Minor works -...",
            "budget_type_name": "Controlling Budget",
            "period_name": "FY28",
            "period_fy_number": "28",
            "combination_id": 50883,
            "amount": 0
        },
        {
            "proj_org": "2077-Program Delivery",
            "authority_code": "3120",
            "initiative_code": "1570",
            "base_project_code": "200415",
            "cost_centre_code": "2077",
            "proj_number": "200415.01",
            "proj_name": "Public Transport Minor works -...",
            "budget_type_name": "Controlling Budget",
            "period_name": "FY25",
            "period_fy_number": "25",
            "combination_id": 50887,
            "amount": 0
        },
        {
            "proj_org": "2025-CIO Transport Operations",
            "authority_code": "3120",
            "initiative_code": "1024",
            "base_project_code": "100075",
            "cost_centre_code": "2025",
            "proj_number": "100075.03",
            "proj_name": "RRCN-AWP/MPM funding...",
            "budget_type_name": "Controlling Budget",
            "period_name": "FY28",
            "period_fy_number": "28",
            "combination_id": 50879,
            "amount": 0
        },
        {
            "proj_org": "2077-Program Delivery",
            "authority_code": "3120",
            "initiative_code": "1570",
            "base_project_code": "200415",
            "cost_centre_code": "2077",
            "proj_number": "200415.01",
            "proj_name": "Public Transport Minor works -...",
            "budget_type_name": "Controlling Budget",
            "period_name": "FY29",
            "period_fy_number": "29",
            "combination_id": 50882,
            "amount": 0
        },
        {
            "proj_org": "2077-Program Delivery",
            "authority_code": "3120",
            "initiative_code": "1570",
            "base_project_code": "200415",
            "cost_centre_code": "2077",
            "proj_number": "200415.01",
            "proj_name": "Public Transport Minor works -...",
            "budget_type_name": "Controlling Budget",
            "period_name": "FY29",
            "period_fy_number": "29",
            "combination_id": 50883,
            "amount": 0
        },
        {
            "proj_org": "2077-Program Delivery",
            "authority_code": "3120",
            "initiative_code": "1570",
            "base_project_code": "200415",
            "cost_centre_code": "2077",
            "proj_number": "200415.01",
            "proj_name": "Public Transport Minor works -...",
            "budget_type_name": "Controlling Budget",
            "period_name": "FY30",
            "period_fy_number": "30",
            "combination_id": 50881,
            "amount": 0
        },
        {
            "proj_org": "2077-Program Delivery",
            "authority_code": "3120",
            "initiative_code": "1012",
            "base_project_code": "200055",
            "cost_centre_code": "2077",
            "proj_number": "200055.08",
            "proj_name": "Statewide Level Crossing 21-22...",
            "budget_type_name": "Controlling Budget",
            "period_name": "FY29",
            "period_fy_number": "29",
            "combination_id": 50893,
            "amount": 0
        },
        {
            "proj_org": "2077-Program Delivery",
            "authority_code": "3120",
            "initiative_code": "1570",
            "base_project_code": "200415",
            "cost_centre_code": "2077",
            "proj_number": "200415.01",
            "proj_name": "Public Transport Minor works -...",
            "budget_type_name": "Controlling Budget",
            "period_name": "FY28",
            "period_fy_number": "28",
            "combination_id": 50882,
            "amount": 0
        },
        {
            "proj_org": "2025-CIO Transport Operations",
            "authority_code": "3120",
            "initiative_code": "1024",
            "base_project_code": "100075",
            "cost_centre_code": "2025",
            "proj_number": "100075.03",
            "proj_name": "RRCN-AWP/MPM funding...",
            "budget_type_name": "Controlling Budget",
            "period_name": "FY30",
            "period_fy_number": "30",
            "combination_id": 50879,
            "amount": 0
        },
        {
            "proj_org": "2077-Program Delivery",
            "authority_code": "3120",
            "initiative_code": "1570",
            "base_project_code": "200415",
            "cost_centre_code": "2077",
            "proj_number": "200415.01",
            "proj_name": "Public Transport Minor works -...",
            "budget_type_name": "Controlling Budget",
            "period_name": "FY30",
            "period_fy_number": "30",
            "combination_id": 50886,
            "amount": 0
        },
        {
            "proj_org": "2077-Program Delivery",
            "authority_code": "2020",
            "initiative_code": "1573",
            "base_project_code": "200418",
            "cost_centre_code": "2077",
            "proj_number": "200418.01",
            "proj_name": "Rail waste and graffiti remova...",
            "budget_type_name": "Controlling Budget",
            "period_name": "FY29",
            "period_fy_number": "29",
            "combination_id": 50912,
            "amount": 0
        },
        {
            "proj_org": "2064-Tram Franchise",
            "authority_code": "3120",
            "initiative_code": "1404",
            "base_project_code": "200322",
            "cost_centre_code": "2064",
            "proj_number": "200322.02",
            "proj_name": "Tram Emergency Egress...",
            "budget_type_name": "Controlling Budget",
            "period_name": "FY30",
            "period_fy_number": "30",
            "combination_id": 50907,
            "amount": 0
        },
        {
            "proj_org": "2077-Program Delivery",
            "authority_code": "3120",
            "initiative_code": "1570",
            "base_project_code": "200415",
            "cost_centre_code": "2077",
            "proj_number": "200415.01",
            "proj_name": "Public Transport Minor works -...",
            "budget_type_name": "Controlling Budget",
            "period_name": "FY22",
            "period_fy_number": "22",
            "combination_id": 50883,
            "amount": 0
        },
        {
            "proj_org": "2077-Program Delivery",
            "authority_code": "3120",
            "initiative_code": "1570",
            "base_project_code": "200415",
            "cost_centre_code": "2077",
            "proj_number": "200415.01",
            "proj_name": "Public Transport Minor works -...",
            "budget_type_name": "Controlling Budget",
            "period_name": "FY24",
            "period_fy_number": "24",
            "combination_id": 50884,
            "amount": 0
        },
        {
            "proj_org": "2077-Program Delivery",
            "authority_code": "3120",
            "initiative_code": "1570",
            "base_project_code": "200415",
            "cost_centre_code": "2077",
            "proj_number": "200415.01",
            "proj_name": "Public Transport Minor works -...",
            "budget_type_name": "Controlling Budget",
            "period_name": "FY25",
            "period_fy_number": "25",
            "combination_id": 50884,
            "amount": 0
        },
        {
            "proj_org": "2077-Program Delivery",
            "authority_code": "3120",
            "initiative_code": "1570",
            "base_project_code": "200415",
            "cost_centre_code": "2077",
            "proj_number": "200415.01",
            "proj_name": "Public Transport Minor works -...",
            "budget_type_name": "Controlling Budget",
            "period_name": "FY26",
            "period_fy_number": "26",
            "combination_id": 50886,
            "amount": 0
        },
        {
            "proj_org": "2077-Program Delivery",
            "authority_code": "3120",
            "initiative_code": "1570",
            "base_project_code": "200415",
            "cost_centre_code": "2077",
            "proj_number": "200415.01",
            "proj_name": "Public Transport Minor works -...",
            "budget_type_name": "Controlling Budget",
            "period_name": "FY21",
            "period_fy_number": "21",
            "combination_id": 50887,
            "amount": 0
        },
        {
            "proj_org": "2077-Program Delivery",
            "authority_code": "3120",
            "initiative_code": "1570",
            "base_project_code": "200415",
            "cost_centre_code": "2077",
            "proj_number": "200415.01",
            "proj_name": "Public Transport Minor works -...",
            "budget_type_name": "Controlling Budget",
            "period_name": "FY26",
            "period_fy_number": "26",
            "combination_id": 50887,
            "amount": 0
        },
        {
            "proj_org": "2077-Program Delivery",
            "authority_code": "3120",
            "initiative_code": "1570",
            "base_project_code": "200415",
            "cost_centre_code": "2077",
            "proj_number": "200415.01",
            "proj_name": "Public Transport Minor works -...",
            "budget_type_name": "Controlling Budget",
            "period_name": "FY22",
            "period_fy_number": "22",
            "combination_id": 50888,
            "amount": 0
        },
        {
            "proj_org": "2077-Program Delivery",
            "authority_code": "3120",
            "initiative_code": "1570",
            "base_project_code": "200415",
            "cost_centre_code": "2077",
            "proj_number": "200415.01",
            "proj_name": "Public Transport Minor works -...",
            "budget_type_name": "Controlling Budget",
            "period_name": "FY21",
            "period_fy_number": "21",
            "combination_id": 50885,
            "amount": 0
        },
        {
            "proj_org": "2064-Tram Franchise",
            "authority_code": "3120",
            "initiative_code": "1404",
            "base_project_code": "200322",
            "cost_centre_code": "2064",
            "proj_number": "200322.02",
            "proj_name": "Tram Emergency Egress...",
            "budget_type_name": "Controlling Budget",
            "period_name": "FY28",
            "period_fy_number": "28",
            "combination_id": 50908,
            "amount": 0
        },
        {
            "proj_org": "2064-Tram Franchise",
            "authority_code": "3120",
            "initiative_code": "1404",
            "base_project_code": "200322",
            "cost_centre_code": "2064",
            "proj_number": "200322.02",
            "proj_name": "Tram Emergency Egress...",
            "budget_type_name": "Controlling Budget",
            "period_name": "FY28",
            "period_fy_number": "28",
            "combination_id": 50907,
            "amount": 0
        },
        {
            "proj_org": "2064-Tram Franchise",
            "authority_code": "3120",
            "initiative_code": "1404",
            "base_project_code": "200322",
            "cost_centre_code": "2064",
            "proj_number": "200322.02",
            "proj_name": "Tram Emergency Egress...",
            "budget_type_name": "Controlling Budget",
            "period_name": "FY29",
            "period_fy_number": "29",
            "combination_id": 50907,
            "amount": 0
        },
        {
            "proj_org": "2077-Program Delivery",
            "authority_code": "3120",
            "initiative_code": "1012",
            "base_project_code": "200055",
            "cost_centre_code": "2077",
            "proj_number": "200055.08",
            "proj_name": "Statewide Level Crossing 21-22...",
            "budget_type_name": "Controlling Budget",
            "period_name": "FY21",
            "period_fy_number": "21",
            "combination_id": 50893,
            "amount": 35
        },
        {
            "proj_org": "2077-Program Delivery",
            "authority_code": "3120",
            "initiative_code": "1570",
            "base_project_code": "200415",
            "cost_centre_code": "2077",
            "proj_number": "200415.01",
            "proj_name": "Public Transport Minor works -...",
            "budget_type_name": "Controlling Budget",
            "period_name": "FY25",
            "period_fy_number": "25",
            "combination_id": 50881,
            "amount": 803
        },
        {
            "proj_org": "2077-Program Delivery",
            "authority_code": "3120",
            "initiative_code": "1570",
            "base_project_code": "200415",
            "cost_centre_code": "2077",
            "proj_number": "200415.01",
            "proj_name": "Public Transport Minor works -...",
            "budget_type_name": "Controlling Budget",
            "period_name": "FY27",
            "period_fy_number": "27",
            "combination_id": 50884,
            "amount": 975
        },
        {
            "proj_org": "2025-CIO Transport Operations",
            "authority_code": "3120",
            "initiative_code": "1024",
            "base_project_code": "100075",
            "cost_centre_code": "2025",
            "proj_number": "100075.03",
            "proj_name": "RRCN-AWP/MPM funding...",
            "budget_type_name": "Controlling Budget",
            "period_name": "FY22",
            "period_fy_number": "22",
            "combination_id": 50879,
            "amount": 2000
        },
        {
            "proj_org": "2025-CIO Transport Operations",
            "authority_code": "3120",
            "initiative_code": "1024",
            "base_project_code": "100075",
            "cost_centre_code": "2025",
            "proj_number": "100075.03",
            "proj_name": "RRCN-AWP/MPM funding...",
            "budget_type_name": "Controlling Budget",
            "period_name": "FY25",
            "period_fy_number": "25",
            "combination_id": 50879,
            "amount": 3000
        },
        {
            "proj_org": "2064-Tram Franchise",
            "authority_code": "3120",
            "initiative_code": "1404",
            "base_project_code": "200322",
            "cost_centre_code": "2064",
            "proj_number": "200322.02",
            "proj_name": "Tram Emergency Egress...",
            "budget_type_name": "Controlling Budget",
            "period_name": "FY26",
            "period_fy_number": "26",
            "combination_id": 50907,
            "amount": 3000
        },
        {
            "proj_org": "2064-Tram Franchise",
            "authority_code": "3120",
            "initiative_code": "1404",
            "base_project_code": "200322",
            "cost_centre_code": "2064",
            "proj_number": "200322.02",
            "proj_name": "Tram Emergency Egress...",
            "budget_type_name": "Controlling Budget",
            "period_name": "FY26",
            "period_fy_number": "26",
            "combination_id": 50908,
            "amount": 3417
        },
        {
            "proj_org": "2077-Program Delivery",
            "authority_code": "3120",
            "initiative_code": "1570",
            "base_project_code": "200415",
            "cost_centre_code": "2077",
            "proj_number": "200415.01",
            "proj_name": "Public Transport Minor works -...",
            "budget_type_name": "Controlling Budget",
            "period_name": "FY23",
            "period_fy_number": "23",
            "combination_id": 50883,
            "amount": 4840
        },
        {
            "proj_org": "2025-CIO Transport Operations",
            "authority_code": "3120",
            "initiative_code": "1024",
            "base_project_code": "100075",
            "cost_centre_code": "2025",
            "proj_number": "100075.03",
            "proj_name": "RRCN-AWP/MPM funding...",
            "budget_type_name": "Controlling Budget",
            "period_name": "FY24",
            "period_fy_number": "24",
            "combination_id": 50879,
            "amount": 6000
        },
        {
            "proj_org": "2025-CIO Transport Operations",
            "authority_code": "3120",
            "initiative_code": "1024",
            "base_project_code": "100075",
            "cost_centre_code": "2025",
            "proj_number": "100075.03",
            "proj_name": "RRCN-AWP/MPM funding...",
            "budget_type_name": "Controlling Budget",
            "period_name": "FY27",
            "period_fy_number": "27",
            "combination_id": 50879,
            "amount": 6000
        },
        {
            "proj_org": "2025-CIO Transport Operations",
            "authority_code": "3120",
            "initiative_code": "1024",
            "base_project_code": "100075",
            "cost_centre_code": "2025",
            "proj_number": "100075.03",
            "proj_name": "RRCN-AWP/MPM funding...",
            "budget_type_name": "Controlling Budget",
            "period_name": "FY23",
            "period_fy_number": "23",
            "combination_id": 50879,
            "amount": 7000
        },
        {
            "proj_org": "2025-CIO Transport Operations",
            "authority_code": "3120",
            "initiative_code": "1024",
            "base_project_code": "100075",
            "cost_centre_code": "2025",
            "proj_number": "100075.03",
            "proj_name": "RRCN-AWP/MPM funding...",
            "budget_type_name": "Controlling Budget",
            "period_name": "FY26",
            "period_fy_number": "26",
            "combination_id": 50879,
            "amount": 7000
        },
        {
            "proj_org": "2025-CIO Transport Operations",
            "authority_code": "3120",
            "initiative_code": "1024",
            "base_project_code": "100075",
            "cost_centre_code": "2025",
            "proj_number": "100075.03",
            "proj_name": "RRCN-AWP/MPM funding...",
            "budget_type_name": "Controlling Budget",
            "period_name": "FY21",
            "period_fy_number": "21",
            "combination_id": 50879,
            "amount": 9000
        },
        {
            "proj_org": "2064-Tram Franchise",
            "authority_code": "3120",
            "initiative_code": "1404",
            "base_project_code": "200322",
            "cost_centre_code": "2064",
            "proj_number": "200322.02",
            "proj_name": "Tram Emergency Egress...",
            "budget_type_name": "Controlling Budget",
            "period_name": "FY22",
            "period_fy_number": "22",
            "combination_id": 50908,
            "amount": 24000
        },
        {
            "proj_org": "2064-Tram Franchise",
            "authority_code": "3120",
            "initiative_code": "1404",
            "base_project_code": "200322",
            "cost_centre_code": "2064",
            "proj_number": "200322.02",
            "proj_name": "Tram Emergency Egress...",
            "budget_type_name": "Controlling Budget",
            "period_name": "FY21",
            "period_fy_number": "21",
            "combination_id": 50907,
            "amount": 24000
        },
        {
            "proj_org": "2064-Tram Franchise",
            "authority_code": "3120",
            "initiative_code": "1404",
            "base_project_code": "200322",
            "cost_centre_code": "2064",
            "proj_number": "200322.02",
            "proj_name": "Tram Emergency Egress...",
            "budget_type_name": "Controlling Budget",
            "period_name": "FY21",
            "period_fy_number": "21",
            "combination_id": 50908,
            "amount": 28964
        },
        {
            "proj_org": "2064-Tram Franchise",
            "authority_code": "3120",
            "initiative_code": "1404",
            "base_project_code": "200322",
            "cost_centre_code": "2064",
            "proj_number": "200322.02",
            "proj_name": "Tram Emergency Egress...",
            "budget_type_name": "Controlling Budget",
            "period_name": "FY22",
            "period_fy_number": "22",
            "combination_id": 50907,
            "amount": 31053
        },
        {
            "proj_org": "2064-Tram Franchise",
            "authority_code": "3120",
            "initiative_code": "1404",
            "base_project_code": "200322",
            "cost_centre_code": "2064",
            "proj_number": "200322.02",
            "proj_name": "Tram Emergency Egress...",
            "budget_type_name": "Controlling Budget",
            "period_name": "FY25",
            "period_fy_number": "25",
            "combination_id": 50907,
            "amount": 46179
        },
        {
            "proj_org": "2064-Tram Franchise",
            "authority_code": "3120",
            "initiative_code": "1404",
            "base_project_code": "200322",
            "cost_centre_code": "2064",
            "proj_number": "200322.02",
            "proj_name": "Tram Emergency Egress...",
            "budget_type_name": "Controlling Budget",
            "period_name": "FY24",
            "period_fy_number": "24",
            "combination_id": 50907,
            "amount": 47427
        },
        {
            "proj_org": "2064-Tram Franchise",
            "authority_code": "3120",
            "initiative_code": "1404",
            "base_project_code": "200322",
            "cost_centre_code": "2064",
            "proj_number": "200322.02",
            "proj_name": "Tram Emergency Egress...",
            "budget_type_name": "Controlling Budget",
            "period_name": "FY24",
            "period_fy_number": "24",
            "combination_id": 50908,
            "amount": 47427
        },
        {
            "proj_org": "2064-Tram Franchise",
            "authority_code": "3120",
            "initiative_code": "1404",
            "base_project_code": "200322",
            "cost_centre_code": "2064",
            "proj_number": "200322.02",
            "proj_name": "Tram Emergency Egress...",
            "budget_type_name": "Controlling Budget",
            "period_name": "FY25",
            "period_fy_number": "25",
            "combination_id": 50908,
            "amount": 48000
        },
        {
            "proj_org": "2064-Tram Franchise",
            "authority_code": "3120",
            "initiative_code": "1404",
            "base_project_code": "200322",
            "cost_centre_code": "2064",
            "proj_number": "200322.02",
            "proj_name": "Tram Emergency Egress...",
            "budget_type_name": "Controlling Budget",
            "period_name": "FY23",
            "period_fy_number": "23",
            "combination_id": 50908,
            "amount": 48000
        },
        {
            "proj_org": "2064-Tram Franchise",
            "authority_code": "3120",
            "initiative_code": "1404",
            "base_project_code": "200322",
            "cost_centre_code": "2064",
            "proj_number": "200322.02",
            "proj_name": "Tram Emergency Egress...",
            "budget_type_name": "Controlling Budget",
            "period_name": "FY27",
            "period_fy_number": "27",
            "combination_id": 50908,
            "amount": 48000
        },
        {
            "proj_org": "2064-Tram Franchise",
            "authority_code": "3120",
            "initiative_code": "1404",
            "base_project_code": "200322",
            "cost_centre_code": "2064",
            "proj_number": "200322.02",
            "proj_name": "Tram Emergency Egress...",
            "budget_type_name": "Controlling Budget",
            "period_name": "FY27",
            "period_fy_number": "27",
            "combination_id": 50907,
            "amount": 48273
        },
        {
            "proj_org": "2064-Tram Franchise",
            "authority_code": "3120",
            "initiative_code": "1404",
            "base_project_code": "200322",
            "cost_centre_code": "2064",
            "proj_number": "200322.02",
            "proj_name": "Tram Emergency Egress...",
            "budget_type_name": "Controlling Budget",
            "period_name": "FY23",
            "period_fy_number": "23",
            "combination_id": 50907,
            "amount": 49759
        },
        {
            "proj_org": "2077-Program Delivery",
            "authority_code": "3120",
            "initiative_code": "1447",
            "base_project_code": "200066",
            "cost_centre_code": "2077",
            "proj_number": "200066.11",
            "proj_name": "La Trobe St Bridge...",
            "budget_type_name": "Controlling Budget",
            "period_name": "FY23",
            "period_fy_number": "23",
            "combination_id": 50902,
            "amount": 1000000
        },
        {
            "proj_org": "2077-Program Delivery",
            "authority_code": "3120",
            "initiative_code": "1447",
            "base_project_code": "200066",
            "cost_centre_code": "2077",
            "proj_number": "200066.11",
            "proj_name": "La Trobe St Bridge...",
            "budget_type_name": "Controlling Budget",
            "period_name": "FY26",
            "period_fy_number": "26",
            "combination_id": 50902,
            "amount": 1000000
        },
        {
            "proj_org": "2077-Program Delivery",
            "authority_code": "3120",
            "initiative_code": "1447",
            "base_project_code": "200066",
            "cost_centre_code": "2077",
            "proj_number": "200066.11",
            "proj_name": "La Trobe St Bridge...",
            "budget_type_name": "Controlling Budget",
            "period_name": "FY22",
            "period_fy_number": "22",
            "combination_id": 50902,
            "amount": 1000000
        },
        {
            "proj_org": "2077-Program Delivery",
            "authority_code": "3120",
            "initiative_code": "1012",
            "base_project_code": "200055",
            "cost_centre_code": "2077",
            "proj_number": "200055.08",
            "proj_name": "Statewide Level Crossing 21-22...",
            "budget_type_name": "Controlling Budget",
            "period_name": "FY22",
            "period_fy_number": "22",
            "combination_id": 50893,
            "amount": 1000000
        },
        {
            "proj_org": "2077-Program Delivery",
            "authority_code": "2020",
            "initiative_code": "1573",
            "base_project_code": "200418",
            "cost_centre_code": "2077",
            "proj_number": "200418.01",
            "proj_name": "Rail waste and graffiti remova...",
            "budget_type_name": "Controlling Budget",
            "period_name": "FY22",
            "period_fy_number": "22",
            "combination_id": 50912,
            "amount": 1508364
        },
        {
            "proj_org": "2077-Program Delivery",
            "authority_code": "2020",
            "initiative_code": "1573",
            "base_project_code": "200418",
            "cost_centre_code": "2077",
            "proj_number": "200418.01",
            "proj_name": "Rail waste and graffiti remova...",
            "budget_type_name": "Controlling Budget",
            "period_name": "FY24",
            "period_fy_number": "24",
            "combination_id": 50912,
            "amount": 1946727
        },
        {
            "proj_org": "2077-Program Delivery",
            "authority_code": "2020",
            "initiative_code": "1573",
            "base_project_code": "200418",
            "cost_centre_code": "2077",
            "proj_number": "200418.01",
            "proj_name": "Rail waste and graffiti remova...",
            "budget_type_name": "Controlling Budget",
            "period_name": "FY23",
            "period_fy_number": "23",
            "combination_id": 50912,
            "amount": 2130132
        },
        {
            "proj_org": "2077-Program Delivery",
            "authority_code": "3120",
            "initiative_code": "1570",
            "base_project_code": "200415",
            "cost_centre_code": "2077",
            "proj_number": "200415.01",
            "proj_name": "Public Transport Minor works -...",
            "budget_type_name": "Controlling Budget",
            "period_name": "FY22",
            "period_fy_number": "22",
            "combination_id": 50882,
            "amount": 2332214
        },
        {
            "proj_org": "2077-Program Delivery",
            "authority_code": "3120",
            "initiative_code": "1570",
            "base_project_code": "200415",
            "cost_centre_code": "2077",
            "proj_number": "200415.01",
            "proj_name": "Public Transport Minor works -...",
            "budget_type_name": "Controlling Budget",
            "period_name": "FY23",
            "period_fy_number": "23",
            "combination_id": 50884,
            "amount": 2560000
        },
        {
            "proj_org": "2077-Program Delivery",
            "authority_code": "3120",
            "initiative_code": "1570",
            "base_project_code": "200415",
            "cost_centre_code": "2077",
            "proj_number": "200415.01",
            "proj_name": "Public Transport Minor works -...",
            "budget_type_name": "Controlling Budget",
            "period_name": "FY26",
            "period_fy_number": "26",
            "combination_id": 50881,
            "amount": 2955663
        },
        {
            "proj_org": "2077-Program Delivery",
            "authority_code": "2020",
            "initiative_code": "1573",
            "base_project_code": "200418",
            "cost_centre_code": "2077",
            "proj_number": "200418.01",
            "proj_name": "Rail waste and graffiti remova...",
            "budget_type_name": "Controlling Budget",
            "period_name": "FY25",
            "period_fy_number": "25",
            "combination_id": 50912,
            "amount": 2993766
        },
        {
            "proj_org": "2077-Program Delivery",
            "authority_code": "3120",
            "initiative_code": "1447",
            "base_project_code": "200066",
            "cost_centre_code": "2077",
            "proj_number": "200066.11",
            "proj_name": "La Trobe St Bridge...",
            "budget_type_name": "Controlling Budget",
            "period_name": "FY24",
            "period_fy_number": "24",
            "combination_id": 50902,
            "amount": 3000000
        },
        {
            "proj_org": "2077-Program Delivery",
            "authority_code": "3120",
            "initiative_code": "1447",
            "base_project_code": "200066",
            "cost_centre_code": "2077",
            "proj_number": "200066.11",
            "proj_name": "La Trobe St Bridge...",
            "budget_type_name": "Controlling Budget",
            "period_name": "FY21",
            "period_fy_number": "21",
            "combination_id": 50902,
            "amount": 3000000
        },
        {
            "proj_org": "2077-Program Delivery",
            "authority_code": "3120",
            "initiative_code": "1570",
            "base_project_code": "200415",
            "cost_centre_code": "2077",
            "proj_number": "200415.01",
            "proj_name": "Public Transport Minor works -...",
            "budget_type_name": "Controlling Budget",
            "period_name": "FY25",
            "period_fy_number": "25",
            "combination_id": 50885,
            "amount": 3630000
        },
        {
            "proj_org": "2077-Program Delivery",
            "authority_code": "2020",
            "initiative_code": "1573",
            "base_project_code": "200418",
            "cost_centre_code": "2077",
            "proj_number": "200418.01",
            "proj_name": "Rail waste and graffiti remova...",
            "budget_type_name": "Controlling Budget",
            "period_name": "FY21",
            "period_fy_number": "21",
            "combination_id": 50912,
            "amount": 3674546
        },
        {
            "proj_org": "2077-Program Delivery",
            "authority_code": "3120",
            "initiative_code": "1012",
            "base_project_code": "200055",
            "cost_centre_code": "2077",
            "proj_number": "200055.08",
            "proj_name": "Statewide Level Crossing 21-22...",
            "budget_type_name": "Controlling Budget",
            "period_name": "FY27",
            "period_fy_number": "27",
            "combination_id": 50893,
            "amount": 3900000
        },
        {
            "proj_org": "2077-Program Delivery",
            "authority_code": "3120",
            "initiative_code": "1570",
            "base_project_code": "200415",
            "cost_centre_code": "2077",
            "proj_number": "200415.01",
            "proj_name": "Public Transport Minor works -...",
            "budget_type_name": "Controlling Budget",
            "period_name": "FY24",
            "period_fy_number": "24",
            "combination_id": 50885,
            "amount": 4373679
        },
        {
            "proj_org": "2077-Program Delivery",
            "authority_code": "2020",
            "initiative_code": "1573",
            "base_project_code": "200418",
            "cost_centre_code": "2077",
            "proj_number": "200418.01",
            "proj_name": "Rail waste and graffiti remova...",
            "budget_type_name": "Controlling Budget",
            "period_name": "FY27",
            "period_fy_number": "27",
            "combination_id": 50912,
            "amount": 5142726
        },
        {
            "proj_org": "2077-Program Delivery",
            "authority_code": "3120",
            "initiative_code": "1012",
            "base_project_code": "200055",
            "cost_centre_code": "2077",
            "proj_number": "200055.08",
            "proj_name": "Statewide Level Crossing 21-22...",
            "budget_type_name": "Controlling Budget",
            "period_name": "FY23",
            "period_fy_number": "23",
            "combination_id": 50893,
            "amount": 6200000
        },
        {
            "proj_org": "2077-Program Delivery",
            "authority_code": "3120",
            "initiative_code": "1012",
            "base_project_code": "200055",
            "cost_centre_code": "2077",
            "proj_number": "200055.08",
            "proj_name": "Statewide Level Crossing 21-22...",
            "budget_type_name": "Controlling Budget",
            "period_name": "FY25",
            "period_fy_number": "25",
            "combination_id": 50893,
            "amount": 7000000
        },
        {
            "proj_org": "2077-Program Delivery",
            "authority_code": "3120",
            "initiative_code": "1012",
            "base_project_code": "200055",
            "cost_centre_code": "2077",
            "proj_number": "200055.08",
            "proj_name": "Statewide Level Crossing 21-22...",
            "budget_type_name": "Controlling Budget",
            "period_name": "FY24",
            "period_fy_number": "24",
            "combination_id": 50893,
            "amount": 7400000
        },
        {
            "proj_org": "2077-Program Delivery",
            "authority_code": "3120",
            "initiative_code": "1012",
            "base_project_code": "200055",
            "cost_centre_code": "2077",
            "proj_number": "200055.08",
            "proj_name": "Statewide Level Crossing 21-22...",
            "budget_type_name": "Controlling Budget",
            "period_name": "FY26",
            "period_fy_number": "26",
            "combination_id": 50893,
            "amount": 7400000
        },
        {
            "proj_org": "2077-Program Delivery",
            "authority_code": "3120",
            "initiative_code": "1570",
            "base_project_code": "200415",
            "cost_centre_code": "2077",
            "proj_number": "200415.01",
            "proj_name": "Public Transport Minor works -...",
            "budget_type_name": "Controlling Budget",
            "period_name": "FY21",
            "period_fy_number": "21",
            "combination_id": 50882,
            "amount": 8655565
        },
        {
            "proj_org": "2077-Program Delivery",
            "authority_code": "3120",
            "initiative_code": "1570",
            "base_project_code": "200415",
            "cost_centre_code": "2077",
            "proj_number": "200415.01",
            "proj_name": "Public Transport Minor works -...",
            "budget_type_name": "Controlling Budget",
            "period_name": "FY27",
            "period_fy_number": "27",
            "combination_id": 50888,
            "amount": 8866000
        },
        {
            "proj_org": "2077-Program Delivery",
            "authority_code": "2020",
            "initiative_code": "1573",
            "base_project_code": "200418",
            "cost_centre_code": "2077",
            "proj_number": "200418.01",
            "proj_name": "Rail waste and graffiti remova...",
            "budget_type_name": "Controlling Budget",
            "period_name": "FY26",
            "period_fy_number": "26",
            "combination_id": 50912,
            "amount": 9436490
        }
    ],
    "hasMore": false,
    "limit": 500,
    "offset": 0,
    "count": 140,
    "links": [
        {
            "rel": "self",
            "href": "https://coq4hi5ehnacuc6-dotvicadwdev.adb.ap-sydney-1.oraclecloudapps.com/ords/btftapp_db/projWBS/getPeriodBasedProjectList?subProjNum=200073.92"
        },
        {
            "rel": "describedby",
            "href": "https://coq4hi5ehnacuc6-dotvicadwdev.adb.ap-sydney-1.oraclecloudapps.com/ords/btftapp_db/metadata-catalog/projWBS/item"
        },
        {
            "rel": "first",
            "href": "https://coq4hi5ehnacuc6-dotvicadwdev.adb.ap-sydney-1.oraclecloudapps.com/ords/btftapp_db/projWBS/getPeriodBasedProjectList?subProjNum=200073.92"
        }
    ]
}