{
  "root": "callRestGetProjectStatusDetails",
  "description": "",
  "actions": {
    "navigateToMainStart": {
      "module": "vb/action/builtin/navigateAction",
      "parameters": {
        "page": "main-start",
        "params": {
          "searchProjNum": "{{ $chain.results.callFunctionSetNotificationList }}"
        }
      }
    },
    "fireNotification": {
      "module": "vb/action/builtin/fireNotificationEventAction",
      "parameters": {
        "target": "leaf",
        "summary": "[[ $chain.results.callRestGetProjectStatusDetails.message.summary ]]",
        "type": "error",
        "displayMode": "persist"
      }
    },
    "callRestGetProjectStatusDetails": {
      "module": "vb/action/builtin/restAction",
      "parameters": {
        "endpoint": "ordsBtftapp/getProjectStatusDetails"
      },
      "outcomes": {
        "failure": "fireNotification",
        "success": "if"
      }
    },
    "if": {
      "module": "vb/action/builtin/ifAction",
      "parameters": {
        "condition": "[[ $chain.results.callRestGetProjectStatusDetails.body.items.length ]]"
      },
      "outcomes": {
        "true": "callFunctionSetNotificationList"
      }
    },
    "callFunctionSetNotificationList": {
      "module": "vb/action/builtin/callModuleFunctionAction",
      "parameters": {
        "module": "[[ $application.functions ]]",
        "functionName": "setNotificationList",
        "params": [
          "{{ $chain.results.callRestGetProjectStatusDetails.body.items }}",
          "TOTAL"
        ]
      },
      "outcomes": {
        "success": "navigateToMainStart"
      }
    }
  }
}