{
    "items": [
        {
            "employee_id": "100000006249707",
            "project_role_name": "Project Manager",
            "project_team_members": " ",
            "email_address": null,
            "user_id": "123",
            "username": "vidatyf"
        },
        {
            "employee_id": "100000006249707",
            "project_role_name": "Project Manager",
            "project_team_members": " ",
            "email_address": null,
            "user_id": "421",
            "username": "vicek3h"
        },
        {
            "employee_id": "100000006249707",
            "project_role_name": "Project Manager",
            "project_team_members": "Helen Li",
            "email_address": "helen.li@transport.vic.gov.au",
            "user_id": "300000004673811",
            "username": "VICEK3H"
        },
        {
            "employee_id": "100000006249707",
            "project_role_name": "Project Manager",
            "project_team_members": "Paul Koukoulias",
            "email_address": "paul.koukoulias@transport.vic.gov.au",
            "user_id": "300000007461737",
            "username": "vic6z8z"
        },
        {
            "employee_id": "100000006249707",
            "project_role_name": "Project Manager",
            "project_team_members": " ",
            "email_address": "abraham.kingsley@oracle.com",
            "user_id": "146",
            "username": "abraham.kingsley@oracle.com"
        },
        {
            "employee_id": "100000006249707",
            "project_role_name": "Project Manager",
            "project_team_members": "Deependra Sharma",
            "email_address": "deependra.sharma@transport.vic.gov.au",
            "user_id": "11",
            "username": "vid34ds"
        },
        {
            "employee_id": "100000006249707",
            "project_role_name": "Project Manager",
            "project_team_members": "Deependra Sharma",
            "email_address": "deependra.sharma@transport.vic.gov.au",
            "user_id": "300000102543578",
            "username": "VID34DS"
        },
        {
            "employee_id": "100000039877088",
            "project_role_name": "Project Manager",
            "project_team_members": "Michael Ciavarella",
            "email_address": "michael.ciavarella@roads.vic.gov.au",
            "user_id": "300000011777328",
            "username": "CIAVARM"
        },
        {
            "employee_id": "100000006249707",
            "project_role_name": "Project Manager",
            "project_team_members": " ",
            "email_address": "ashutosh.tomar@oracle.com",
            "user_id": "145",
            "username": "ashutosh.tomar@oracle.com"
        },
        {
            "employee_id": "100000006249707",
            "project_role_name": "Project Manager",
            "project_team_members": " ",
            "email_address": "dhiraj.s.shingavi@oracle.com",
            "user_id": "147",
            "username": "dhiraj.s.shingavi@oracle.com"
        },
        {
            "employee_id": "100000006249707",
            "project_role_name": "Project Manager",
            "project_team_members": "Soren Shajari",
            "email_address": "soren.shajari@transport.vic.gov.au",
            "user_id": "300000051547296",
            "username": "vic2hhn"
        },
        {
            "employee_id": "100000006249707",
            "project_role_name": "Project Manager",
            "project_team_members": " ",
            "email_address": null,
            "user_id": "300000051547296",
            "username": "vic2hhn"
        }
    ],
    "hasMore": false,
    "limit": 500,
    "offset": 0,
    "count": 12,
    "links": [
        {
            "rel": "self",
            "href": "https://apps-preprod-fs.transport.vic.gov.au/ords/btftapp_db/projWBS/getEndorserListByProject?subprojnumber=101210.001&projrolename=Project+Manager"
        },
        {
            "rel": "describedby",
            "href": "https://apps-preprod-fs.transport.vic.gov.au/ords/btftapp_db/metadata-catalog/projWBS/item"
        },
        {
            "rel": "first",
            "href": "https://apps-preprod-fs.transport.vic.gov.au/ords/btftapp_db/projWBS/getEndorserListByProject?subprojnumber=101210.001&projrolename=Project+Manager"
        }
    ]
}