{
    "items": [
        {
            "period_fy": "FY22",
            "wbs_budget": 0,
            "forecast_budget": 0
        },
        {
            "period_fy": "FY23",
            "wbs_budget": 0,
            "forecast_budget": 0
        },
        {
            "period_fy": "FY24",
            "wbs_budget": 0,
            "forecast_budget": 0
        },
        {
            "period_fy": "FY25",
            "wbs_budget": 0,
            "forecast_budget": 0
        },
        {
            "period_fy": "FY26",
            "wbs_budget": 0,
            "forecast_budget": 0
        },
        {
            "period_fy": "FY27",
            "wbs_budget": 0,
            "forecast_budget": 0
        },
        {
            "period_fy": "FY28",
            "wbs_budget": 0,
            "forecast_budget": 0
        },
        {
            "period_fy": "FY29",
            "wbs_budget": 0,
            "forecast_budget": 0
        },
        {
            "period_fy": "FY30",
            "wbs_budget": 0,
            "forecast_budget": 0
        },
        {
            "period_fy": "FY31",
            "wbs_budget": 0,
            "forecast_budget": 0
        }
    ],
    "hasMore": false,
    "limit": 25,
    "offset": 0,
    "count": 10,
    "links": [
        {
            "rel": "self",
            "href": "https://coq4hi5ehnacuc6-dotadwpreprod.adb.ap-sydney-1.oraclecloudapps.com/ords/btftapp_db/ProjectForecast/CurrentAllocationSummary"
        },
        {
            "rel": "describedby",
            "href": "https://coq4hi5ehnacuc6-dotadwpreprod.adb.ap-sydney-1.oraclecloudapps.com/ords/btftapp_db/metadata-catalog/ProjectForecast/item"
        },
        {
            "rel": "first",
            "href": "https://coq4hi5ehnacuc6-dotadwpreprod.adb.ap-sydney-1.oraclecloudapps.com/ords/btftapp_db/ProjectForecast/CurrentAllocationSummary"
        }
    ]
}