{
    "openapi": "3.0.0",
    "info": {
        "title": "Ic Api",
        "version": "1.0.0"
    },
    "servers": [
        {
            "url": "vb-catalog://backends/ICS_OPA"
        }
    ],
    "paths": {
        "/INT15_BFA_OPA_PROJE_BUDGE_WORKF/1.0/InvokeOPAWorkFlow": {
            "post": {
                "operationId": "postINT15_BFA_OPA_PROJE_BUDGE_WORKF1_0InvokeOPAWorkFlow",
                "requestBody": {
                    "description": "Request for application/json",
                    "content": {
                        "application/json": {
                            "schema": {
                                "$ref": "#/components/schemas/PostINT15_BFA_OPA_PROJE_BUDGE_WORKF1_0InvokeOPAWorkFlowRequest"
                            },
                            "examples": {
                                "vb": {
                                    "summary": "Example stored by VB User",
                                    "externalValue": "./examples/postINT15_BFA_OPA_PROJE_BUDGE_WORKF1_0InvokeOPAWorkFlow/request_application_json_vb.json"
                                }
                            }
                        }
                    }
                },
                "responses": {
                    "default": {
                        "description": "Response for default",
                        "content": {
                            "application/json": {
                                "schema": {
                                    "$ref": "#/components/schemas/PostINT15_BFA_OPA_PROJE_BUDGE_WORKF1_0InvokeOPAWorkFlowResponse"
                                },
                                "examples": {
                                    "vb": {
                                        "summary": "Example stored by VB User",
                                        "externalValue": "./examples/postINT15_BFA_OPA_PROJE_BUDGE_WORKF1_0InvokeOPAWorkFlow/response_default_application_json_vb.json"
                                    }
                                }
                            }
                        }
                    }
                },
                "x-vb": {
                    "actionHint": "create"
                }
            }
        }
    },
    "components": {
        "schemas": {
            "PostINT15_BFA_OPA_PROJE_BUDGE_WORKF1_0InvokeOPAWorkFlowRequest": {
                "type": "object",
                "properties": {
                    "dataObject": {
                        "type": "object",
                        "properties": {
                            "emailAddress": {
                                "type": "string"
                            },
                            "period": {
                                "type": "string"
                            },
                            "comments": {
                                "type": "string"
                            },
                            "action": {
                                "type": "string"
                            },
                            "jobRole": {
                                "type": "string"
                            },
                            "currentBudgetAmount": {
                                "type": "string"
                            },
                            "userID": {
                                "type": "string"
                            },
                            "previousBudgetAmount": {
                                "type": "string"
                            },
                            "opaProcessName": {
                                "type": "string"
                            },
                            "businessDays": {
                                "type": "string"
                            },
                            "projectnumber": {
                                "type": "string"
                            },
                            "allocationBatchNumber": {
                                "type": "string"
                            },
                            "projectname": {
                                "type": "string"
                            },
                            "projectBudgetVersion": {
                                "type": "string"
                            }

                        }
                    }
                }
            },
            "PostINT15_BFA_OPA_PROJE_BUDGE_WORKF1_0InvokeOPAWorkFlowResponse": {
                "type": "object",
                "properties": {
                    "Status": {
                        "type": "string"
                    },
                    "Message": {
                        "type": "string"
                    },
                    "opaProcessId": {
                        "type": "string"
                    }
                }
            }
        }
    }
}