{
    "items": [],
    "hasMore": false,
    "limit": 0,
    "offset": 0,
    "count": 0,
    "links": [
        {
            "rel": "self",
            "href": "https://coq4hi5ehnacuc6-dotadwpreprod.adb.ap-sydney-1.oraclecloudapps.com/ords/btftapp_db/ProjectBudget/CurrentBudgetDataCapexOpex"
        },
        {
            "rel": "describedby",
            "href": "https://coq4hi5ehnacuc6-dotadwpreprod.adb.ap-sydney-1.oraclecloudapps.com/ords/btftapp_db/metadata-catalog/ProjectBudget/item"
        }
    ]
}