{
    "items": [
        {
            "project_code": "200073",
            "sub_project_number": "200073.30",
            "sub_project_name": "200073.30 - HCMT Operating",
            "error_message": "SUM NOT MATCHING Sum not matching for year tei"
        },
        {
            "project_code": "200073",
            "sub_project_number": "200073.96",
            "sub_project_name": "200073.96 - JN31250 HCMT Service Concession Operating (SC)",
            "error_message": "SUM NOT MATCHING Sum not matching for year tei"
        }
    ],
    "hasMore": false,
    "limit": 25,
    "offset": 0,
    "count": 2,
    "links": [
        {
            "rel": "self",
            "href": "https://coq4hi5ehnacuc6-dotvicadwdev.adb.ap-sydney-1.oraclecloudapps.com/ords/btftapp_db/projWBS/getProjectBulkUploadErrors/hariharasubramanian.vijayakum@oracle.com/200073"
        },
        {
            "rel": "describedby",
            "href": "https://coq4hi5ehnacuc6-dotvicadwdev.adb.ap-sydney-1.oraclecloudapps.com/ords/btftapp_db/metadata-catalog/projWBS/getProjectBulkUploadErrors/hariharasubramanian.vijayakum@oracle.com/item"
        },
        {
            "rel": "first",
            "href": "https://coq4hi5ehnacuc6-dotvicadwdev.adb.ap-sydney-1.oraclecloudapps.com/ords/btftapp_db/projWBS/getProjectBulkUploadErrors/hariharasubramanian.vijayakum@oracle.com/200073"
        }
    ]
}