{
    "openapi": "3.0.0",
    "info": {
        "title": "Ic Api",
        "description": "dotoicpreprod@transport.vic.gov.au",
        "version": "1.0.0"
    },
    "servers": [
        {
            "url": "https://dotvic-prod-sdkuzeu06hot-sy.integration.ocp.oraclecloud.com/ic/api/integration/v1/flows/rest/INT27_VBCS_PFM_PROJE_FOREC_IMPOR/1.0",
            "description": "Ic Api",
            "x-vb": {
                "authentication": {
                    "authenticated": {
                        "type": "basic",
                        "credentials": "vb_f2700743-51e1-416d-92f3-d480ecc96295"
                    }
                }
            }
        }
    ],
    "paths": {
        "/importProjectsfromVBCS": {
            "post": {
                "operationId": "postImportProjectsfromVBCS",
                "responses": {},
                "x-vb": {
                    "actionHint": "update"
                }
            }
        }
    }
}