{
  "description": "",
  "root": "callFunctionShowLoading",
  "actions": {
    "fireNotification": {
      "module": "vb/action/builtin/fireNotificationEventAction",
      "parameters": {
        "target": "leaf",
        "summary": "[[ $chain.results.callRestGetProjectSearchAllocatedTEIvsWBS2.message.summary ]]",
        "type": "error",
        "displayMode": "persist"
      },
      "outcomes": {
        "success": "callFunctionHideLoading2"
      }
    },
    "callRestGetProjectSearchAllocatedTEIvsWBS2": {
      "module": "vb/action/builtin/restAction",
      "parameters": {
        "endpoint": "ordsBtftapp/getProjectSearchAllocatedTEIvsWBS2",
        "uriParams": {
          "authority_code": "{{ $page.variables.selectedAuthCode }}",
          "cost_code": "{{ $page.variables.selectedCostCentreCode }}",
          "initiative_code": "{{ $page.variables.selectedInitCode }}",
          "project_code": "{{ $page.variables.selectedProj }}",
          "sub_project_code": "{{ $page.variables.selectedSubProj == undefined || $page.variables.selectedSubProj == \"\" ? -1 : $page.variables.selectedSubProj }}",
          "flag": "{{ $page.variables.diffFlag[0] == undefined ? 2 : $page.variables.diffFlag[0] }}"
        }
      },
      "outcomes": {
        "failure": "fireNotification",
        "success": "assignVariablesReportDataArr2"
      }
    },
    "callFunctionGetFormattedData": {
      "module": "vb/action/builtin/callModuleFunctionAction",
      "parameters": {
        "module": "[[ $functions ]]",
        "functionName": "getFormattedData",
        "params": [
          "{{ $chain.results.callRestGetProjectSearchAllocatedTEIvsWBS2.body.items }}",
          "{{ $chain.results.callFunctionInitFYArray }}",
          "{{ $page.variables.codeDescObj }}"
        ]
      },
      "outcomes": {
        "success": "assignVariablesReportDataArr"
      }
    },
    "assignVariablesReportDataArr": {
      "module": "vb/action/builtin/assignVariablesAction",
      "parameters": {
        "$page.variables.reportDataArr": {
          "source": "{{ $chain.results.callFunctionGetFormattedData.reportData }}"
        },
        "$page.variables.distinctPeriodFy": {
          "source": "{{ $chain.results.callFunctionGetFormattedData.periodFY }}"
        }
      },
      "outcomes": {
        "success": "callFunctionExportData"
      }
    },
    "callFunctionShowLoading": {
      "module": "vb/action/builtin/callModuleFunctionAction",
      "parameters": {
        "module": "[[ $application.functions ]]",
        "functionName": "showLoading"
      },
      "outcomes": {
        "success": "callRestGetProjectSearchAllocatedTEIvsWBS2"
      }
    },
    "callFunctionHideLoading": {
      "module": "vb/action/builtin/callModuleFunctionAction",
      "parameters": {
        "module": "[[ $application.functions ]]",
        "functionName": "hideLoading"
      }
    },
    "callFunctionHideLoading2": {
      "module": "vb/action/builtin/callModuleFunctionAction",
      "parameters": {
        "module": "[[ $application.functions ]]",
        "functionName": "hideLoading"
      }
    },
    "callFunctionInitFYArray": {
      "module": "vb/action/builtin/callModuleFunctionAction",
      "parameters": {
        "module": "[[ $application.functions ]]",
        "functionName": "initFYArray"
      },
      "outcomes": {
        "success": "callFunctionGetFormattedData"
      }
    },
    "assignVariablesReportDataArr2": {
      "module": "vb/action/builtin/assignVariablesAction",
      "parameters": {
        "$page.variables.reportDataArr": {
          "source": []
        },
        "$page.variables.distinctPeriodFy": {
          "source": []
        }
      },
      "outcomes": {
        "success": "callFunctionInitFYArray"
      }
    },
    "callFunctionExportData": {
      "module": "vb/action/builtin/callModuleFunctionAction",
      "parameters": {
        "module": "[[ $functions ]]",
        "functionName": "exportData",
        "params": [
          "{{ $page.variables.reportDataArr }}",
          "{{ $page.variables.distinctPeriodFy }}",
          "{{ $application.functions.formatCurrency }}",
          "{{ $functions.getChildData }}",
          "{{ $application.variables.configVal.csvHeaderLabels }}"
        ]
      },
      "outcomes": {
        "success": "assignVariablesExportData"
      }
    },
    "assignVariablesExportData": {
      "module": "vb/action/builtin/assignVariablesAction",
      "parameters": {
        "$page.variables.exportData": {
          "source": "{{ $chain.results.callFunctionExportData }}"
        }
      },
      "outcomes": {
        "success": "callFunctionHideLoading"
      }
    }
  },
  "variables": {}
}