{
  "root": "callRestGetUserAccessActionAllowed",
  "description": "",
  "actions": {
    "runInParallel": {
      "module": "vb/action/builtin/forkAction",
      "parameters": {
        "actions": {
          "callRestGetCommonGetSegmentCodes": "callFunctionShowLoading"
        }
      }
    },
    "fireNotification": {
      "module": "vb/action/builtin/fireNotificationEventAction",
      "parameters": {
        "target": "leaf",
        "summary": "[[ $chain.results.callRestGetCommonGetSegmentCodes.message.summary ]]",
        "type": "error",
        "displayMode": "persist"
      },
      "outcomes": {
        "success": "callFunctionHideLoading2"
      }
    },
    "callRestGetCommonGetSegmentCodes": {
      "module": "vb/action/builtin/restAction",
      "parameters": {
        "endpoint": "ordsBtftapp/getCommonGetSegmentCodes"
      },
      "outcomes": {
        "failure": "fireNotification",
        "success": "callFunctionGetLovData"
      }
    },
    "callFunctionGetLovData": {
      "module": "vb/action/builtin/callModuleFunctionAction",
      "parameters": {
        "module": "[[ $functions ]]",
        "functionName": "getLovData",
        "params": [
          "{{ $chain.results.callRestGetCommonGetSegmentCodes.body.items }}"
        ]
      },
      "outcomes": {
        "success": "assignVariablesAuthOptionArr"
      }
    },
    "assignVariablesAuthOptionArr": {
      "module": "vb/action/builtin/assignVariablesAction",
      "parameters": {
        "$page.variables.authOptionArr": {
          "source": "{{ $chain.results.callFunctionGetLovData.authcodeArray }}"
        },
        "$page.variables.costCodeOptionArr": {
          "source": "{{ $chain.results.callFunctionGetLovData.costcodeArray }}"
        },
        "$page.variables.prjOptionAr": {
          "source": "{{ $chain.results.callFunctionGetLovData.baseProjArray }}"
        },
        "$page.variables.initOptionArr": {
          "source": "{{ $chain.results.callFunctionGetLovData.initcodeArray }}"
        },
        "$page.variables.codeDescObj": {
          "source": "{{ $chain.results.callFunctionGetLovData.codeDescObj }}",
          "auto": "always"
        }
      },
      "outcomes": {
        "success": "callComponentAuthorityRefresh"
      }
    },
    "callComponentAuthorityRefresh": {
      "module": "vb/action/builtin/callComponentMethodAction",
      "parameters": {
        "component": "{{ document.getElementById('authority') }}",
        "method": "refresh"
      },
      "outcomes": {
        "success": "callComponentCostcenterRefresh"
      }
    },
    "callFunctionShowLoading": {
      "module": "vb/action/builtin/callModuleFunctionAction",
      "parameters": {
        "module": "[[ $application.functions ]]",
        "functionName": "showLoading"
      },
      "outcomes": {
        "success": "callRestGetCommonGetSegmentCodes"
      }
    },
    "callComponentCostcenterRefresh": {
      "module": "vb/action/builtin/callComponentMethodAction",
      "parameters": {
        "component": "{{ document.getElementById('costcenter') }}",
        "method": "refresh"
      },
      "outcomes": {
        "success": "callComponentInitiativeCodeRefresh"
      }
    },
    "callComponentInitiativeCodeRefresh": {
      "module": "vb/action/builtin/callComponentMethodAction",
      "parameters": {
        "component": "{{ document.getElementById('initiativeCode') }}",
        "method": "refresh"
      },
      "outcomes": {
        "success": "callComponentProjectRefresh"
      }
    },
    "callComponentProjectRefresh": {
      "module": "vb/action/builtin/callComponentMethodAction",
      "parameters": {
        "component": "{{ document.getElementById('project') }}",
        "method": "refresh"
      },
      "outcomes": {
        "success": "assignVariablesSelectedAuthCode"
      }
    },
    "callFunctionHideLoading": {
      "module": "vb/action/builtin/callModuleFunctionAction",
      "parameters": {
        "module": "[[ $application.functions ]]",
        "functionName": "hideLoading"
      }
    },
    "callFunctionHideLoading2": {
      "module": "vb/action/builtin/callModuleFunctionAction",
      "parameters": {
        "module": "[[ $application.functions ]]",
        "functionName": "hideLoading"
      }
    },
    "assignVariablesSelectedAuthCode": {
      "module": "vb/action/builtin/assignVariablesAction",
      "parameters": {
        "$page.variables.selectedAuthCode": {
          "source": "-1"
        },
        "$page.variables.selectedCostCentreCode": {
          "source": "-1"
        },
        "$page.variables.selectedInitCode": {
          "source": "-1"
        },
        "$page.variables.selectedProj": {
          "source": "-1"
        }
      },
      "outcomes": {
        "success": "callFunctionHideLoading"
      }
    },
    "fireNotification2": {
      "module": "vb/action/builtin/fireNotificationEventAction",
      "parameters": {
        "target": "leaf",
        "summary": "[[ $chain.results.callRestGetUserAccessActionAllowed.message.summary ]]",
        "type": "error",
        "displayMode": "persist"
      }
    },
    "callRestGetUserAccessActionAllowed": {
      "module": "vb/action/builtin/restAction",
      "parameters": {
        "endpoint": "ordsBtftapp/getUser_accessAction_allowed",
        "uriParams": {
          "page_name": "{{ $application.currentPage.id }}",
          "user_name": "{{ $application.user.username }}"
        }
      },
      "outcomes": {
        "failure": "fireNotification2",
        "success": "if"
      }
    },
    "if": {
      "module": "vb/action/builtin/ifAction",
      "parameters": {
        "condition": "[[ $chain.results.callRestGetUserAccessActionAllowed.body.count ]]"
      },
      "outcomes": {
        "true": "assignVariables",
        "false": "assignVariablesPageAccess"
      }
    },
    "assignVariables": {
      "module": "vb/action/builtin/assignVariablesAction",
      "parameters": {
        "$page.variables.pageAccess": {
          "source": true
        }
      },
      "outcomes": {
        "success": "runInParallel"
      }
    },
    "assignVariablesPageAccess": {
      "module": "vb/action/builtin/assignVariablesAction",
      "parameters": {
        "$page.variables.pageAccess": {
          "source": false
        }
      }
    }
  }
}