{
    "items": [
        {
            "sum_amount": 6885,
            "proj_number": "200073.96",
            "proj_name": "HCMT Service Concession Operat...",
            "status_date": "07-MAY-2021",
            "status": "Draft",
            "budget_type_name": "Controlling Budget",
            "combination_id": 50915
        },
        {
            "sum_amount": 4400000,
            "proj_number": "200322.01",
            "proj_name": "Putting Passengers First - Nig...",
            "status_date": "03-MAY-2021",
            "status": "Draft",
            "budget_type_name": "Controlling Budget",
            "combination_id": 50910
        },
        {
            "sum_amount": 0,
            "proj_number": "200415.01",
            "proj_name": "Public Transport Minor works -...",
            "status_date": "03-MAY-2021",
            "status": "Approved",
            "budget_type_name": "Controlling Budget",
            "combination_id": 50887
        },
        {
            "sum_amount": 26832751,
            "proj_number": "200418.01",
            "proj_name": "Rail waste and graffiti remova...",
            "status_date": "03-MAY-2021",
            "status": "Approved",
            "budget_type_name": "Controlling Budget",
            "combination_id": 50912
        },
        {
            "sum_amount": 249691,
            "proj_number": "200322.02",
            "proj_name": "Tram Emergency Egress...",
            "status_date": "03-MAY-2021",
            "status": "Posted",
            "budget_type_name": "Controlling Budget",
            "combination_id": 50907
        },
        {
            "sum_amount": 32900035,
            "proj_number": "200055.08",
            "proj_name": "Statewide Level Crossing 21-22...",
            "status_date": "03-MAY-2021",
            "status": "Approved",
            "budget_type_name": "Controlling Budget",
            "combination_id": 50893
        },
        {
            "sum_amount": 2560975,
            "proj_number": "200415.01",
            "proj_name": "Public Transport Minor works -...",
            "status_date": "03-MAY-2021",
            "status": "Approved",
            "budget_type_name": "Controlling Budget",
            "combination_id": 50884
        },
        {
            "sum_amount": 0,
            "proj_number": "200415.01",
            "proj_name": "Public Transport Minor works -...",
            "status_date": "03-MAY-2021",
            "status": "Approved",
            "budget_type_name": "Controlling Budget",
            "combination_id": 50886
        },
        {
            "sum_amount": 4840,
            "proj_number": "200415.01",
            "proj_name": "Public Transport Minor works -...",
            "status_date": "03-MAY-2021",
            "status": "Approved",
            "budget_type_name": "Controlling Budget",
            "combination_id": 50883
        },
        {
            "sum_amount": 2956466,
            "proj_number": "200415.01",
            "proj_name": "Public Transport Minor works -...",
            "status_date": "03-MAY-2021",
            "status": "Approved",
            "budget_type_name": "Controlling Budget",
            "combination_id": 50881
        },
        {
            "sum_amount": 10987779,
            "proj_number": "200415.01",
            "proj_name": "Public Transport Minor works -...",
            "status_date": "03-MAY-2021",
            "status": "Approved",
            "budget_type_name": "Controlling Budget",
            "combination_id": 50882
        },
        {
            "sum_amount": 6800000,
            "proj_number": "200322.01",
            "proj_name": "Putting Passengers First - Nig...",
            "status_date": "03-MAY-2021",
            "status": "Draft",
            "budget_type_name": "Controlling Budget",
            "combination_id": 50909
        },
        {
            "sum_amount": 247808,
            "proj_number": "200322.02",
            "proj_name": "Tram Emergency Egress...",
            "status_date": "03-MAY-2021",
            "status": "Posted",
            "budget_type_name": "Controlling Budget",
            "combination_id": 50908
        },
        {
            "sum_amount": 8003679,
            "proj_number": "200415.01",
            "proj_name": "Public Transport Minor works -...",
            "status_date": "03-MAY-2021",
            "status": "Approved",
            "budget_type_name": "Controlling Budget",
            "combination_id": 50885
        },
        {
            "sum_amount": 8866000,
            "proj_number": "200415.01",
            "proj_name": "Public Transport Minor works -...",
            "status_date": "03-MAY-2021",
            "status": "Approved",
            "budget_type_name": "Controlling Budget",
            "combination_id": 50888
        },
        {
            "sum_amount": 9000000,
            "proj_number": "200066.11",
            "proj_name": "La Trobe St Bridge...",
            "status_date": "02-MAY-2021",
            "status": "Approved",
            "budget_type_name": "Controlling Budget",
            "combination_id": 50902
        },
        {
            "sum_amount": 40000,
            "proj_number": "100075.03",
            "proj_name": "RRCN-AWP/MPM funding...",
            "status_date": "02-MAY-2021",
            "status": "Posted",
            "budget_type_name": "Controlling Budget",
            "combination_id": 50879
        }
    ],
    "hasMore": false,
    "limit": 50,
    "offset": 0,
    "count": 17,
    "links": [
        {
            "rel": "self",
            "href": "https://coq4hi5ehnacuc6-dotvicadwdev.adb.ap-sydney-1.oraclecloudapps.com/ords/btftapp_db/projWBS/getProjectStatusDetails?subProjNum=200073.92"
        },
        {
            "rel": "describedby",
            "href": "https://coq4hi5ehnacuc6-dotvicadwdev.adb.ap-sydney-1.oraclecloudapps.com/ords/btftapp_db/metadata-catalog/projWBS/item"
        },
        {
            "rel": "first",
            "href": "https://coq4hi5ehnacuc6-dotvicadwdev.adb.ap-sydney-1.oraclecloudapps.com/ords/btftapp_db/projWBS/getProjectStatusDetails?subProjNum=200073.92"
        }
    ]
}