{
  "description": "",
  "root": "resetVariablesExportCSVProjViaStatus",
  "actions": {
    "navigateToMainProjviastatusreport": {
      "module": "vb/action/builtin/navigateAction",
      "parameters": {
        "page": "main-projviastatusreport"
      }
    },
    "resetVariablesExportCSVProjViaStatus": {
      "module": "vb/action/builtin/resetVariablesAction",
      "parameters": {
        "variables": [
          "$flow.variables.exportCSVProjViaStatus",
          "$flow.variables.pageSize",
          "$flow.variables.pageSizeVar",
          "$flow.variables.showPaginationBudgetDataProvider"
        ]
      },
      "outcomes": {
        "success": "navigateToMainProjviastatusreport"
      }
    }
  },
  "variables": {}
}