{
    "items": [
        {
            "INITIATIVE_CODE": "0000",
            "INITIATIVE_NAME": "No Initiative",
            "AUTHORITY_CODE": "3120",
            "AUTHORITY_NAME": "DOT Additions to the Net Asset Base",
            "BASE_PROJECT_CODE": "100697",
            "PROJECT_NAME": "Capacity Indicator Project",
            "COST_CENTER": "2025",
            "COST_CENTER_NAME": "CIO Transport Operations",
            "SUB_PROJECT": "100697.01",
            "COMBINATION_ID": 19428,
            "SUB_PROJECT_NAME": "CCC Mission Capacity Indicator Project – Public Release 1",
            "BUDGET_TYPE": "Controlling Budget",
            "YEAR": "FY22",
            "BASE_PERIOD_NAME": 2022,
            "BUDGET_AMOUNT": -18656222.2,
            "STATUS": "Phased",
            "STATUS_DATE": "2021-07-01T13:14:10Z",
            "VERSION": "Revised Budgets 2020-21_v1",
            "BUSINESS_UNIT": "DoT",
            "PROJECT_START_DATE": "2020-12-11T00:00:00Z",
            "ALLOCATION_BATCH_NUMBER": 111744,
            "NEW_CHILD_ALLOCATION": "Y",
            "TRANSACTION_TYPE": "SP",
            "DATA_SOURCE": "SP",
            "TOTAL_BUDGET": -37312444.4
        },
        {
            "INITIATIVE_CODE": "0000",
            "INITIATIVE_NAME": "No Initiative",
            "AUTHORITY_CODE": "3120",
            "AUTHORITY_NAME": "DOT Additions to the Net Asset Base",
            "BASE_PROJECT_CODE": "100697",
            "PROJECT_NAME": "Capacity Indicator Project",
            "COST_CENTER": "2025",
            "COST_CENTER_NAME": "CIO Transport Operations",
            "SUB_PROJECT": "100697.01",
            "COMBINATION_ID": 19428,
            "SUB_PROJECT_NAME": "CCC Mission Capacity Indicator Project – Public Release 1",
            "BUDGET_TYPE": "Controlling Budget",
            "YEAR": "FY23",
            "BASE_PERIOD_NAME": 2022,
            "BUDGET_AMOUNT": -18656222.2,
            "STATUS": "Phased",
            "STATUS_DATE": "2021-07-01T13:14:10Z",
            "VERSION": "Revised Budgets 2020-21_v1",
            "BUSINESS_UNIT": "DoT",
            "PROJECT_START_DATE": "2020-12-11T00:00:00Z",
            "ALLOCATION_BATCH_NUMBER": 111744,
            "NEW_CHILD_ALLOCATION": "Y",
            "TRANSACTION_TYPE": "SP",
            "DATA_SOURCE": "SP",
            "TOTAL_BUDGET": -37312444.4
        },
        {
            "INITIATIVE_CODE": "0000",
            "INITIATIVE_NAME": "No Initiative",
            "AUTHORITY_CODE": "3120",
            "AUTHORITY_NAME": "DOT Additions to the Net Asset Base",
            "BASE_PROJECT_CODE": "100697",
            "PROJECT_NAME": "Capacity Indicator Project",
            "COST_CENTER": "2025",
            "COST_CENTER_NAME": "CIO Transport Operations",
            "SUB_PROJECT": "100697.01",
            "COMBINATION_ID": 19428,
            "SUB_PROJECT_NAME": "CCC Mission Capacity Indicator Project – Public Release 1",
            "BUDGET_TYPE": "Controlling Budget",
            "YEAR": "FY24",
            "BASE_PERIOD_NAME": 2022,
            "BUDGET_AMOUNT": 0,
            "STATUS": "Phased",
            "STATUS_DATE": "2021-07-01T13:14:10Z",
            "VERSION": "Revised Budgets 2020-21_v1",
            "BUSINESS_UNIT": "DoT",
            "PROJECT_START_DATE": "2020-12-11T00:00:00Z",
            "ALLOCATION_BATCH_NUMBER": 111744,
            "NEW_CHILD_ALLOCATION": "Y",
            "TRANSACTION_TYPE": "SP",
            "DATA_SOURCE": "SP",
            "TOTAL_BUDGET": -37312444.4
        },
        {
            "INITIATIVE_CODE": "0000",
            "INITIATIVE_NAME": "No Initiative",
            "AUTHORITY_CODE": "3120",
            "AUTHORITY_NAME": "DOT Additions to the Net Asset Base",
            "BASE_PROJECT_CODE": "100697",
            "PROJECT_NAME": "Capacity Indicator Project",
            "COST_CENTER": "2025",
            "COST_CENTER_NAME": "CIO Transport Operations",
            "SUB_PROJECT": "100697.01",
            "COMBINATION_ID": 19428,
            "SUB_PROJECT_NAME": "CCC Mission Capacity Indicator Project – Public Release 1",
            "BUDGET_TYPE": "Controlling Budget",
            "YEAR": "FY25",
            "BASE_PERIOD_NAME": 2022,
            "BUDGET_AMOUNT": 0,
            "STATUS": "Phased",
            "STATUS_DATE": "2021-07-01T13:14:10Z",
            "VERSION": "Revised Budgets 2020-21_v1",
            "BUSINESS_UNIT": "DoT",
            "PROJECT_START_DATE": "2020-12-11T00:00:00Z",
            "ALLOCATION_BATCH_NUMBER": 111744,
            "NEW_CHILD_ALLOCATION": "Y",
            "TRANSACTION_TYPE": "SP",
            "DATA_SOURCE": "SP",
            "TOTAL_BUDGET": -37312444.4
        },
        {
            "INITIATIVE_CODE": "0000",
            "INITIATIVE_NAME": "No Initiative",
            "AUTHORITY_CODE": "3120",
            "AUTHORITY_NAME": "DOT Additions to the Net Asset Base",
            "BASE_PROJECT_CODE": "100697",
            "PROJECT_NAME": "Capacity Indicator Project",
            "COST_CENTER": "2025",
            "COST_CENTER_NAME": "CIO Transport Operations",
            "SUB_PROJECT": "100697.01",
            "COMBINATION_ID": 19428,
            "SUB_PROJECT_NAME": "CCC Mission Capacity Indicator Project – Public Release 1",
            "BUDGET_TYPE": "Controlling Budget",
            "YEAR": "FY26",
            "BASE_PERIOD_NAME": 2022,
            "BUDGET_AMOUNT": 0,
            "STATUS": "Phased",
            "STATUS_DATE": "2021-07-01T13:14:10Z",
            "VERSION": "Revised Budgets 2020-21_v1",
            "BUSINESS_UNIT": "DoT",
            "PROJECT_START_DATE": "2020-12-11T00:00:00Z",
            "ALLOCATION_BATCH_NUMBER": 111744,
            "NEW_CHILD_ALLOCATION": "Y",
            "TRANSACTION_TYPE": "SP",
            "DATA_SOURCE": "SP",
            "TOTAL_BUDGET": -37312444.4
        },
        {
            "INITIATIVE_CODE": "0000",
            "INITIATIVE_NAME": "No Initiative",
            "AUTHORITY_CODE": "3120",
            "AUTHORITY_NAME": "DOT Additions to the Net Asset Base",
            "BASE_PROJECT_CODE": "100697",
            "PROJECT_NAME": "Capacity Indicator Project",
            "COST_CENTER": "2025",
            "COST_CENTER_NAME": "CIO Transport Operations",
            "SUB_PROJECT": "100697.01",
            "COMBINATION_ID": 19428,
            "SUB_PROJECT_NAME": "CCC Mission Capacity Indicator Project – Public Release 1",
            "BUDGET_TYPE": "Controlling Budget",
            "YEAR": "FY27",
            "BASE_PERIOD_NAME": 2022,
            "BUDGET_AMOUNT": 0,
            "STATUS": "Phased",
            "STATUS_DATE": "2021-07-01T13:14:10Z",
            "VERSION": "Revised Budgets 2020-21_v1",
            "BUSINESS_UNIT": "DoT",
            "PROJECT_START_DATE": "2020-12-11T00:00:00Z",
            "ALLOCATION_BATCH_NUMBER": 111744,
            "NEW_CHILD_ALLOCATION": "Y",
            "TRANSACTION_TYPE": "SP",
            "DATA_SOURCE": "SP",
            "TOTAL_BUDGET": -37312444.4
        },
        {
            "INITIATIVE_CODE": "1019",
            "INITIATIVE_NAME": "Putting Passengers First: Inclusive Public Transport",
            "AUTHORITY_CODE": "3120",
            "AUTHORITY_NAME": "DOT Additions to the Net Asset Base",
            "BASE_PROJECT_CODE": "200062",
            "PROJECT_NAME": "Putting Passengers First: Inclusive Public Transport",
            "COST_CENTER": "2200",
            "COST_CENTER_NAME": "Metro North West",
            "SUB_PROJECT": "200062.02",
            "COMBINATION_ID": 19440,
            "SUB_PROJECT_NAME": "Middle Park Tram Stop 135 Upgrade",
            "BUDGET_TYPE": "Controlling Budget",
            "YEAR": "FY22",
            "BASE_PERIOD_NAME": 2022,
            "BUDGET_AMOUNT": 2319496.07,
            "STATUS": "Phased",
            "STATUS_DATE": "2021-07-01T13:08:50Z",
            "VERSION": "Revised Budgets 2020-21_v1",
            "BUSINESS_UNIT": "DoT",
            "PROJECT_START_DATE": "2017-07-01T00:00:00Z",
            "ALLOCATION_BATCH_NUMBER": 111742,
            "NEW_CHILD_ALLOCATION": "Y",
            "TRANSACTION_TYPE": "SP",
            "DATA_SOURCE": "SP",
            "TOTAL_BUDGET": 2319496.07
        },
        {
            "INITIATIVE_CODE": "1019",
            "INITIATIVE_NAME": "Putting Passengers First: Inclusive Public Transport",
            "AUTHORITY_CODE": "3120",
            "AUTHORITY_NAME": "DOT Additions to the Net Asset Base",
            "BASE_PROJECT_CODE": "200062",
            "PROJECT_NAME": "Putting Passengers First: Inclusive Public Transport",
            "COST_CENTER": "2200",
            "COST_CENTER_NAME": "Metro North West",
            "SUB_PROJECT": "200062.02",
            "COMBINATION_ID": 19440,
            "SUB_PROJECT_NAME": "Middle Park Tram Stop 135 Upgrade",
            "BUDGET_TYPE": "Controlling Budget",
            "YEAR": "FY23",
            "BASE_PERIOD_NAME": 2022,
            "BUDGET_AMOUNT": 0,
            "STATUS": "Phased",
            "STATUS_DATE": "2021-07-01T13:08:50Z",
            "VERSION": "Revised Budgets 2020-21_v1",
            "BUSINESS_UNIT": "DoT",
            "PROJECT_START_DATE": "2017-07-01T00:00:00Z",
            "ALLOCATION_BATCH_NUMBER": 111742,
            "NEW_CHILD_ALLOCATION": "Y",
            "TRANSACTION_TYPE": "SP",
            "DATA_SOURCE": "SP",
            "TOTAL_BUDGET": 2319496.07
        },
        {
            "INITIATIVE_CODE": "1019",
            "INITIATIVE_NAME": "Putting Passengers First: Inclusive Public Transport",
            "AUTHORITY_CODE": "3120",
            "AUTHORITY_NAME": "DOT Additions to the Net Asset Base",
            "BASE_PROJECT_CODE": "200062",
            "PROJECT_NAME": "Putting Passengers First: Inclusive Public Transport",
            "COST_CENTER": "2200",
            "COST_CENTER_NAME": "Metro North West",
            "SUB_PROJECT": "200062.02",
            "COMBINATION_ID": 19440,
            "SUB_PROJECT_NAME": "Middle Park Tram Stop 135 Upgrade",
            "BUDGET_TYPE": "Controlling Budget",
            "YEAR": "FY24",
            "BASE_PERIOD_NAME": 2022,
            "BUDGET_AMOUNT": 0,
            "STATUS": "Phased",
            "STATUS_DATE": "2021-07-01T13:08:50Z",
            "VERSION": "Revised Budgets 2020-21_v1",
            "BUSINESS_UNIT": "DoT",
            "PROJECT_START_DATE": "2017-07-01T00:00:00Z",
            "ALLOCATION_BATCH_NUMBER": 111742,
            "NEW_CHILD_ALLOCATION": "Y",
            "TRANSACTION_TYPE": "SP",
            "DATA_SOURCE": "SP",
            "TOTAL_BUDGET": 2319496.07
        },
        {
            "INITIATIVE_CODE": "1019",
            "INITIATIVE_NAME": "Putting Passengers First: Inclusive Public Transport",
            "AUTHORITY_CODE": "3120",
            "AUTHORITY_NAME": "DOT Additions to the Net Asset Base",
            "BASE_PROJECT_CODE": "200062",
            "PROJECT_NAME": "Putting Passengers First: Inclusive Public Transport",
            "COST_CENTER": "2200",
            "COST_CENTER_NAME": "Metro North West",
            "SUB_PROJECT": "200062.02",
            "COMBINATION_ID": 19440,
            "SUB_PROJECT_NAME": "Middle Park Tram Stop 135 Upgrade",
            "BUDGET_TYPE": "Controlling Budget",
            "YEAR": "FY25",
            "BASE_PERIOD_NAME": 2022,
            "BUDGET_AMOUNT": 0,
            "STATUS": "Phased",
            "STATUS_DATE": "2021-07-01T13:08:50Z",
            "VERSION": "Revised Budgets 2020-21_v1",
            "BUSINESS_UNIT": "DoT",
            "PROJECT_START_DATE": "2017-07-01T00:00:00Z",
            "ALLOCATION_BATCH_NUMBER": 111742,
            "NEW_CHILD_ALLOCATION": "Y",
            "TRANSACTION_TYPE": "SP",
            "DATA_SOURCE": "SP",
            "TOTAL_BUDGET": 2319496.07
        },
        {
            "INITIATIVE_CODE": "1019",
            "INITIATIVE_NAME": "Putting Passengers First: Inclusive Public Transport",
            "AUTHORITY_CODE": "3120",
            "AUTHORITY_NAME": "DOT Additions to the Net Asset Base",
            "BASE_PROJECT_CODE": "200062",
            "PROJECT_NAME": "Putting Passengers First: Inclusive Public Transport",
            "COST_CENTER": "2200",
            "COST_CENTER_NAME": "Metro North West",
            "SUB_PROJECT": "200062.02",
            "COMBINATION_ID": 19440,
            "SUB_PROJECT_NAME": "Middle Park Tram Stop 135 Upgrade",
            "BUDGET_TYPE": "Controlling Budget",
            "YEAR": "FY26",
            "BASE_PERIOD_NAME": 2022,
            "BUDGET_AMOUNT": 0,
            "STATUS": "Phased",
            "STATUS_DATE": "2021-07-01T13:08:50Z",
            "VERSION": "Revised Budgets 2020-21_v1",
            "BUSINESS_UNIT": "DoT",
            "PROJECT_START_DATE": "2017-07-01T00:00:00Z",
            "ALLOCATION_BATCH_NUMBER": 111742,
            "NEW_CHILD_ALLOCATION": "Y",
            "TRANSACTION_TYPE": "SP",
            "DATA_SOURCE": "SP",
            "TOTAL_BUDGET": 2319496.07
        },
        {
            "INITIATIVE_CODE": "1019",
            "INITIATIVE_NAME": "Putting Passengers First: Inclusive Public Transport",
            "AUTHORITY_CODE": "3120",
            "AUTHORITY_NAME": "DOT Additions to the Net Asset Base",
            "BASE_PROJECT_CODE": "200062",
            "PROJECT_NAME": "Putting Passengers First: Inclusive Public Transport",
            "COST_CENTER": "2200",
            "COST_CENTER_NAME": "Metro North West",
            "SUB_PROJECT": "200062.02",
            "COMBINATION_ID": 19440,
            "SUB_PROJECT_NAME": "Middle Park Tram Stop 135 Upgrade",
            "BUDGET_TYPE": "Controlling Budget",
            "YEAR": "FY27",
            "BASE_PERIOD_NAME": 2022,
            "BUDGET_AMOUNT": 0,
            "STATUS": "Phased",
            "STATUS_DATE": "2021-07-01T13:08:50Z",
            "VERSION": "Revised Budgets 2020-21_v1",
            "BUSINESS_UNIT": "DoT",
            "PROJECT_START_DATE": "2017-07-01T00:00:00Z",
            "ALLOCATION_BATCH_NUMBER": 111742,
            "NEW_CHILD_ALLOCATION": "Y",
            "TRANSACTION_TYPE": "SP",
            "DATA_SOURCE": "SP",
            "TOTAL_BUDGET": 2319496.07
        },
        {
            "INITIATIVE_CODE": "1022",
            "INITIATIVE_NAME": "MR4 capital works (VicTrack assets)",
            "AUTHORITY_CODE": "3120",
            "AUTHORITY_NAME": "DOT Additions to the Net Asset Base",
            "BASE_PROJECT_CODE": "200068",
            "PROJECT_NAME": "MR4 Tram",
            "COST_CENTER": "2064",
            "COST_CENTER_NAME": "Metro Tram Contracts",
            "SUB_PROJECT": "200068.01",
            "COMBINATION_ID": 19442,
            "SUB_PROJECT_NAME": "MR4 Tram capital works (VicTrack assets)",
            "BUDGET_TYPE": "Controlling Budget",
            "YEAR": "FY22",
            "BASE_PERIOD_NAME": 2022,
            "BUDGET_AMOUNT": 2677260355.12,
            "STATUS": "Phased",
            "STATUS_DATE": "2021-07-01T13:11:19Z",
            "VERSION": "Revised Budgets 2020-21_v1",
            "BUSINESS_UNIT": "DoT",
            "PROJECT_START_DATE": "2019-01-01T00:00:00Z",
            "ALLOCATION_BATCH_NUMBER": 111743,
            "NEW_CHILD_ALLOCATION": "Y",
            "TRANSACTION_TYPE": "SP",
            "DATA_SOURCE": "SP",
            "TOTAL_BUDGET": 8031781065.36
        },
        {
            "INITIATIVE_CODE": "1022",
            "INITIATIVE_NAME": "MR4 capital works (VicTrack assets)",
            "AUTHORITY_CODE": "3120",
            "AUTHORITY_NAME": "DOT Additions to the Net Asset Base",
            "BASE_PROJECT_CODE": "200068",
            "PROJECT_NAME": "MR4 Tram",
            "COST_CENTER": "2064",
            "COST_CENTER_NAME": "Metro Tram Contracts",
            "SUB_PROJECT": "200068.01",
            "COMBINATION_ID": 19442,
            "SUB_PROJECT_NAME": "MR4 Tram capital works (VicTrack assets)",
            "BUDGET_TYPE": "Controlling Budget",
            "YEAR": "FY23",
            "BASE_PERIOD_NAME": 2022,
            "BUDGET_AMOUNT": 2677260355.12,
            "STATUS": "Phased",
            "STATUS_DATE": "2021-07-01T13:11:19Z",
            "VERSION": "Revised Budgets 2020-21_v1",
            "BUSINESS_UNIT": "DoT",
            "PROJECT_START_DATE": "2019-01-01T00:00:00Z",
            "ALLOCATION_BATCH_NUMBER": 111743,
            "NEW_CHILD_ALLOCATION": "Y",
            "TRANSACTION_TYPE": "SP",
            "DATA_SOURCE": "SP",
            "TOTAL_BUDGET": 8031781065.36
        },
        {
            "INITIATIVE_CODE": "1022",
            "INITIATIVE_NAME": "MR4 capital works (VicTrack assets)",
            "AUTHORITY_CODE": "3120",
            "AUTHORITY_NAME": "DOT Additions to the Net Asset Base",
            "BASE_PROJECT_CODE": "200068",
            "PROJECT_NAME": "MR4 Tram",
            "COST_CENTER": "2064",
            "COST_CENTER_NAME": "Metro Tram Contracts",
            "SUB_PROJECT": "200068.01",
            "COMBINATION_ID": 19442,
            "SUB_PROJECT_NAME": "MR4 Tram capital works (VicTrack assets)",
            "BUDGET_TYPE": "Controlling Budget",
            "YEAR": "FY24",
            "BASE_PERIOD_NAME": 2022,
            "BUDGET_AMOUNT": 2677260355.12,
            "STATUS": "Phased",
            "STATUS_DATE": "2021-07-01T13:11:19Z",
            "VERSION": "Revised Budgets 2020-21_v1",
            "BUSINESS_UNIT": "DoT",
            "PROJECT_START_DATE": "2019-01-01T00:00:00Z",
            "ALLOCATION_BATCH_NUMBER": 111743,
            "NEW_CHILD_ALLOCATION": "Y",
            "TRANSACTION_TYPE": "SP",
            "DATA_SOURCE": "SP",
            "TOTAL_BUDGET": 8031781065.36
        },
        {
            "INITIATIVE_CODE": "1022",
            "INITIATIVE_NAME": "MR4 capital works (VicTrack assets)",
            "AUTHORITY_CODE": "3120",
            "AUTHORITY_NAME": "DOT Additions to the Net Asset Base",
            "BASE_PROJECT_CODE": "200068",
            "PROJECT_NAME": "MR4 Tram",
            "COST_CENTER": "2064",
            "COST_CENTER_NAME": "Metro Tram Contracts",
            "SUB_PROJECT": "200068.01",
            "COMBINATION_ID": 19442,
            "SUB_PROJECT_NAME": "MR4 Tram capital works (VicTrack assets)",
            "BUDGET_TYPE": "Controlling Budget",
            "YEAR": "FY25",
            "BASE_PERIOD_NAME": 2022,
            "BUDGET_AMOUNT": 0,
            "STATUS": "Phased",
            "STATUS_DATE": "2021-07-01T13:11:19Z",
            "VERSION": "Revised Budgets 2020-21_v1",
            "BUSINESS_UNIT": "DoT",
            "PROJECT_START_DATE": "2019-01-01T00:00:00Z",
            "ALLOCATION_BATCH_NUMBER": 111743,
            "NEW_CHILD_ALLOCATION": "Y",
            "TRANSACTION_TYPE": "SP",
            "DATA_SOURCE": "SP",
            "TOTAL_BUDGET": 8031781065.36
        },
        {
            "INITIATIVE_CODE": "1022",
            "INITIATIVE_NAME": "MR4 capital works (VicTrack assets)",
            "AUTHORITY_CODE": "3120",
            "AUTHORITY_NAME": "DOT Additions to the Net Asset Base",
            "BASE_PROJECT_CODE": "200068",
            "PROJECT_NAME": "MR4 Tram",
            "COST_CENTER": "2064",
            "COST_CENTER_NAME": "Metro Tram Contracts",
            "SUB_PROJECT": "200068.01",
            "COMBINATION_ID": 19442,
            "SUB_PROJECT_NAME": "MR4 Tram capital works (VicTrack assets)",
            "BUDGET_TYPE": "Controlling Budget",
            "YEAR": "FY26",
            "BASE_PERIOD_NAME": 2022,
            "BUDGET_AMOUNT": 0,
            "STATUS": "Phased",
            "STATUS_DATE": "2021-07-01T13:11:19Z",
            "VERSION": "Revised Budgets 2020-21_v1",
            "BUSINESS_UNIT": "DoT",
            "PROJECT_START_DATE": "2019-01-01T00:00:00Z",
            "ALLOCATION_BATCH_NUMBER": 111743,
            "NEW_CHILD_ALLOCATION": "Y",
            "TRANSACTION_TYPE": "SP",
            "DATA_SOURCE": "SP",
            "TOTAL_BUDGET": 8031781065.36
        },
        {
            "INITIATIVE_CODE": "1022",
            "INITIATIVE_NAME": "MR4 capital works (VicTrack assets)",
            "AUTHORITY_CODE": "3120",
            "AUTHORITY_NAME": "DOT Additions to the Net Asset Base",
            "BASE_PROJECT_CODE": "200068",
            "PROJECT_NAME": "MR4 Tram",
            "COST_CENTER": "2064",
            "COST_CENTER_NAME": "Metro Tram Contracts",
            "SUB_PROJECT": "200068.01",
            "COMBINATION_ID": 19442,
            "SUB_PROJECT_NAME": "MR4 Tram capital works (VicTrack assets)",
            "BUDGET_TYPE": "Controlling Budget",
            "YEAR": "FY27",
            "BASE_PERIOD_NAME": 2022,
            "BUDGET_AMOUNT": 0,
            "STATUS": "Phased",
            "STATUS_DATE": "2021-07-01T13:11:19Z",
            "VERSION": "Revised Budgets 2020-21_v1",
            "BUSINESS_UNIT": "DoT",
            "PROJECT_START_DATE": "2019-01-01T00:00:00Z",
            "ALLOCATION_BATCH_NUMBER": 111743,
            "NEW_CHILD_ALLOCATION": "Y",
            "TRANSACTION_TYPE": "SP",
            "DATA_SOURCE": "SP",
            "TOTAL_BUDGET": 8031781065.36
        },
        {
            "INITIATIVE_CODE": "1038",
            "INITIATIVE_NAME": "Network Safety, Security and Resilience",
            "AUTHORITY_CODE": "3120",
            "AUTHORITY_NAME": "DOT Additions to the Net Asset Base",
            "BASE_PROJECT_CODE": "200046",
            "PROJECT_NAME": "NSSR Program - Remediation Works for B-Class Trams",
            "COST_CENTER": "2064",
            "COST_CENTER_NAME": "Metro Tram Contracts",
            "SUB_PROJECT": "200046.01",
            "COMBINATION_ID": 19483,
            "SUB_PROJECT_NAME": "Network Safety, Security and Resilience - B-Class Cracking",
            "BUDGET_TYPE": "Controlling Budget",
            "YEAR": "FY22",
            "BASE_PERIOD_NAME": 2022,
            "BUDGET_AMOUNT": 82056233.07,
            "STATUS": "Phased",
            "STATUS_DATE": "2021-07-01T13:15:13Z",
            "VERSION": "Revised Budgets 2020-21_v1",
            "BUSINESS_UNIT": "DoT",
            "PROJECT_START_DATE": "2020-01-01T00:00:00Z",
            "ALLOCATION_BATCH_NUMBER": 111745,
            "NEW_CHILD_ALLOCATION": "Y",
            "TRANSACTION_TYPE": "SP",
            "DATA_SOURCE": "SP",
            "TOTAL_BUDGET": 164112466.14
        },
        {
            "INITIATIVE_CODE": "1038",
            "INITIATIVE_NAME": "Network Safety, Security and Resilience",
            "AUTHORITY_CODE": "3120",
            "AUTHORITY_NAME": "DOT Additions to the Net Asset Base",
            "BASE_PROJECT_CODE": "200046",
            "PROJECT_NAME": "NSSR Program - Remediation Works for B-Class Trams",
            "COST_CENTER": "2064",
            "COST_CENTER_NAME": "Metro Tram Contracts",
            "SUB_PROJECT": "200046.01",
            "COMBINATION_ID": 19483,
            "SUB_PROJECT_NAME": "Network Safety, Security and Resilience - B-Class Cracking",
            "BUDGET_TYPE": "Controlling Budget",
            "YEAR": "FY23",
            "BASE_PERIOD_NAME": 2022,
            "BUDGET_AMOUNT": 82056233.07,
            "STATUS": "Phased",
            "STATUS_DATE": "2021-07-01T13:15:13Z",
            "VERSION": "Revised Budgets 2020-21_v1",
            "BUSINESS_UNIT": "DoT",
            "PROJECT_START_DATE": "2020-01-01T00:00:00Z",
            "ALLOCATION_BATCH_NUMBER": 111745,
            "NEW_CHILD_ALLOCATION": "Y",
            "TRANSACTION_TYPE": "SP",
            "DATA_SOURCE": "SP",
            "TOTAL_BUDGET": 164112466.14
        },
        {
            "INITIATIVE_CODE": "1038",
            "INITIATIVE_NAME": "Network Safety, Security and Resilience",
            "AUTHORITY_CODE": "3120",
            "AUTHORITY_NAME": "DOT Additions to the Net Asset Base",
            "BASE_PROJECT_CODE": "200046",
            "PROJECT_NAME": "NSSR Program - Remediation Works for B-Class Trams",
            "COST_CENTER": "2064",
            "COST_CENTER_NAME": "Metro Tram Contracts",
            "SUB_PROJECT": "200046.01",
            "COMBINATION_ID": 19483,
            "SUB_PROJECT_NAME": "Network Safety, Security and Resilience - B-Class Cracking",
            "BUDGET_TYPE": "Controlling Budget",
            "YEAR": "FY24",
            "BASE_PERIOD_NAME": 2022,
            "BUDGET_AMOUNT": 0,
            "STATUS": "Phased",
            "STATUS_DATE": "2021-07-01T13:15:13Z",
            "VERSION": "Revised Budgets 2020-21_v1",
            "BUSINESS_UNIT": "DoT",
            "PROJECT_START_DATE": "2020-01-01T00:00:00Z",
            "ALLOCATION_BATCH_NUMBER": 111745,
            "NEW_CHILD_ALLOCATION": "Y",
            "TRANSACTION_TYPE": "SP",
            "DATA_SOURCE": "SP",
            "TOTAL_BUDGET": 164112466.14
        },
        {
            "INITIATIVE_CODE": "1038",
            "INITIATIVE_NAME": "Network Safety, Security and Resilience",
            "AUTHORITY_CODE": "3120",
            "AUTHORITY_NAME": "DOT Additions to the Net Asset Base",
            "BASE_PROJECT_CODE": "200046",
            "PROJECT_NAME": "NSSR Program - Remediation Works for B-Class Trams",
            "COST_CENTER": "2064",
            "COST_CENTER_NAME": "Metro Tram Contracts",
            "SUB_PROJECT": "200046.01",
            "COMBINATION_ID": 19483,
            "SUB_PROJECT_NAME": "Network Safety, Security and Resilience - B-Class Cracking",
            "BUDGET_TYPE": "Controlling Budget",
            "YEAR": "FY25",
            "BASE_PERIOD_NAME": 2022,
            "BUDGET_AMOUNT": 0,
            "STATUS": "Phased",
            "STATUS_DATE": "2021-07-01T13:15:13Z",
            "VERSION": "Revised Budgets 2020-21_v1",
            "BUSINESS_UNIT": "DoT",
            "PROJECT_START_DATE": "2020-01-01T00:00:00Z",
            "ALLOCATION_BATCH_NUMBER": 111745,
            "NEW_CHILD_ALLOCATION": "Y",
            "TRANSACTION_TYPE": "SP",
            "DATA_SOURCE": "SP",
            "TOTAL_BUDGET": 164112466.14
        },
        {
            "INITIATIVE_CODE": "1038",
            "INITIATIVE_NAME": "Network Safety, Security and Resilience",
            "AUTHORITY_CODE": "3120",
            "AUTHORITY_NAME": "DOT Additions to the Net Asset Base",
            "BASE_PROJECT_CODE": "200046",
            "PROJECT_NAME": "NSSR Program - Remediation Works for B-Class Trams",
            "COST_CENTER": "2064",
            "COST_CENTER_NAME": "Metro Tram Contracts",
            "SUB_PROJECT": "200046.01",
            "COMBINATION_ID": 19483,
            "SUB_PROJECT_NAME": "Network Safety, Security and Resilience - B-Class Cracking",
            "BUDGET_TYPE": "Controlling Budget",
            "YEAR": "FY26",
            "BASE_PERIOD_NAME": 2022,
            "BUDGET_AMOUNT": 0,
            "STATUS": "Phased",
            "STATUS_DATE": "2021-07-01T13:15:13Z",
            "VERSION": "Revised Budgets 2020-21_v1",
            "BUSINESS_UNIT": "DoT",
            "PROJECT_START_DATE": "2020-01-01T00:00:00Z",
            "ALLOCATION_BATCH_NUMBER": 111745,
            "NEW_CHILD_ALLOCATION": "Y",
            "TRANSACTION_TYPE": "SP",
            "DATA_SOURCE": "SP",
            "TOTAL_BUDGET": 164112466.14
        },
        {
            "INITIATIVE_CODE": "1038",
            "INITIATIVE_NAME": "Network Safety, Security and Resilience",
            "AUTHORITY_CODE": "3120",
            "AUTHORITY_NAME": "DOT Additions to the Net Asset Base",
            "BASE_PROJECT_CODE": "200046",
            "PROJECT_NAME": "NSSR Program - Remediation Works for B-Class Trams",
            "COST_CENTER": "2064",
            "COST_CENTER_NAME": "Metro Tram Contracts",
            "SUB_PROJECT": "200046.01",
            "COMBINATION_ID": 19483,
            "SUB_PROJECT_NAME": "Network Safety, Security and Resilience - B-Class Cracking",
            "BUDGET_TYPE": "Controlling Budget",
            "YEAR": "FY27",
            "BASE_PERIOD_NAME": 2022,
            "BUDGET_AMOUNT": 0,
            "STATUS": "Phased",
            "STATUS_DATE": "2021-07-01T13:15:13Z",
            "VERSION": "Revised Budgets 2020-21_v1",
            "BUSINESS_UNIT": "DoT",
            "PROJECT_START_DATE": "2020-01-01T00:00:00Z",
            "ALLOCATION_BATCH_NUMBER": 111745,
            "NEW_CHILD_ALLOCATION": "Y",
            "TRANSACTION_TYPE": "SP",
            "DATA_SOURCE": "SP",
            "TOTAL_BUDGET": 164112466.14
        },
        {
            "INITIATIVE_CODE": "1170",
            "INITIATIVE_NAME": "High Capacity Metro Trains",
            "AUTHORITY_CODE": "2020",
            "AUTHORITY_NAME": "DOT Provision of Outputs",
            "BASE_PROJECT_CODE": "200073",
            "PROJECT_NAME": "High Capacity Metro Trains",
            "COST_CENTER": "1680",
            "COST_CENTER_NAME": "High Capacity Metro Trains",
            "SUB_PROJECT": "200073.30",
            "COMBINATION_ID": 19490,
            "SUB_PROJECT_NAME": "HCMT Operating",
            "BUDGET_TYPE": "Controlling Budget",
            "YEAR": "FY22",
            "BASE_PERIOD_NAME": 2022,
            "BUDGET_AMOUNT": 13000000,
            "STATUS": "Phased",
            "STATUS_DATE": "2021-07-02T19:17:42Z",
            "VERSION": "Revised Budgets 2020-21_v1",
            "BUSINESS_UNIT": "DoT",
            "PROJECT_START_DATE": "2016-07-01T00:00:00Z",
            "ALLOCATION_BATCH_NUMBER": 122120,
            "NEW_CHILD_ALLOCATION": "Y",
            "TRANSACTION_TYPE": "SP",
            "DATA_SOURCE": "SP",
            "TOTAL_BUDGET": 62500000
        },
        {
            "INITIATIVE_CODE": "1170",
            "INITIATIVE_NAME": "High Capacity Metro Trains",
            "AUTHORITY_CODE": "2020",
            "AUTHORITY_NAME": "DOT Provision of Outputs",
            "BASE_PROJECT_CODE": "200073",
            "PROJECT_NAME": "High Capacity Metro Trains",
            "COST_CENTER": "1680",
            "COST_CENTER_NAME": "High Capacity Metro Trains",
            "SUB_PROJECT": "200073.30",
            "COMBINATION_ID": 19490,
            "SUB_PROJECT_NAME": "HCMT Operating",
            "BUDGET_TYPE": "Controlling Budget",
            "YEAR": "FY23",
            "BASE_PERIOD_NAME": 2022,
            "BUDGET_AMOUNT": 12000000,
            "STATUS": "Phased",
            "STATUS_DATE": "2021-07-02T19:17:42Z",
            "VERSION": "Revised Budgets 2020-21_v1",
            "BUSINESS_UNIT": "DoT",
            "PROJECT_START_DATE": "2016-07-01T00:00:00Z",
            "ALLOCATION_BATCH_NUMBER": 122120,
            "NEW_CHILD_ALLOCATION": "Y",
            "TRANSACTION_TYPE": "SP",
            "DATA_SOURCE": "SP",
            "TOTAL_BUDGET": 62500000
        },
        {
            "INITIATIVE_CODE": "1170",
            "INITIATIVE_NAME": "High Capacity Metro Trains",
            "AUTHORITY_CODE": "2020",
            "AUTHORITY_NAME": "DOT Provision of Outputs",
            "BASE_PROJECT_CODE": "200073",
            "PROJECT_NAME": "High Capacity Metro Trains",
            "COST_CENTER": "1680",
            "COST_CENTER_NAME": "High Capacity Metro Trains",
            "SUB_PROJECT": "200073.30",
            "COMBINATION_ID": 19490,
            "SUB_PROJECT_NAME": "HCMT Operating",
            "BUDGET_TYPE": "Controlling Budget",
            "YEAR": "FY24",
            "BASE_PERIOD_NAME": 2022,
            "BUDGET_AMOUNT": 13500000,
            "STATUS": "Phased",
            "STATUS_DATE": "2021-07-02T19:17:42Z",
            "VERSION": "Revised Budgets 2020-21_v1",
            "BUSINESS_UNIT": "DoT",
            "PROJECT_START_DATE": "2016-07-01T00:00:00Z",
            "ALLOCATION_BATCH_NUMBER": 122120,
            "NEW_CHILD_ALLOCATION": "Y",
            "TRANSACTION_TYPE": "SP",
            "DATA_SOURCE": "SP",
            "TOTAL_BUDGET": 62500000
        },
        {
            "INITIATIVE_CODE": "1170",
            "INITIATIVE_NAME": "High Capacity Metro Trains",
            "AUTHORITY_CODE": "2020",
            "AUTHORITY_NAME": "DOT Provision of Outputs",
            "BASE_PROJECT_CODE": "200073",
            "PROJECT_NAME": "High Capacity Metro Trains",
            "COST_CENTER": "1680",
            "COST_CENTER_NAME": "High Capacity Metro Trains",
            "SUB_PROJECT": "200073.30",
            "COMBINATION_ID": 19490,
            "SUB_PROJECT_NAME": "HCMT Operating",
            "BUDGET_TYPE": "Controlling Budget",
            "YEAR": "FY25",
            "BASE_PERIOD_NAME": 2022,
            "BUDGET_AMOUNT": 11000000,
            "STATUS": "Phased",
            "STATUS_DATE": "2021-07-02T19:17:42Z",
            "VERSION": "Revised Budgets 2020-21_v1",
            "BUSINESS_UNIT": "DoT",
            "PROJECT_START_DATE": "2016-07-01T00:00:00Z",
            "ALLOCATION_BATCH_NUMBER": 122120,
            "NEW_CHILD_ALLOCATION": "Y",
            "TRANSACTION_TYPE": "SP",
            "DATA_SOURCE": "SP",
            "TOTAL_BUDGET": 62500000
        },
        {
            "INITIATIVE_CODE": "1170",
            "INITIATIVE_NAME": "High Capacity Metro Trains",
            "AUTHORITY_CODE": "2020",
            "AUTHORITY_NAME": "DOT Provision of Outputs",
            "BASE_PROJECT_CODE": "200073",
            "PROJECT_NAME": "High Capacity Metro Trains",
            "COST_CENTER": "1680",
            "COST_CENTER_NAME": "High Capacity Metro Trains",
            "SUB_PROJECT": "200073.30",
            "COMBINATION_ID": 19490,
            "SUB_PROJECT_NAME": "HCMT Operating",
            "BUDGET_TYPE": "Controlling Budget",
            "YEAR": "FY26",
            "BASE_PERIOD_NAME": 2022,
            "BUDGET_AMOUNT": 13000000,
            "STATUS": "Phased",
            "STATUS_DATE": "2021-07-02T19:17:42Z",
            "VERSION": "Revised Budgets 2020-21_v1",
            "BUSINESS_UNIT": "DoT",
            "PROJECT_START_DATE": "2016-07-01T00:00:00Z",
            "ALLOCATION_BATCH_NUMBER": 122120,
            "NEW_CHILD_ALLOCATION": "Y",
            "TRANSACTION_TYPE": "SP",
            "DATA_SOURCE": "SP",
            "TOTAL_BUDGET": 62500000
        },
        {
            "INITIATIVE_CODE": "1170",
            "INITIATIVE_NAME": "High Capacity Metro Trains",
            "AUTHORITY_CODE": "2020",
            "AUTHORITY_NAME": "DOT Provision of Outputs",
            "BASE_PROJECT_CODE": "200073",
            "PROJECT_NAME": "High Capacity Metro Trains",
            "COST_CENTER": "1680",
            "COST_CENTER_NAME": "High Capacity Metro Trains",
            "SUB_PROJECT": "200073.30",
            "COMBINATION_ID": 19490,
            "SUB_PROJECT_NAME": "HCMT Operating",
            "BUDGET_TYPE": "Controlling Budget",
            "YEAR": "FY27",
            "BASE_PERIOD_NAME": 2022,
            "BUDGET_AMOUNT": 0,
            "STATUS": "Phased",
            "STATUS_DATE": "2021-07-02T19:17:42Z",
            "VERSION": "Revised Budgets 2020-21_v1",
            "BUSINESS_UNIT": "DoT",
            "PROJECT_START_DATE": "2016-07-01T00:00:00Z",
            "ALLOCATION_BATCH_NUMBER": 122120,
            "NEW_CHILD_ALLOCATION": "Y",
            "TRANSACTION_TYPE": "SP",
            "DATA_SOURCE": "SP",
            "TOTAL_BUDGET": 62500000
        },
        {
            "INITIATIVE_CODE": "1170",
            "INITIATIVE_NAME": "High Capacity Metro Trains",
            "AUTHORITY_CODE": "2020",
            "AUTHORITY_NAME": "DOT Provision of Outputs",
            "BASE_PROJECT_CODE": "200073",
            "PROJECT_NAME": "High Capacity Metro Trains",
            "COST_CENTER": "1680",
            "COST_CENTER_NAME": "High Capacity Metro Trains",
            "SUB_PROJECT": "200073.30",
            "COMBINATION_ID": 19490,
            "SUB_PROJECT_NAME": "HCMT Operating",
            "BUDGET_TYPE": "Controlling Budget",
            "YEAR": "FY28",
            "BASE_PERIOD_NAME": 2022,
            "BUDGET_AMOUNT": 0,
            "STATUS": "Phased",
            "STATUS_DATE": "2021-07-02T19:17:42Z",
            "VERSION": "Revised Budgets 2020-21_v1",
            "BUSINESS_UNIT": "DoT",
            "PROJECT_START_DATE": "2016-07-01T00:00:00Z",
            "ALLOCATION_BATCH_NUMBER": 122120,
            "NEW_CHILD_ALLOCATION": "Y",
            "TRANSACTION_TYPE": "SP",
            "DATA_SOURCE": "SP",
            "TOTAL_BUDGET": 62500000
        },
        {
            "INITIATIVE_CODE": "1170",
            "INITIATIVE_NAME": "High Capacity Metro Trains",
            "AUTHORITY_CODE": "2020",
            "AUTHORITY_NAME": "DOT Provision of Outputs",
            "BASE_PROJECT_CODE": "200073",
            "PROJECT_NAME": "High Capacity Metro Trains",
            "COST_CENTER": "1680",
            "COST_CENTER_NAME": "High Capacity Metro Trains",
            "SUB_PROJECT": "200073.96",
            "COMBINATION_ID": 19491,
            "SUB_PROJECT_NAME": "JN31250 HCMT Service Concession Operating (SC)",
            "BUDGET_TYPE": "Controlling Budget",
            "YEAR": "FY22",
            "BASE_PERIOD_NAME": 2022,
            "BUDGET_AMOUNT": 944684.92,
            "STATUS": "Phased",
            "STATUS_DATE": "2021-07-02T19:17:42Z",
            "VERSION": "Revised Budgets 2020-21_v1",
            "BUSINESS_UNIT": "DoT",
            "PROJECT_START_DATE": "2016-07-01T00:00:00Z",
            "ALLOCATION_BATCH_NUMBER": 122120,
            "NEW_CHILD_ALLOCATION": "Y",
            "TRANSACTION_TYPE": "SP",
            "DATA_SOURCE": "SP",
            "TOTAL_BUDGET": 21168109.52
        },
        {
            "INITIATIVE_CODE": "1170",
            "INITIATIVE_NAME": "High Capacity Metro Trains",
            "AUTHORITY_CODE": "2020",
            "AUTHORITY_NAME": "DOT Provision of Outputs",
            "BASE_PROJECT_CODE": "200073",
            "PROJECT_NAME": "High Capacity Metro Trains",
            "COST_CENTER": "1680",
            "COST_CENTER_NAME": "High Capacity Metro Trains",
            "SUB_PROJECT": "200073.96",
            "COMBINATION_ID": 19491,
            "SUB_PROJECT_NAME": "JN31250 HCMT Service Concession Operating (SC)",
            "BUDGET_TYPE": "Controlling Budget",
            "YEAR": "FY23",
            "BASE_PERIOD_NAME": 2022,
            "BUDGET_AMOUNT": 1944684.92,
            "STATUS": "Phased",
            "STATUS_DATE": "2021-07-02T19:17:42Z",
            "VERSION": "Revised Budgets 2020-21_v1",
            "BUSINESS_UNIT": "DoT",
            "PROJECT_START_DATE": "2016-07-01T00:00:00Z",
            "ALLOCATION_BATCH_NUMBER": 122120,
            "NEW_CHILD_ALLOCATION": "Y",
            "TRANSACTION_TYPE": "SP",
            "DATA_SOURCE": "SP",
            "TOTAL_BUDGET": 21168109.52
        },
        {
            "INITIATIVE_CODE": "1170",
            "INITIATIVE_NAME": "High Capacity Metro Trains",
            "AUTHORITY_CODE": "2020",
            "AUTHORITY_NAME": "DOT Provision of Outputs",
            "BASE_PROJECT_CODE": "200073",
            "PROJECT_NAME": "High Capacity Metro Trains",
            "COST_CENTER": "1680",
            "COST_CENTER_NAME": "High Capacity Metro Trains",
            "SUB_PROJECT": "200073.96",
            "COMBINATION_ID": 19491,
            "SUB_PROJECT_NAME": "JN31250 HCMT Service Concession Operating (SC)",
            "BUDGET_TYPE": "Controlling Budget",
            "YEAR": "FY24",
            "BASE_PERIOD_NAME": 2022,
            "BUDGET_AMOUNT": 444684.92,
            "STATUS": "Phased",
            "STATUS_DATE": "2021-07-02T19:17:42Z",
            "VERSION": "Revised Budgets 2020-21_v1",
            "BUSINESS_UNIT": "DoT",
            "PROJECT_START_DATE": "2016-07-01T00:00:00Z",
            "ALLOCATION_BATCH_NUMBER": 122120,
            "NEW_CHILD_ALLOCATION": "Y",
            "TRANSACTION_TYPE": "SP",
            "DATA_SOURCE": "SP",
            "TOTAL_BUDGET": 21168109.52
        },
        {
            "INITIATIVE_CODE": "1170",
            "INITIATIVE_NAME": "High Capacity Metro Trains",
            "AUTHORITY_CODE": "2020",
            "AUTHORITY_NAME": "DOT Provision of Outputs",
            "BASE_PROJECT_CODE": "200073",
            "PROJECT_NAME": "High Capacity Metro Trains",
            "COST_CENTER": "1680",
            "COST_CENTER_NAME": "High Capacity Metro Trains",
            "SUB_PROJECT": "200073.96",
            "COMBINATION_ID": 19491,
            "SUB_PROJECT_NAME": "JN31250 HCMT Service Concession Operating (SC)",
            "BUDGET_TYPE": "Controlling Budget",
            "YEAR": "FY25",
            "BASE_PERIOD_NAME": 2022,
            "BUDGET_AMOUNT": 2944684.92,
            "STATUS": "Phased",
            "STATUS_DATE": "2021-07-02T19:17:42Z",
            "VERSION": "Revised Budgets 2020-21_v1",
            "BUSINESS_UNIT": "DoT",
            "PROJECT_START_DATE": "2016-07-01T00:00:00Z",
            "ALLOCATION_BATCH_NUMBER": 122120,
            "NEW_CHILD_ALLOCATION": "Y",
            "TRANSACTION_TYPE": "SP",
            "DATA_SOURCE": "SP",
            "TOTAL_BUDGET": 21168109.52
        },
        {
            "INITIATIVE_CODE": "1170",
            "INITIATIVE_NAME": "High Capacity Metro Trains",
            "AUTHORITY_CODE": "2020",
            "AUTHORITY_NAME": "DOT Provision of Outputs",
            "BASE_PROJECT_CODE": "200073",
            "PROJECT_NAME": "High Capacity Metro Trains",
            "COST_CENTER": "1680",
            "COST_CENTER_NAME": "High Capacity Metro Trains",
            "SUB_PROJECT": "200073.96",
            "COMBINATION_ID": 19491,
            "SUB_PROJECT_NAME": "JN31250 HCMT Service Concession Operating (SC)",
            "BUDGET_TYPE": "Controlling Budget",
            "YEAR": "FY26",
            "BASE_PERIOD_NAME": 2022,
            "BUDGET_AMOUNT": 944684.92,
            "STATUS": "Phased",
            "STATUS_DATE": "2021-07-02T19:17:42Z",
            "VERSION": "Revised Budgets 2020-21_v1",
            "BUSINESS_UNIT": "DoT",
            "PROJECT_START_DATE": "2016-07-01T00:00:00Z",
            "ALLOCATION_BATCH_NUMBER": 122120,
            "NEW_CHILD_ALLOCATION": "Y",
            "TRANSACTION_TYPE": "SP",
            "DATA_SOURCE": "SP",
            "TOTAL_BUDGET": 21168109.52
        },
        {
            "INITIATIVE_CODE": "1170",
            "INITIATIVE_NAME": "High Capacity Metro Trains",
            "AUTHORITY_CODE": "2020",
            "AUTHORITY_NAME": "DOT Provision of Outputs",
            "BASE_PROJECT_CODE": "200073",
            "PROJECT_NAME": "High Capacity Metro Trains",
            "COST_CENTER": "1680",
            "COST_CENTER_NAME": "High Capacity Metro Trains",
            "SUB_PROJECT": "200073.96",
            "COMBINATION_ID": 19491,
            "SUB_PROJECT_NAME": "JN31250 HCMT Service Concession Operating (SC)",
            "BUDGET_TYPE": "Controlling Budget",
            "YEAR": "FY27",
            "BASE_PERIOD_NAME": 2022,
            "BUDGET_AMOUNT": 13944684.92,
            "STATUS": "Phased",
            "STATUS_DATE": "2021-07-02T19:17:42Z",
            "VERSION": "Revised Budgets 2020-21_v1",
            "BUSINESS_UNIT": "DoT",
            "PROJECT_START_DATE": "2016-07-01T00:00:00Z",
            "ALLOCATION_BATCH_NUMBER": 122120,
            "NEW_CHILD_ALLOCATION": "Y",
            "TRANSACTION_TYPE": "SP",
            "DATA_SOURCE": "SP",
            "TOTAL_BUDGET": 21168109.52
        },
        {
            "INITIATIVE_CODE": "1170",
            "INITIATIVE_NAME": "High Capacity Metro Trains",
            "AUTHORITY_CODE": "2020",
            "AUTHORITY_NAME": "DOT Provision of Outputs",
            "BASE_PROJECT_CODE": "200073",
            "PROJECT_NAME": "High Capacity Metro Trains",
            "COST_CENTER": "1680",
            "COST_CENTER_NAME": "High Capacity Metro Trains",
            "SUB_PROJECT": "200073.96",
            "COMBINATION_ID": 19491,
            "SUB_PROJECT_NAME": "JN31250 HCMT Service Concession Operating (SC)",
            "BUDGET_TYPE": "Controlling Budget",
            "YEAR": "FY28",
            "BASE_PERIOD_NAME": 2022,
            "BUDGET_AMOUNT": 0,
            "STATUS": "Phased",
            "STATUS_DATE": "2021-07-02T19:17:42Z",
            "VERSION": "Revised Budgets 2020-21_v1",
            "BUSINESS_UNIT": "DoT",
            "PROJECT_START_DATE": "2016-07-01T00:00:00Z",
            "ALLOCATION_BATCH_NUMBER": 122120,
            "NEW_CHILD_ALLOCATION": "Y",
            "TRANSACTION_TYPE": "SP",
            "DATA_SOURCE": "SP",
            "TOTAL_BUDGET": 21168109.52
        },
        {
            "INITIATIVE_CODE": "1334",
            "INITIATIVE_NAME": "2018-19 Budget - Regional rail infrastructure and new regional trains (Regional Rolling Stock and Ne",
            "AUTHORITY_CODE": "2020",
            "AUTHORITY_NAME": "DOT Provision of Outputs",
            "BASE_PROJECT_CODE": "200113",
            "PROJECT_NAME": "Regional Rail Infrastructure and New Regional Trains",
            "COST_CENTER": "1665",
            "COST_CENTER_NAME": "Rolling Stock Development and Procurement",
            "SUB_PROJECT": "200113.20",
            "COMBINATION_ID": 21822,
            "SUB_PROJECT_NAME": "5 New Regional Train (2021) Operating",
            "BUDGET_TYPE": "Controlling Budget",
            "YEAR": "FY22",
            "BASE_PERIOD_NAME": 2022,
            "BUDGET_AMOUNT": 361285.8,
            "STATUS": "Phased",
            "STATUS_DATE": "2021-07-01T13:19:02Z",
            "VERSION": "Revised Budgets 2020-21_v1",
            "BUSINESS_UNIT": "DoT",
            "PROJECT_START_DATE": "2021-01-01T00:00:00Z",
            "ALLOCATION_BATCH_NUMBER": 111747,
            "NEW_CHILD_ALLOCATION": "Y",
            "TRANSACTION_TYPE": "SP",
            "DATA_SOURCE": "SP",
            "TOTAL_BUDGET": 1083857.4
        },
        {
            "INITIATIVE_CODE": "1334",
            "INITIATIVE_NAME": "2018-19 Budget - Regional rail infrastructure and new regional trains (Regional Rolling Stock and Ne",
            "AUTHORITY_CODE": "2020",
            "AUTHORITY_NAME": "DOT Provision of Outputs",
            "BASE_PROJECT_CODE": "200113",
            "PROJECT_NAME": "Regional Rail Infrastructure and New Regional Trains",
            "COST_CENTER": "1665",
            "COST_CENTER_NAME": "Rolling Stock Development and Procurement",
            "SUB_PROJECT": "200113.20",
            "COMBINATION_ID": 21822,
            "SUB_PROJECT_NAME": "5 New Regional Train (2021) Operating",
            "BUDGET_TYPE": "Controlling Budget",
            "YEAR": "FY23",
            "BASE_PERIOD_NAME": 2022,
            "BUDGET_AMOUNT": 361285.8,
            "STATUS": "Phased",
            "STATUS_DATE": "2021-07-01T13:19:02Z",
            "VERSION": "Revised Budgets 2020-21_v1",
            "BUSINESS_UNIT": "DoT",
            "PROJECT_START_DATE": "2021-01-01T00:00:00Z",
            "ALLOCATION_BATCH_NUMBER": 111747,
            "NEW_CHILD_ALLOCATION": "Y",
            "TRANSACTION_TYPE": "SP",
            "DATA_SOURCE": "SP",
            "TOTAL_BUDGET": 1083857.4
        },
        {
            "INITIATIVE_CODE": "1334",
            "INITIATIVE_NAME": "2018-19 Budget - Regional rail infrastructure and new regional trains (Regional Rolling Stock and Ne",
            "AUTHORITY_CODE": "2020",
            "AUTHORITY_NAME": "DOT Provision of Outputs",
            "BASE_PROJECT_CODE": "200113",
            "PROJECT_NAME": "Regional Rail Infrastructure and New Regional Trains",
            "COST_CENTER": "1665",
            "COST_CENTER_NAME": "Rolling Stock Development and Procurement",
            "SUB_PROJECT": "200113.20",
            "COMBINATION_ID": 21822,
            "SUB_PROJECT_NAME": "5 New Regional Train (2021) Operating",
            "BUDGET_TYPE": "Controlling Budget",
            "YEAR": "FY24",
            "BASE_PERIOD_NAME": 2022,
            "BUDGET_AMOUNT": 361285.8,
            "STATUS": "Phased",
            "STATUS_DATE": "2021-07-01T13:19:02Z",
            "VERSION": "Revised Budgets 2020-21_v1",
            "BUSINESS_UNIT": "DoT",
            "PROJECT_START_DATE": "2021-01-01T00:00:00Z",
            "ALLOCATION_BATCH_NUMBER": 111747,
            "NEW_CHILD_ALLOCATION": "Y",
            "TRANSACTION_TYPE": "SP",
            "DATA_SOURCE": "SP",
            "TOTAL_BUDGET": 1083857.4
        },
        {
            "INITIATIVE_CODE": "1334",
            "INITIATIVE_NAME": "2018-19 Budget - Regional rail infrastructure and new regional trains (Regional Rolling Stock and Ne",
            "AUTHORITY_CODE": "2020",
            "AUTHORITY_NAME": "DOT Provision of Outputs",
            "BASE_PROJECT_CODE": "200113",
            "PROJECT_NAME": "Regional Rail Infrastructure and New Regional Trains",
            "COST_CENTER": "1665",
            "COST_CENTER_NAME": "Rolling Stock Development and Procurement",
            "SUB_PROJECT": "200113.20",
            "COMBINATION_ID": 21822,
            "SUB_PROJECT_NAME": "5 New Regional Train (2021) Operating",
            "BUDGET_TYPE": "Controlling Budget",
            "YEAR": "FY25",
            "BASE_PERIOD_NAME": 2022,
            "BUDGET_AMOUNT": 0,
            "STATUS": "Phased",
            "STATUS_DATE": "2021-07-01T13:19:02Z",
            "VERSION": "Revised Budgets 2020-21_v1",
            "BUSINESS_UNIT": "DoT",
            "PROJECT_START_DATE": "2021-01-01T00:00:00Z",
            "ALLOCATION_BATCH_NUMBER": 111747,
            "NEW_CHILD_ALLOCATION": "Y",
            "TRANSACTION_TYPE": "SP",
            "DATA_SOURCE": "SP",
            "TOTAL_BUDGET": 1083857.4
        },
        {
            "INITIATIVE_CODE": "1334",
            "INITIATIVE_NAME": "2018-19 Budget - Regional rail infrastructure and new regional trains (Regional Rolling Stock and Ne",
            "AUTHORITY_CODE": "2020",
            "AUTHORITY_NAME": "DOT Provision of Outputs",
            "BASE_PROJECT_CODE": "200113",
            "PROJECT_NAME": "Regional Rail Infrastructure and New Regional Trains",
            "COST_CENTER": "1665",
            "COST_CENTER_NAME": "Rolling Stock Development and Procurement",
            "SUB_PROJECT": "200113.20",
            "COMBINATION_ID": 21822,
            "SUB_PROJECT_NAME": "5 New Regional Train (2021) Operating",
            "BUDGET_TYPE": "Controlling Budget",
            "YEAR": "FY26",
            "BASE_PERIOD_NAME": 2022,
            "BUDGET_AMOUNT": 0,
            "STATUS": "Phased",
            "STATUS_DATE": "2021-07-01T13:19:02Z",
            "VERSION": "Revised Budgets 2020-21_v1",
            "BUSINESS_UNIT": "DoT",
            "PROJECT_START_DATE": "2021-01-01T00:00:00Z",
            "ALLOCATION_BATCH_NUMBER": 111747,
            "NEW_CHILD_ALLOCATION": "Y",
            "TRANSACTION_TYPE": "SP",
            "DATA_SOURCE": "SP",
            "TOTAL_BUDGET": 1083857.4
        },
        {
            "INITIATIVE_CODE": "1334",
            "INITIATIVE_NAME": "2018-19 Budget - Regional rail infrastructure and new regional trains (Regional Rolling Stock and Ne",
            "AUTHORITY_CODE": "2020",
            "AUTHORITY_NAME": "DOT Provision of Outputs",
            "BASE_PROJECT_CODE": "200113",
            "PROJECT_NAME": "Regional Rail Infrastructure and New Regional Trains",
            "COST_CENTER": "1665",
            "COST_CENTER_NAME": "Rolling Stock Development and Procurement",
            "SUB_PROJECT": "200113.20",
            "COMBINATION_ID": 21822,
            "SUB_PROJECT_NAME": "5 New Regional Train (2021) Operating",
            "BUDGET_TYPE": "Controlling Budget",
            "YEAR": "FY27",
            "BASE_PERIOD_NAME": 2022,
            "BUDGET_AMOUNT": 0,
            "STATUS": "Phased",
            "STATUS_DATE": "2021-07-01T13:19:02Z",
            "VERSION": "Revised Budgets 2020-21_v1",
            "BUSINESS_UNIT": "DoT",
            "PROJECT_START_DATE": "2021-01-01T00:00:00Z",
            "ALLOCATION_BATCH_NUMBER": 111747,
            "NEW_CHILD_ALLOCATION": "Y",
            "TRANSACTION_TYPE": "SP",
            "DATA_SOURCE": "SP",
            "TOTAL_BUDGET": 1083857.4
        },
        {
            "INITIATIVE_CODE": "1334",
            "INITIATIVE_NAME": "2018-19 Budget - Regional rail infrastructure and new regional trains (Regional Rolling Stock and Ne",
            "AUTHORITY_CODE": "2020",
            "AUTHORITY_NAME": "DOT Provision of Outputs",
            "BASE_PROJECT_CODE": "200113",
            "PROJECT_NAME": "Regional Rail Infrastructure and New Regional Trains",
            "COST_CENTER": "1665",
            "COST_CENTER_NAME": "Rolling Stock Development and Procurement",
            "SUB_PROJECT": "200113.33",
            "COMBINATION_ID": 21823,
            "SUB_PROJECT_NAME": "5 New Regional Train (2021) Operating Training",
            "BUDGET_TYPE": "Controlling Budget",
            "YEAR": "FY22",
            "BASE_PERIOD_NAME": 2022,
            "BUDGET_AMOUNT": 0,
            "STATUS": "Phased",
            "STATUS_DATE": "2021-07-01T13:19:02Z",
            "VERSION": "Revised Budgets 2020-21_v1",
            "BUSINESS_UNIT": "DoT",
            "PROJECT_START_DATE": "2021-01-01T00:00:00Z",
            "ALLOCATION_BATCH_NUMBER": 111747,
            "NEW_CHILD_ALLOCATION": "Y",
            "TRANSACTION_TYPE": "SP",
            "DATA_SOURCE": "SP",
            "TOTAL_BUDGET": 722571.6
        },
        {
            "INITIATIVE_CODE": "1334",
            "INITIATIVE_NAME": "2018-19 Budget - Regional rail infrastructure and new regional trains (Regional Rolling Stock and Ne",
            "AUTHORITY_CODE": "2020",
            "AUTHORITY_NAME": "DOT Provision of Outputs",
            "BASE_PROJECT_CODE": "200113",
            "PROJECT_NAME": "Regional Rail Infrastructure and New Regional Trains",
            "COST_CENTER": "1665",
            "COST_CENTER_NAME": "Rolling Stock Development and Procurement",
            "SUB_PROJECT": "200113.33",
            "COMBINATION_ID": 21823,
            "SUB_PROJECT_NAME": "5 New Regional Train (2021) Operating Training",
            "BUDGET_TYPE": "Controlling Budget",
            "YEAR": "FY23",
            "BASE_PERIOD_NAME": 2022,
            "BUDGET_AMOUNT": 0,
            "STATUS": "Phased",
            "STATUS_DATE": "2021-07-01T13:19:02Z",
            "VERSION": "Revised Budgets 2020-21_v1",
            "BUSINESS_UNIT": "DoT",
            "PROJECT_START_DATE": "2021-01-01T00:00:00Z",
            "ALLOCATION_BATCH_NUMBER": 111747,
            "NEW_CHILD_ALLOCATION": "Y",
            "TRANSACTION_TYPE": "SP",
            "DATA_SOURCE": "SP",
            "TOTAL_BUDGET": 722571.6
        },
        {
            "INITIATIVE_CODE": "1334",
            "INITIATIVE_NAME": "2018-19 Budget - Regional rail infrastructure and new regional trains (Regional Rolling Stock and Ne",
            "AUTHORITY_CODE": "2020",
            "AUTHORITY_NAME": "DOT Provision of Outputs",
            "BASE_PROJECT_CODE": "200113",
            "PROJECT_NAME": "Regional Rail Infrastructure and New Regional Trains",
            "COST_CENTER": "1665",
            "COST_CENTER_NAME": "Rolling Stock Development and Procurement",
            "SUB_PROJECT": "200113.33",
            "COMBINATION_ID": 21823,
            "SUB_PROJECT_NAME": "5 New Regional Train (2021) Operating Training",
            "BUDGET_TYPE": "Controlling Budget",
            "YEAR": "FY24",
            "BASE_PERIOD_NAME": 2022,
            "BUDGET_AMOUNT": 0,
            "STATUS": "Phased",
            "STATUS_DATE": "2021-07-01T13:19:02Z",
            "VERSION": "Revised Budgets 2020-21_v1",
            "BUSINESS_UNIT": "DoT",
            "PROJECT_START_DATE": "2021-01-01T00:00:00Z",
            "ALLOCATION_BATCH_NUMBER": 111747,
            "NEW_CHILD_ALLOCATION": "Y",
            "TRANSACTION_TYPE": "SP",
            "DATA_SOURCE": "SP",
            "TOTAL_BUDGET": 722571.6
        },
        {
            "INITIATIVE_CODE": "1334",
            "INITIATIVE_NAME": "2018-19 Budget - Regional rail infrastructure and new regional trains (Regional Rolling Stock and Ne",
            "AUTHORITY_CODE": "2020",
            "AUTHORITY_NAME": "DOT Provision of Outputs",
            "BASE_PROJECT_CODE": "200113",
            "PROJECT_NAME": "Regional Rail Infrastructure and New Regional Trains",
            "COST_CENTER": "1665",
            "COST_CENTER_NAME": "Rolling Stock Development and Procurement",
            "SUB_PROJECT": "200113.33",
            "COMBINATION_ID": 21823,
            "SUB_PROJECT_NAME": "5 New Regional Train (2021) Operating Training",
            "BUDGET_TYPE": "Controlling Budget",
            "YEAR": "FY25",
            "BASE_PERIOD_NAME": 2022,
            "BUDGET_AMOUNT": 361285.8,
            "STATUS": "Phased",
            "STATUS_DATE": "2021-07-01T13:19:02Z",
            "VERSION": "Revised Budgets 2020-21_v1",
            "BUSINESS_UNIT": "DoT",
            "PROJECT_START_DATE": "2021-01-01T00:00:00Z",
            "ALLOCATION_BATCH_NUMBER": 111747,
            "NEW_CHILD_ALLOCATION": "Y",
            "TRANSACTION_TYPE": "SP",
            "DATA_SOURCE": "SP",
            "TOTAL_BUDGET": 722571.6
        },
        {
            "INITIATIVE_CODE": "1334",
            "INITIATIVE_NAME": "2018-19 Budget - Regional rail infrastructure and new regional trains (Regional Rolling Stock and Ne",
            "AUTHORITY_CODE": "2020",
            "AUTHORITY_NAME": "DOT Provision of Outputs",
            "BASE_PROJECT_CODE": "200113",
            "PROJECT_NAME": "Regional Rail Infrastructure and New Regional Trains",
            "COST_CENTER": "1665",
            "COST_CENTER_NAME": "Rolling Stock Development and Procurement",
            "SUB_PROJECT": "200113.33",
            "COMBINATION_ID": 21823,
            "SUB_PROJECT_NAME": "5 New Regional Train (2021) Operating Training",
            "BUDGET_TYPE": "Controlling Budget",
            "YEAR": "FY26",
            "BASE_PERIOD_NAME": 2022,
            "BUDGET_AMOUNT": 361285.8,
            "STATUS": "Phased",
            "STATUS_DATE": "2021-07-01T13:19:02Z",
            "VERSION": "Revised Budgets 2020-21_v1",
            "BUSINESS_UNIT": "DoT",
            "PROJECT_START_DATE": "2021-01-01T00:00:00Z",
            "ALLOCATION_BATCH_NUMBER": 111747,
            "NEW_CHILD_ALLOCATION": "Y",
            "TRANSACTION_TYPE": "SP",
            "DATA_SOURCE": "SP",
            "TOTAL_BUDGET": 722571.6
        },
        {
            "INITIATIVE_CODE": "1334",
            "INITIATIVE_NAME": "2018-19 Budget - Regional rail infrastructure and new regional trains (Regional Rolling Stock and Ne",
            "AUTHORITY_CODE": "2020",
            "AUTHORITY_NAME": "DOT Provision of Outputs",
            "BASE_PROJECT_CODE": "200113",
            "PROJECT_NAME": "Regional Rail Infrastructure and New Regional Trains",
            "COST_CENTER": "1665",
            "COST_CENTER_NAME": "Rolling Stock Development and Procurement",
            "SUB_PROJECT": "200113.33",
            "COMBINATION_ID": 21823,
            "SUB_PROJECT_NAME": "5 New Regional Train (2021) Operating Training",
            "BUDGET_TYPE": "Controlling Budget",
            "YEAR": "FY27",
            "BASE_PERIOD_NAME": 2022,
            "BUDGET_AMOUNT": 0,
            "STATUS": "Phased",
            "STATUS_DATE": "2021-07-01T13:19:02Z",
            "VERSION": "Revised Budgets 2020-21_v1",
            "BUSINESS_UNIT": "DoT",
            "PROJECT_START_DATE": "2021-01-01T00:00:00Z",
            "ALLOCATION_BATCH_NUMBER": 111747,
            "NEW_CHILD_ALLOCATION": "Y",
            "TRANSACTION_TYPE": "SP",
            "DATA_SOURCE": "SP",
            "TOTAL_BUDGET": 722571.6
        },
        {
            "INITIATIVE_CODE": "1457",
            "INITIATIVE_NAME": "Transport or not in use",
            "AUTHORITY_CODE": "2020",
            "AUTHORITY_NAME": "DOT Provision of Outputs",
            "BASE_PROJECT_CODE": "200116",
            "PROJECT_NAME": "TFV RSDD Industry Engagement",
            "COST_CENTER": "1675",
            "COST_CENTER_NAME": "Industry Engagement for Rolling Stock Development",
            "SUB_PROJECT": "200116.01",
            "COMBINATION_ID": 19592,
            "SUB_PROJECT_NAME": "Industry Engagement",
            "BUDGET_TYPE": "Controlling Budget",
            "YEAR": "FY22",
            "BASE_PERIOD_NAME": 2022,
            "BUDGET_AMOUNT": 2260098.92,
            "STATUS": "Phased",
            "STATUS_DATE": "2021-07-01T13:21:53Z",
            "VERSION": "Revised Budgets 2020-21_v1",
            "BUSINESS_UNIT": "DoT",
            "PROJECT_START_DATE": "2016-07-01T00:00:00Z",
            "ALLOCATION_BATCH_NUMBER": 111750,
            "NEW_CHILD_ALLOCATION": "Y",
            "TRANSACTION_TYPE": "SP",
            "DATA_SOURCE": "SP",
            "TOTAL_BUDGET": 13560593.52
        },
        {
            "INITIATIVE_CODE": "1457",
            "INITIATIVE_NAME": "Transport or not in use",
            "AUTHORITY_CODE": "2020",
            "AUTHORITY_NAME": "DOT Provision of Outputs",
            "BASE_PROJECT_CODE": "200116",
            "PROJECT_NAME": "TFV RSDD Industry Engagement",
            "COST_CENTER": "1675",
            "COST_CENTER_NAME": "Industry Engagement for Rolling Stock Development",
            "SUB_PROJECT": "200116.01",
            "COMBINATION_ID": 19592,
            "SUB_PROJECT_NAME": "Industry Engagement",
            "BUDGET_TYPE": "Controlling Budget",
            "YEAR": "FY23",
            "BASE_PERIOD_NAME": 2022,
            "BUDGET_AMOUNT": 2260098.92,
            "STATUS": "Phased",
            "STATUS_DATE": "2021-07-01T13:21:53Z",
            "VERSION": "Revised Budgets 2020-21_v1",
            "BUSINESS_UNIT": "DoT",
            "PROJECT_START_DATE": "2016-07-01T00:00:00Z",
            "ALLOCATION_BATCH_NUMBER": 111750,
            "NEW_CHILD_ALLOCATION": "Y",
            "TRANSACTION_TYPE": "SP",
            "DATA_SOURCE": "SP",
            "TOTAL_BUDGET": 13560593.52
        },
        {
            "INITIATIVE_CODE": "1457",
            "INITIATIVE_NAME": "Transport or not in use",
            "AUTHORITY_CODE": "2020",
            "AUTHORITY_NAME": "DOT Provision of Outputs",
            "BASE_PROJECT_CODE": "200116",
            "PROJECT_NAME": "TFV RSDD Industry Engagement",
            "COST_CENTER": "1675",
            "COST_CENTER_NAME": "Industry Engagement for Rolling Stock Development",
            "SUB_PROJECT": "200116.01",
            "COMBINATION_ID": 19592,
            "SUB_PROJECT_NAME": "Industry Engagement",
            "BUDGET_TYPE": "Controlling Budget",
            "YEAR": "FY24",
            "BASE_PERIOD_NAME": 2022,
            "BUDGET_AMOUNT": 2260098.92,
            "STATUS": "Phased",
            "STATUS_DATE": "2021-07-01T13:21:53Z",
            "VERSION": "Revised Budgets 2020-21_v1",
            "BUSINESS_UNIT": "DoT",
            "PROJECT_START_DATE": "2016-07-01T00:00:00Z",
            "ALLOCATION_BATCH_NUMBER": 111750,
            "NEW_CHILD_ALLOCATION": "Y",
            "TRANSACTION_TYPE": "SP",
            "DATA_SOURCE": "SP",
            "TOTAL_BUDGET": 13560593.52
        },
        {
            "INITIATIVE_CODE": "1457",
            "INITIATIVE_NAME": "Transport or not in use",
            "AUTHORITY_CODE": "2020",
            "AUTHORITY_NAME": "DOT Provision of Outputs",
            "BASE_PROJECT_CODE": "200116",
            "PROJECT_NAME": "TFV RSDD Industry Engagement",
            "COST_CENTER": "1675",
            "COST_CENTER_NAME": "Industry Engagement for Rolling Stock Development",
            "SUB_PROJECT": "200116.01",
            "COMBINATION_ID": 19592,
            "SUB_PROJECT_NAME": "Industry Engagement",
            "BUDGET_TYPE": "Controlling Budget",
            "YEAR": "FY25",
            "BASE_PERIOD_NAME": 2022,
            "BUDGET_AMOUNT": 2260098.92,
            "STATUS": "Phased",
            "STATUS_DATE": "2021-07-01T13:21:53Z",
            "VERSION": "Revised Budgets 2020-21_v1",
            "BUSINESS_UNIT": "DoT",
            "PROJECT_START_DATE": "2016-07-01T00:00:00Z",
            "ALLOCATION_BATCH_NUMBER": 111750,
            "NEW_CHILD_ALLOCATION": "Y",
            "TRANSACTION_TYPE": "SP",
            "DATA_SOURCE": "SP",
            "TOTAL_BUDGET": 13560593.52
        },
        {
            "INITIATIVE_CODE": "1457",
            "INITIATIVE_NAME": "Transport or not in use",
            "AUTHORITY_CODE": "2020",
            "AUTHORITY_NAME": "DOT Provision of Outputs",
            "BASE_PROJECT_CODE": "200116",
            "PROJECT_NAME": "TFV RSDD Industry Engagement",
            "COST_CENTER": "1675",
            "COST_CENTER_NAME": "Industry Engagement for Rolling Stock Development",
            "SUB_PROJECT": "200116.01",
            "COMBINATION_ID": 19592,
            "SUB_PROJECT_NAME": "Industry Engagement",
            "BUDGET_TYPE": "Controlling Budget",
            "YEAR": "FY26",
            "BASE_PERIOD_NAME": 2022,
            "BUDGET_AMOUNT": 2260098.92,
            "STATUS": "Phased",
            "STATUS_DATE": "2021-07-01T13:21:53Z",
            "VERSION": "Revised Budgets 2020-21_v1",
            "BUSINESS_UNIT": "DoT",
            "PROJECT_START_DATE": "2016-07-01T00:00:00Z",
            "ALLOCATION_BATCH_NUMBER": 111750,
            "NEW_CHILD_ALLOCATION": "Y",
            "TRANSACTION_TYPE": "SP",
            "DATA_SOURCE": "SP",
            "TOTAL_BUDGET": 13560593.52
        },
        {
            "INITIATIVE_CODE": "1457",
            "INITIATIVE_NAME": "Transport or not in use",
            "AUTHORITY_CODE": "2020",
            "AUTHORITY_NAME": "DOT Provision of Outputs",
            "BASE_PROJECT_CODE": "200116",
            "PROJECT_NAME": "TFV RSDD Industry Engagement",
            "COST_CENTER": "1675",
            "COST_CENTER_NAME": "Industry Engagement for Rolling Stock Development",
            "SUB_PROJECT": "200116.01",
            "COMBINATION_ID": 19592,
            "SUB_PROJECT_NAME": "Industry Engagement",
            "BUDGET_TYPE": "Controlling Budget",
            "YEAR": "FY27",
            "BASE_PERIOD_NAME": 2022,
            "BUDGET_AMOUNT": 2260098.92,
            "STATUS": "Phased",
            "STATUS_DATE": "2021-07-01T13:21:53Z",
            "VERSION": "Revised Budgets 2020-21_v1",
            "BUSINESS_UNIT": "DoT",
            "PROJECT_START_DATE": "2016-07-01T00:00:00Z",
            "ALLOCATION_BATCH_NUMBER": 111750,
            "NEW_CHILD_ALLOCATION": "Y",
            "TRANSACTION_TYPE": "SP",
            "DATA_SOURCE": "SP",
            "TOTAL_BUDGET": 13560593.52
        },
        {
            "INITIATIVE_CODE": "1571",
            "INITIATIVE_NAME": "Rail Corridor Security Fences (Suicide Prevention Works)",
            "AUTHORITY_CODE": "3120",
            "AUTHORITY_NAME": "DOT Additions to the Net Asset Base",
            "BASE_PROJECT_CODE": "200416",
            "PROJECT_NAME": "Rail Corridor Security Fences (Suicide Prevention Works)",
            "COST_CENTER": "2077",
            "COST_CENTER_NAME": "Program Delivery",
            "SUB_PROJECT": "200416.01",
            "COMBINATION_ID": 19608,
            "SUB_PROJECT_NAME": "Rail Corridor Suicide Fence Project",
            "BUDGET_TYPE": "Controlling Budget",
            "YEAR": "FY22",
            "BASE_PERIOD_NAME": 2022,
            "BUDGET_AMOUNT": 67884750.77,
            "STATUS": "Phased",
            "STATUS_DATE": "2021-07-01T13:01:11Z",
            "VERSION": "Revised Budgets 2020-21_v1",
            "BUSINESS_UNIT": "DoT",
            "PROJECT_START_DATE": "2020-07-01T00:00:00Z",
            "ALLOCATION_BATCH_NUMBER": 111741,
            "NEW_CHILD_ALLOCATION": "Y",
            "TRANSACTION_TYPE": "SP",
            "DATA_SOURCE": "SP",
            "TOTAL_BUDGET": 135769501.54
        },
        {
            "INITIATIVE_CODE": "1571",
            "INITIATIVE_NAME": "Rail Corridor Security Fences (Suicide Prevention Works)",
            "AUTHORITY_CODE": "3120",
            "AUTHORITY_NAME": "DOT Additions to the Net Asset Base",
            "BASE_PROJECT_CODE": "200416",
            "PROJECT_NAME": "Rail Corridor Security Fences (Suicide Prevention Works)",
            "COST_CENTER": "2077",
            "COST_CENTER_NAME": "Program Delivery",
            "SUB_PROJECT": "200416.01",
            "COMBINATION_ID": 19608,
            "SUB_PROJECT_NAME": "Rail Corridor Suicide Fence Project",
            "BUDGET_TYPE": "Controlling Budget",
            "YEAR": "FY23",
            "BASE_PERIOD_NAME": 2022,
            "BUDGET_AMOUNT": 67884750.77,
            "STATUS": "Phased",
            "STATUS_DATE": "2021-07-01T13:01:11Z",
            "VERSION": "Revised Budgets 2020-21_v1",
            "BUSINESS_UNIT": "DoT",
            "PROJECT_START_DATE": "2020-07-01T00:00:00Z",
            "ALLOCATION_BATCH_NUMBER": 111741,
            "NEW_CHILD_ALLOCATION": "Y",
            "TRANSACTION_TYPE": "SP",
            "DATA_SOURCE": "SP",
            "TOTAL_BUDGET": 135769501.54
        },
        {
            "INITIATIVE_CODE": "1571",
            "INITIATIVE_NAME": "Rail Corridor Security Fences (Suicide Prevention Works)",
            "AUTHORITY_CODE": "3120",
            "AUTHORITY_NAME": "DOT Additions to the Net Asset Base",
            "BASE_PROJECT_CODE": "200416",
            "PROJECT_NAME": "Rail Corridor Security Fences (Suicide Prevention Works)",
            "COST_CENTER": "2077",
            "COST_CENTER_NAME": "Program Delivery",
            "SUB_PROJECT": "200416.01",
            "COMBINATION_ID": 19608,
            "SUB_PROJECT_NAME": "Rail Corridor Suicide Fence Project",
            "BUDGET_TYPE": "Controlling Budget",
            "YEAR": "FY24",
            "BASE_PERIOD_NAME": 2022,
            "BUDGET_AMOUNT": 0,
            "STATUS": "Phased",
            "STATUS_DATE": "2021-07-01T13:01:11Z",
            "VERSION": "Revised Budgets 2020-21_v1",
            "BUSINESS_UNIT": "DoT",
            "PROJECT_START_DATE": "2020-07-01T00:00:00Z",
            "ALLOCATION_BATCH_NUMBER": 111741,
            "NEW_CHILD_ALLOCATION": "Y",
            "TRANSACTION_TYPE": "SP",
            "DATA_SOURCE": "SP",
            "TOTAL_BUDGET": 135769501.54
        },
        {
            "INITIATIVE_CODE": "1571",
            "INITIATIVE_NAME": "Rail Corridor Security Fences (Suicide Prevention Works)",
            "AUTHORITY_CODE": "3120",
            "AUTHORITY_NAME": "DOT Additions to the Net Asset Base",
            "BASE_PROJECT_CODE": "200416",
            "PROJECT_NAME": "Rail Corridor Security Fences (Suicide Prevention Works)",
            "COST_CENTER": "2077",
            "COST_CENTER_NAME": "Program Delivery",
            "SUB_PROJECT": "200416.01",
            "COMBINATION_ID": 19608,
            "SUB_PROJECT_NAME": "Rail Corridor Suicide Fence Project",
            "BUDGET_TYPE": "Controlling Budget",
            "YEAR": "FY25",
            "BASE_PERIOD_NAME": 2022,
            "BUDGET_AMOUNT": 0,
            "STATUS": "Phased",
            "STATUS_DATE": "2021-07-01T13:01:11Z",
            "VERSION": "Revised Budgets 2020-21_v1",
            "BUSINESS_UNIT": "DoT",
            "PROJECT_START_DATE": "2020-07-01T00:00:00Z",
            "ALLOCATION_BATCH_NUMBER": 111741,
            "NEW_CHILD_ALLOCATION": "Y",
            "TRANSACTION_TYPE": "SP",
            "DATA_SOURCE": "SP",
            "TOTAL_BUDGET": 135769501.54
        },
        {
            "INITIATIVE_CODE": "1571",
            "INITIATIVE_NAME": "Rail Corridor Security Fences (Suicide Prevention Works)",
            "AUTHORITY_CODE": "3120",
            "AUTHORITY_NAME": "DOT Additions to the Net Asset Base",
            "BASE_PROJECT_CODE": "200416",
            "PROJECT_NAME": "Rail Corridor Security Fences (Suicide Prevention Works)",
            "COST_CENTER": "2077",
            "COST_CENTER_NAME": "Program Delivery",
            "SUB_PROJECT": "200416.01",
            "COMBINATION_ID": 19608,
            "SUB_PROJECT_NAME": "Rail Corridor Suicide Fence Project",
            "BUDGET_TYPE": "Controlling Budget",
            "YEAR": "FY26",
            "BASE_PERIOD_NAME": 2022,
            "BUDGET_AMOUNT": 0,
            "STATUS": "Phased",
            "STATUS_DATE": "2021-07-01T13:01:11Z",
            "VERSION": "Revised Budgets 2020-21_v1",
            "BUSINESS_UNIT": "DoT",
            "PROJECT_START_DATE": "2020-07-01T00:00:00Z",
            "ALLOCATION_BATCH_NUMBER": 111741,
            "NEW_CHILD_ALLOCATION": "Y",
            "TRANSACTION_TYPE": "SP",
            "DATA_SOURCE": "SP",
            "TOTAL_BUDGET": 135769501.54
        },
        {
            "INITIATIVE_CODE": "1571",
            "INITIATIVE_NAME": "Rail Corridor Security Fences (Suicide Prevention Works)",
            "AUTHORITY_CODE": "3120",
            "AUTHORITY_NAME": "DOT Additions to the Net Asset Base",
            "BASE_PROJECT_CODE": "200416",
            "PROJECT_NAME": "Rail Corridor Security Fences (Suicide Prevention Works)",
            "COST_CENTER": "2077",
            "COST_CENTER_NAME": "Program Delivery",
            "SUB_PROJECT": "200416.01",
            "COMBINATION_ID": 19608,
            "SUB_PROJECT_NAME": "Rail Corridor Suicide Fence Project",
            "BUDGET_TYPE": "Controlling Budget",
            "YEAR": "FY27",
            "BASE_PERIOD_NAME": 2022,
            "BUDGET_AMOUNT": 0,
            "STATUS": "Phased",
            "STATUS_DATE": "2021-07-01T13:01:11Z",
            "VERSION": "Revised Budgets 2020-21_v1",
            "BUSINESS_UNIT": "DoT",
            "PROJECT_START_DATE": "2020-07-01T00:00:00Z",
            "ALLOCATION_BATCH_NUMBER": 111741,
            "NEW_CHILD_ALLOCATION": "Y",
            "TRANSACTION_TYPE": "SP",
            "DATA_SOURCE": "SP",
            "TOTAL_BUDGET": 135769501.54
        }
    ]
}