{
    "items": [
        {
            "category": "NOTIFICATION",
            "status": "Withdrawn",
            "record_number": 1,
            "budget_type_id": 1
        },
        {
            "category": "NOTIFICATION",
            "status": "Withdrawn",
            "record_number": 1,
            "budget_type_id": 2
        },
        {
            "category": "NOTIFICATION",
            "status": "Draft",
            "record_number": 1,
            "budget_type_id": 2
        },
        {
            "category": "NOTIFICATION",
            "status": "Submitted",
            "record_number": 2,
            "budget_type_id": 1
        },
        {
            "category": "NOTIFICATION",
            "status": "Draft",
            "record_number": 5,
            "budget_type_id": 1
        },
        {
            "category": "NOTIFICATION",
            "status": "Posted",
            "record_number": 80,
            "budget_type_id": 1
        },
        {
            "category": "NOTIFICATION",
            "status": "Approved",
            "record_number": 2,
            "budget_type_id": 1
        },
        {
            "category": "NOTIFICATION",
            "status": "Approved",
            "record_number": 1,
            "budget_type_id": 2
        }
    ],
    "hasMore": false,
    "limit": 25,
    "offset": 0,
    "count": 8,
    "links": [
        {
            "rel": "self",
            "href": "https://coq4hi5ehnacuc6-dotvicadwdev.adb.ap-sydney-1.oraclecloudapps.com/ords/btftapp_db/ProjectSummary/NotificationCount?user_name=hariharasubramanian.vijayakum%40oracle.com"
        },
        {
            "rel": "describedby",
            "href": "https://coq4hi5ehnacuc6-dotvicadwdev.adb.ap-sydney-1.oraclecloudapps.com/ords/btftapp_db/metadata-catalog/ProjectSummary/item"
        },
        {
            "rel": "first",
            "href": "https://coq4hi5ehnacuc6-dotvicadwdev.adb.ap-sydney-1.oraclecloudapps.com/ords/btftapp_db/ProjectSummary/NotificationCount?user_name=hariharasubramanian.vijayakum%40oracle.com"
        }
    ]
}