{
  "root": "callModuleFunction1",
  "description": "",
  "actions": {
    "callModuleFunction1": {
      "module": "vb/action/builtin/callModuleFunctionAction",
      "parameters": {
        "module": "[[ $application.functions ]]",
        "functionName": "showLoading"
      },
      "outcomes": {
        "success": "runInParallel"
      }
    },
    "runInParallel": {
      "module": "vb/action/builtin/forkAction",
      "parameters": {
        "actions": {
          "callRestEndpoint2": "callRestGetProjWBSGetEPMBaseProjecDetails",
          "callRestGetBaseProjDetails": "callRestGetBaseProjDetails"
        }
      }
    },
    "fireNotification": {
      "module": "vb/action/builtin/fireNotificationEventAction",
      "parameters": {
        "target": "leaf",
        "summary": "[[ $chain.results.callRestGetBaseProjDetails.message.summary ]]",
        "type": "error",
        "displayMode": "persist"
      },
      "outcomes": {
        "success": "callFunctionShowLoading"
      }
    },
    "callRestGetBaseProjDetails": {
      "module": "vb/action/builtin/restAction",
      "parameters": {
        "endpoint": "ordsBtftapp/getBaseProjDetails",
        "uriParams": {
          "prj_comb": "-1",
          "user_name": "{{ $application.user.username }}",
          "budget_type_id": "-1",
          "search_category": "ACTION",
          "status": "NEW"
        }
      },
      "outcomes": {
        "failure": "fireNotification",
        "success": "callFunctionFormatPeriodBasedProjDet"
      }
    },
    "assignVariables": {
      "module": "vb/action/builtin/assignVariablesAction",
      "parameters": {
        "$page.variables.getbaseProjDet": {
          "source": {
            "data": "{{ $chain.results.callFunctionFormatPeriodBasedProjDet }}"
          },
          "reset": "none",
          "auto": "always"
        }
      }
    },
    "callFunctionFormatPeriodBasedProjDet": {
      "module": "vb/action/builtin/callModuleFunctionAction",
      "parameters": {
        "module": "[[ $functions ]]",
        "functionName": "formatPeriodBasedProjDet",
        "params": [
          "{{ $chain.results.callRestGetBaseProjDetails.body.items }}"
        ]
      },
      "outcomes": {
        "success": "assignVariables"
      }
    },
    "callFunctionFormatProjBaseDataGrid": {
      "module": "vb/action/builtin/callModuleFunctionAction",
      "parameters": {
        "module": "[[ $functions ]]",
        "functionName": "formatProjBaseDataGrid",
        "params": [
          "{{ $chain.results.callRestGetProjWBSGetEPMBaseProjecDetails.body.items }}",
          "{{ $application.variables.configVal.budgetTypes }}",
          "{{ $application.variables.configVal.budgetTypes }}"
        ]
      },
      "outcomes": {
        "success": "callFunctionInitFYArray"
      }
    },
    "callFunctionHideLoading5": {
      "module": "vb/action/builtin/callModuleFunctionAction",
      "parameters": {
        "module": "[[ $application.functions ]]",
        "functionName": "hideLoading"
      }
    },
    "fireNotification2": {
      "module": "vb/action/builtin/fireNotificationEventAction",
      "parameters": {
        "target": "leaf",
        "summary": "[[ $chain.results.callRestGetProjWBSGetEPMBaseProjecDetails.message.summary ]]",
        "type": "error",
        "displayMode": "persist"
      },
      "outcomes": {
        "success": "callFunctionHideLoading5"
      }
    },
    "callRestGetProjWBSGetEPMBaseProjecDetails": {
      "module": "vb/action/builtin/restAction",
      "parameters": {
        "endpoint": "ordsBtftapp/getProjWBSGetEPMBaseProjecDetails",
        "uriParams": {
          "search_category": "ACTION",
          "prj_comb": "-1",
          "user_name": "{{ $application.user.username }}",
          "budget_type_id": -1,
          "auth_code": "{{ $page.variables.selectedAuthCode }}",
          "cost_center_code": "{{ $page.variables.selectedCostCenterCode }}",
          "init_code": "{{ $page.variables.selectedInitCode }}",
          "project_code": "{{ $page.variables.selectedPrjCode }}",
          "pfm_project_number": "{{ $page.variables.selectedSubProj == undefined || $page.variables.selectedSubProj == ''? '-1':$page.variables.selectedSubProj }}",
          "pfm_project_code": "{{ $page.variables.selectedSubProj == undefined || $page.variables.selectedSubProj == '' ? -1 : $page.variables.selectedSubProj }}",
          "status": "{{ $page.variables.selStatus == undefined || $page.variables.selStatus == '' ? 'CB':$page.variables.selStatus }}",
          "budget_status": "-1",
          "transaction_type": "ALL"
        }
      },
      "outcomes": {
        "failure": "fireNotification2",
        "success": "runInParallel2"
      }
    },
    "assignVariablesEPMbaseprojdatagrid": {
      "module": "vb/action/builtin/assignVariablesAction",
      "parameters": {
        "$page.variables.dataArray": {
          "source": "{{ $chain.results.callFunctionFormatProjBaseDataGrid.intitArray }}"
        },
        "$page.variables.responseData": {
          "source": "{{ $chain.results.callFunctionFormatProjBaseDataGrid.responseData }}"
        },
        "$page.variables.distinctPeriods": {
          "source": "{{ $chain.results.callFunctionFormatProjBaseDataGrid.distinctFY }}"
        },
        "$page.variables.mainData": {
          "source": "{{ $chain.results.callFunctionFormatProjBaseDataGrid.mainData }}"
        }
      },
      "outcomes": {
        "success": "callFunctionGetpagingModule"
      }
    },
    "runInParallel2": {
      "module": "vb/action/builtin/forkAction",
      "parameters": {
        "actions": {
          "callFunctionFormatProjBaseDataGrid": "callFunctionFormatProjBaseDataGrid",
          "callFunction2": "callFunctionGetCounts"
        }
      },
      "outcomes": {
        "join": "callFunctionHideLoading"
      }
    },
    "callFunctionGetCounts": {
      "module": "vb/action/builtin/callModuleFunctionAction",
      "parameters": {
        "module": "[[ $functions ]]",
        "functionName": "getCounts",
        "params": [
          "{{ $chain.results.callRestGetProjWBSGetEPMBaseProjecDetails.body.items }}"
        ]
      },
      "outcomes": {
        "success": "assignVariablesSummaryCounts"
      }
    },
    "assignVariablesSummaryCounts": {
      "module": "vb/action/builtin/assignVariablesAction",
      "parameters": {
        "$page.variables.summaryCounts": {
          "source": "{{ $chain.results.callFunctionGetCounts.summaryCounts }}",
          "auto": "always"
        }
      }
    },
    "callFunctionCalculateListHeight": {
      "module": "vb/action/builtin/callModuleFunctionAction",
      "parameters": {
        "module": "[[ $functions ]]",
        "functionName": "calculateListHeight",
        "params": [
          "{{ $page.variables.mainData }}"
        ]
      },
      "outcomes": {
        "success": "callFunctionExportData"
      }
    },
    "callFunctionGetpagingModule": {
      "module": "vb/action/builtin/callModuleFunctionAction",
      "parameters": {
        "module": "[[ $functions ]]",
        "functionName": "getpagingModule",
        "params": [
          "{{ $page.variables.mainData }}"
        ]
      },
      "outcomes": {
        "success": "assignVariablesPagingDataProvider"
      }
    },
    "assignVariablesPagingDataProvider": {
      "module": "vb/action/builtin/assignVariablesAction",
      "parameters": {
        "$page.variables.pagingDataProvider": {
          "source": "{{ $chain.results.callFunctionGetpagingModule }}"
        }
      },
      "outcomes": {
        "success": "callFunctionCalculateListHeight"
      }
    },
    "assignVariablesMainData": {
      "module": "vb/action/builtin/assignVariablesAction",
      "parameters": {
        "$page.variables.mainData": {
          "source": "{{ $chain.results.callFunctionFormatProjBaseDataGrid.mainData }}"
        },
        "$page.variables.fyArray": {
          "source": "{{ $chain.results.callFunctionInitFYArray }}"
        }
      },
      "outcomes": {
        "success": "assignVariablesEPMbaseprojdatagrid"
      }
    },
    "callFunctionHideLoading": {
      "module": "vb/action/builtin/callModuleFunctionAction",
      "parameters": {
        "module": "[[ $application.functions ]]",
        "functionName": "hideLoading"
      }
    },
    "callFunctionInitFYArray": {
      "module": "vb/action/builtin/callModuleFunctionAction",
      "parameters": {
        "module": "[[ $application.functions ]]",
        "functionName": "initFYArray"
      },
      "outcomes": {
        "success": "assignVariablesMainData"
      }
    },
    "callFunctionShowLoading": {
      "module": "vb/action/builtin/callModuleFunctionAction",
      "parameters": {
        "module": "[[ $application.functions ]]",
        "functionName": "showLoading"
      }
    },
    "callFunctionExportData": {
      "module": "vb/action/builtin/callModuleFunctionAction",
      "parameters": {
        "module": "[[ $functions ]]",
        "functionName": "exportData",
        "params": [
          "{{ $page.variables.mainData }}",
          "{{ $chain.results.callFunctionInitFYArray }}",
          "{{ $functions.getPerioddata }}",
          "{{ $application.functions.formatCurrency }}",
          "{{ $application.variables.configVal.csvHeaderLabels }}",
          "{{ $application.variables.configVal.HeaderLabels }}"
        ]
      },
      "outcomes": {
        "success": "assignVariablesExportData"
      }
    },
    "assignVariablesExportData": {
      "module": "vb/action/builtin/assignVariablesAction",
      "parameters": {
        "$page.variables.exportData": {
          "source": "{{ $chain.results.callFunctionExportData }}"
        }
      }
    }
  }
}