{
  "description": "",
  "root": "if1",
  "actions": {
    "if1": {
      "module": "vb/action/builtin/ifAction",
      "parameters": {
        "condition": "[[ $variables.menuId === 'ApprovedBudgets' ]]"
      },
      "outcomes": {
        "true": "navigateToPage1",
        "false": "if2"
      }
    },
    "navigateToPage1": {
      "module": "vb/action/builtin/navigateAction",
      "parameters": {
        "page": "main-approved-budgets"
      },
      "outcomes": {
        "success": "if2"
      }
    },
    "if2": {
      "module": "vb/action/builtin/ifAction",
      "parameters": {
        "condition": "[[ $variables.menuId === 'ListofSubmittedProj' ]]"
      },
      "outcomes": {
        "true": "navigateToPage2"
      }
    },
    "navigateToPage2": {
      "module": "vb/action/builtin/navigateAction",
      "parameters": {
        "page": "main-submitted-project-list"
      }
    }
  },
  "variables": {
    "menuId": {
      "required": true,
      "type": "any",
      "input": "fromCaller"
    }
  }
}