{
  "description": "",
  "root": "callFunctionShowLoading",
  "actions": {
    "callFunctionFormatProjBaseDataGrid": {
      "module": "vb/action/builtin/callModuleFunctionAction",
      "parameters": {
        "module": "[[ $functions ]]",
        "functionName": "formatProjBaseDataGrid",
        "params": [
          null,
          "{{ $page.variables.responseData }}",
          "\"1\"",
          "{{ $page.variables.selectedInitCode }}",
          "{{ $page.variables.selectedCostCenterCode }}",
          "{{ $page.variables.selectedAuthCode }}",
          "{{ $page.variables.selectedPrjCode }}"
        ]
      },
      "outcomes": {
        "success": "assignVariablesDataArray"
      }
    },
    "assignVariablesDataArray": {
      "module": "vb/action/builtin/assignVariablesAction",
      "parameters": {
        "$page.variables.dataArray": {
          "source": "{{ $chain.results.callFunctionFormatProjBaseDataGrid.intitArray }}"
        },
        "$page.variables.mainData": {
          "source": "{{ $chain.results.callFunctionFormatProjBaseDataGrid.mainData }}"
        }
      },
      "outcomes": {
        "success": "callFunctionGetCounts"
      }
    },
    "callFunctionCalculateListHeight": {
      "module": "vb/action/builtin/callModuleFunctionAction",
      "parameters": {
        "module": "[[ $functions ]]",
        "functionName": "calculateListHeight",
        "params": [
          "{{ $page.variables.mainData }}"
        ]
      },
      "outcomes": {
        "success": "callFunctionGetpagingModule"
      }
    },
    "callFunctionGetpagingModule": {
      "module": "vb/action/builtin/callModuleFunctionAction",
      "parameters": {
        "module": "[[ $functions ]]",
        "functionName": "getpagingModule",
        "params": [
          "{{ $page.variables.mainData }}"
        ]
      },
      "outcomes": {
        "success": "assignVariablesPagingDataProvider"
      }
    },
    "assignVariablesPagingDataProvider": {
      "module": "vb/action/builtin/assignVariablesAction",
      "parameters": {
        "$page.variables.pagingDataProvider": {
          "source": "{{ $chain.results.callFunctionGetpagingModule }}"
        },
        "$page.variables.summaryCounts": {
          "source": "{{ $chain.results.callFunctionGetCounts.summaryCounts }}",
          "auto": "always"
        }
      },
      "outcomes": {
        "success": "callFunctionHideLoading"
      }
    },
    "callFunctionShowLoading": {
      "module": "vb/action/builtin/callModuleFunctionAction",
      "parameters": {
        "module": "[[ $application.functions ]]",
        "functionName": "showLoading"
      },
      "outcomes": {
        "success": "callFunctionFormatProjBaseDataGrid"
      }
    },
    "callFunctionHideLoading": {
      "module": "vb/action/builtin/callModuleFunctionAction",
      "parameters": {
        "module": "[[ $application.functions ]]",
        "functionName": "hideLoading"
      }
    },
    "callFunctionGetCounts": {
      "module": "vb/action/builtin/callModuleFunctionAction",
      "parameters": {
        "module": "[[ $functions ]]",
        "functionName": "getCounts",
        "params": [
          "{{ $page.variables.responseData }}",
          "1",
          "{{ $page.variables.selectedInitCode }}",
          "{{ $page.variables.selectedPrjCode }}",
          "{{ $page.variables.selectedAuthCode }}",
          "{{ $page.variables.selectedCostCenterCode }}"
        ]
      },
      "outcomes": {
        "success": "callFunctionCalculateListHeight"
      }
    }
  },
  "variables": {
    "value": {
      "required": true,
      "type": "any",
      "input": "fromCaller"
    }
  }
}