{
  "description": "",
  "root": "callFunctionShowTitle",
  "actions": {
    "callFunctionShowTitle": {
      "module": "vb/action/builtin/callModuleFunctionAction",
      "parameters": {
        "module": "[[ $functions ]]",
        "functionName": "showTitle",
        "params": [
          "{{ $variables.id }}",
          "{{ $variables.data }}"
        ]
      }
    }
  },
  "variables": {
    "data": {
      "type": "any",
      "required": false,
      "input": "fromCaller"
    },
    "id": {
      "type": "string",
      "required": false,
      "input": "fromCaller"
    }
  }
}