{
  "description": "",
  "root": "if",
  "actions": {
    "if": {
      "module": "vb/action/builtin/ifAction",
      "parameters": {
        "condition": "[[ $variables.event == '' || $variables.event == undefined ]]"
      },
      "outcomes": {
        "false": "callFunctionShowLoading",
        "true": "return"
      }
    },
    "callFunctionShowLoading": {
      "module": "vb/action/builtin/callModuleFunctionAction",
      "parameters": {
        "module": "[[ $application.functions ]]",
        "functionName": "showLoading"
      },
      "outcomes": {
        "success": "callFunctionGetRestMoreData"
      }
    },
    "callFunctionGetRestMoreData": {
      "module": "vb/action/builtin/callModuleFunctionAction",
      "parameters": {
        "module": "[[ $functions ]]",
        "functionName": "getRestMoreData",
        "params": [
          "{{ $page.variables.mainData }}",
          "{{ $variables.event }}"
        ]
      },
      "outcomes": {
        "success": "assignVariablesDataArray"
      }
    },
    "assignVariablesDataArray": {
      "module": "vb/action/builtin/assignVariablesAction",
      "parameters": {
        "$page.variables.dataArray": {
          "source": "{{ $chain.results.callFunctionGetRestMoreData }}"
        }
      },
      "outcomes": {
        "success": "callFunctionCalculateListHeight"
      }
    },
    "callFunctionCalculateListHeight": {
      "module": "vb/action/builtin/callModuleFunctionAction",
      "parameters": {
        "module": "[[ $functions ]]",
        "functionName": "calculateListHeight",
        "params": [
          "{{ $page.variables.dataArray }}"
        ]
      },
      "outcomes": {
        "success": "callFunctionHideLoading"
      }
    },
    "callFunctionHideLoading": {
      "module": "vb/action/builtin/callModuleFunctionAction",
      "parameters": {
        "module": "[[ $application.functions ]]",
        "functionName": "hideLoading"
      }
    },
    "return": {
      "module": "vb/action/builtin/returnAction",
      "parameters": {
        "outcome": "success"
      }
    }
  },
  "variables": {
    "event": {
      "type": "string",
      "required": false,
      "input": "fromCaller"
    }
  }
}