{
  "description": "",
  "root": "callModuleFunction2",
  "actions": {
    "callModuleFunction2": {
      "module": "vb/action/builtin/callModuleFunctionAction",
      "parameters": {
        "module": "[[ $functions ]]",
        "functionName": "searchProjNum",
        "params": [
          "{{ $page.variables.searchProjNum }}",
          "{{ $page.variables.EPMbaseprojdatagridOriginal }}"
        ]
      },
      "outcomes": {
        "success": "assignVariables1"
      }
    },
    "assignVariables1": {
      "module": "vb/action/builtin/assignVariablesAction",
      "parameters": {
        "$page.variables.EPMbaseprojdatagrid": {
          "source": "{{ $chain.results.callModuleFunction2 }}",
          "reset": "empty"
        }
      }
    }
  },
  "variables": {
    "detail": {
      "required": true,
      "type": "any",
      "input": "fromCaller"
    }
  }
}