{
  "description": "",
  "root": "callChainMenuBeforeOpenChain1",
  "actions": {
    "callChainMenuBeforeOpenChain1": {
      "module": "vb/action/builtin/callChainAction",
      "parameters": {
        "id": "MenuBeforeOpenChain1",
        "params": {
          "event": "{{ $variables.event }}"
        }
      },
      "outcomes": {
        "success": "callChainMenuActionChain"
      }
    },
    "callChainMenuActionChain": {
      "module": "vb/action/builtin/callChainAction",
      "parameters": {
        "id": "MenuActionChain",
        "params": {
          "menuId": "perform"
        }
      }
    }
  },
  "variables": {
    "event": {
      "type": "any",
      "required": false,
      "input": "fromCaller"
    }
  }
}