{
  "description": "",
  "root": "callFunctionFormatProjBaseDataGrid",
  "actions": {
    "callFunctionFormatProjBaseDataGrid": {
      "module": "vb/action/builtin/callModuleFunctionAction",
      "parameters": {
        "module": "[[ $functions ]]",
        "functionName": "formatProjBaseDataGrid",
        "params": [
          null,
          "{{ $page.variables.responseData }}",
          "\"1\"",
          "{{ $page.variables.selectedInitCode }}",
          "{{ $page.variables.selectedCostCenterCode }}",
          "{{ $page.variables.selectedAuthCode }}",
          "{{ $page.variables.selectedPrjCode }}"
        ]
      },
      "outcomes": {
        "success": "assignVariables"
      }
    },
    "assignVariables": {
      "module": "vb/action/builtin/assignVariablesAction",
      "parameters": {
        "$page.variables.dataArray": {
          "source": "{{ $chain.results.callFunctionFormatProjBaseDataGrid.intitArray }}"
        }
      }
    }
  },
  "variables": {}
}