{
  "root": "callFunctionInitFYArray",
  "description": "",
  "actions": {
    "callFunctionInitFYArray": {
      "module": "vb/action/builtin/callModuleFunctionAction",
      "parameters": {
        "module": "[[ $application.functions ]]",
        "functionName": "initFYArray"
      },
      "outcomes": {
        "success": "callFunctionExportData"
      }
    },
    "callFunctionExportData": {
      "module": "vb/action/builtin/callModuleFunctionAction",
      "parameters": {
        "module": "[[ $functions ]]",
        "functionName": "exportData",
        "params": [
          "{{ $page.variables.mainData }}",
          "{{ $chain.results.callFunctionInitFYArray }}",
          "{{ $functions.getPerioddata }}",
          "{{ $application.functions.formatCurrency }}",
          "{{ $application.variables.configVal.csvHeaderLabels }}",
          "{{ $application.variables.configVal.HeaderLabels }}"
        ]
      },
      "outcomes": {
        "success": "assignVariablesExportData"
      }
    },
    "assignVariablesExportData": {
      "module": "vb/action/builtin/assignVariablesAction",
      "parameters": {
        "$page.variables.exportData": {
          "source": "{{ $chain.results.callFunctionExportData }}"
        }
      }
    }
  }
}