{
  "description": "",
  "root": "callModuleFunction1",
  "actions": {
    "assignVariables1": {
      "module": "vb/action/builtin/assignVariablesAction",
      "parameters": {
        "$application.variables.base_project_number": {
          "source": "{{ $variables.current.row.proj_number }}"
        },
        "$application.variables.authority_code": {
          "source": "{{ $variables.current.row.authority_code }}"
        },
        "$application.variables.authority_budget_amt": {
          "source": "{{ $variables.current.row.proj_amount }}"
        }
      },
      "outcomes": {
        "success": "navigateToPage1"
      }
    },
    "navigateToPage1": {
      "module": "vb/action/builtin/navigateAction",
      "parameters": {
        "page": "main-start-projectdetails"
      }
    },
    "callModuleFunction1": {
      "module": "vb/action/builtin/callModuleFunctionAction",
      "outcomes": {
        "success": "assignVariables1"
      },
      "parameters": {
        "module": "[[ $application.functions ]]",
        "functionName": "showLoading"
      }
    }
  },
  "variables": {
    "detail": {
      "required": true,
      "type": "any",
      "input": "fromCaller"
    },
    "key": {
      "required": true,
      "type": "any",
      "input": "fromCaller"
    },
    "index": {
      "required": true,
      "type": "number",
      "input": "fromCaller"
    },
    "current": {
      "required": true,
      "type": "any",
      "input": "fromCaller"
    }
  }
}