{
  "description": "",
  "root": "callModuleFunction1",
  "actions": {
    "if1": {
      "module": "vb/action/builtin/ifAction",
      "parameters": {
        "condition": "[[ !$page.variables.searchProjNum ]]"
      },
      "outcomes": {
        "true": "resetVariables1"
      }
    },
    "assignVariables1": {
      "module": "vb/action/builtin/assignVariablesAction",
      "parameters": {
        "$page.variables.EPMbaseprojdatagrid": {
          "source": "{{ $page.variables.EPMbaseprojdatagridOriginal }}",
          "reset": "empty"
        }
      }
    },
    "resetVariables1": {
      "module": "vb/action/builtin/resetVariablesAction",
      "outcomes": {
        "success": "assignVariables1"
      },
      "parameters": {
        "variables": [
          "$page.variables.EPMbaseprojdatagrid"
        ]
      }
    },
    "callModuleFunction1": {
      "module": "vb/action/builtin/callModuleFunctionAction",
      "outcomes": {
        "success": "if1"
      },
      "parameters": {
        "module": "[[ $functions ]]",
        "functionName": "resetData"
      }
    }
  },
  "variables": {
    "detail": {
      "required": true,
      "type": "any",
      "input": "fromCaller"
    }
  }
}