{
  "description": "",
  "root": "callFunctionMenuBeforeOpenAction",
  "actions": {
    "callFunctionMenuBeforeOpenAction": {
      "module": "vb/action/builtin/callModuleFunctionAction",
      "parameters": {
        "module": "[[ $functions ]]",
        "functionName": "menuBeforeOpenAction",
        "params": [
          "{{ $variables.event }}"
        ]
      },
      "outcomes": {
        "success": "assignVariablesDataTypeVal"
      }
    },
    "assignVariablesDataTypeVal": {
      "module": "vb/action/builtin/assignVariablesAction",
      "parameters": {
        "$page.variables.dataTypeVal": {
          "source": "{{ $chain.results.callFunctionMenuBeforeOpenAction.transactionType }}"
        },
        "$page.variables.isHeaderLabel": {
          "source": "{{ $chain.results.callFunctionMenuBeforeOpenAction.isHeaderLabel }}"
        }
      }
    }
  },
  "variables": {
    "event": {
      "type": "object",
      "input": "fromCaller"
    }
  }
}