{
  "description": "",
  "root": "callModuleFunction2",
  "actions": {
    "callModuleFunction2": {
      "module": "vb/action/builtin/callModuleFunctionAction",
      "outcomes": {
        "success": "callFunctionMyActionFunction"
      },
      "parameters": {
        "module": "[[ $application.functions ]]",
        "functionName": "showLoading"
      }
    },
    "navigateToMainProjectbudgeting": {
      "module": "vb/action/builtin/navigateAction",
      "parameters": {
        "page": "main-projectbudgeting",
        "params": {
          "subProjNum": "{{ $variables.subProjectNum }}"
        }
      }
    },
    "switchMenuId": {
      "module": "vb/action/builtin/switchAction",
      "parameters": {
        "caseValue": "[[ $variables.menuId ]]",
        "possibleValues": [
          "1",
          "2",
          "3",
          "4"
        ]
      },
      "outcomes": {
        "1": "navigateToMainStartProjectdetails",
        "2": "assignVariablesIsPerformMode",
        "3": "navigateToMainProjectForecast",
        "4": "navigateToMainProjectContract"
      }
    },
    "navigateToMainProjectForecast": {
      "module": "vb/action/builtin/navigateAction",
      "@dt": {
        "targetType": "page"
      },
      "parameters": {
        "page": "main-project-forecast",
        "params": {
          "sub_project_number": "{{ $variables.subProjectNum }}"
        }
      }
    },
    "navigateToMainStartProjectdetails": {
      "module": "vb/action/builtin/navigateAction",
      "parameters": {
        "page": "main-start-projectdetails"
      },
      "@dt": {
        "targetType": "page"
      }
    },
    "callFunctionMyActionFunction": {
      "module": "vb/action/builtin/callModuleFunctionAction",
      "parameters": {
        "module": "[[ $functions ]]",
        "functionName": "myActionFunction",
        "params": [
          "{{ $page.variables.getbaseProjDet.data }}",
          "{{ $variables.authCode }}",
          "{{ $variables.costCode }}",
          "{{ $variables.initCode }}",
          "{{ $variables.projectNum }}"
        ]
      },
      "outcomes": {
        "success": "assignVariablesPeriodList"
      }
    },
    "assignVariablesPeriodList": {
      "module": "vb/action/builtin/assignVariablesAction",
      "parameters": {
        "$application.variables.periodList": {
          "source": "{{ $chain.results.callFunctionMyActionFunction.periodList }}"
        },
        "$application.variables.authority_budget_amt": {
          "source": "0"
        },
        "$application.variables.selectedBaseProjDet": {
          "source": "{{ $chain.results.callFunctionMyActionFunction.selectedProjList }}"
        },
        "$application.variables.searchParamsObj": {
          "source": {
            "budget_type_id": "{{ $page.variables.budget_type_id }}",
            "search_category": "{{ $page.variables.search_category }}",
            "searchProjNum": "{{ $page.variables.searchProjNum }}",
            "status": "{{ $page.variables.status }}"
          },
          "auto": "always"
        },
        "$application.variables.searchedCombinationLst": {
          "source": "{{ $variables.projectNum }}"
        }
      },
      "outcomes": {
        "success": "assignVariablesAuthorityCode"
      }
    },
    "assignVariablesIsPerformMode": {
      "module": "vb/action/builtin/assignVariablesAction",
      "parameters": {
        "$application.variables.isPerformMode": {
          "source": true
        }
      },
      "outcomes": {
        "success": "navigateToMainProjectbudgeting"
      }
    },
    "assignVariablesAuthorityCode": {
      "module": "vb/action/builtin/assignVariablesAction",
      "parameters": {
        "$application.variables.authority_code": {
          "source": "{{ $variables.authCode }}"
        },
        "$application.variables.cost_center": {
          "source": "{{ $variables.costCode }}"
        },
        "$application.variables.initiative_code": {
          "source": "{{ $variables.initCode }}"
        },
        "$application.variables.authority_name": {
          "source": "{{ $variables.authCode +\" - \"+$variables.authName }}"
        },
        "$application.variables.cost_center_name": {
          "source": "{{ $variables.costCode +\" - \"+ $variables.costCenterName }}"
        },
        "$application.variables.initiative_name": {
          "source": "{{ $variables.initCode + \" - \"+$variables.initName }}"
        },
        "$application.variables.base_project_number": {
          "source": "{{ $variables.projectNum }}"
        },
        "$application.variables.project_name": {
          "source": "{{ $variables.projectNum +\" - \"+ $variables.projName }}"
        }
      },
      "outcomes": {
        "success": "switchMenuId"
      }
    },
    "navigateToMainProjectContract": {
      "module": "vb/action/builtin/navigateAction",
      "parameters": {
        "page": "main-project-contract",
        "params": {
          "sub_project_number": "{{ $variables.subProjectNum }}"
        }
      }
    }
  },
  "variables": {
    "authCode": {
      "type": "string",
      "required": false,
      "input": "fromCaller"
    },
    "authName": {
      "type": "string",
      "required": false,
      "input": "fromCaller"
    },
    "authority_budget_amount": {
      "type": "string",
      "required": false,
      "input": "fromCaller"
    },
    "costCenterName": {
      "type": "string",
      "required": false,
      "input": "fromCaller"
    },
    "costCode": {
      "type": "string",
      "required": false,
      "input": "fromCaller"
    },
    "initCode": {
      "type": "string",
      "required": false,
      "input": "fromCaller"
    },
    "initName": {
      "type": "string",
      "required": false,
      "input": "fromCaller"
    },
    "menuId": {
      "required": true,
      "type": "any",
      "input": "fromCaller"
    },
    "periodList": {
      "type": "any",
      "required": false,
      "input": "fromCaller"
    },
    "projectNum": {
      "type": "string",
      "required": false,
      "input": "fromCaller"
    },
    "projName": {
      "type": "string",
      "required": false,
      "input": "fromCaller"
    },
    "subProjectNum": {
      "type": "string",
      "required": false,
      "input": "fromCaller"
    }
  }
}