{
  "description": "",
  "root": "assignVariablesTempVal",
  "actions": {
    "callFunctionOpenMenu": {
      "module": "vb/action/builtin/callModuleFunctionAction",
      "parameters": {
        "module": "[[ $functions ]]",
        "functionName": "openMenu",
        "params": [
          "{{ $variables.event }}",
          "{{ $variables.id }}"
        ]
      }
    },
    "assignVariablesTempVal": {
      "module": "vb/action/builtin/assignVariablesAction",
      "parameters": {
        "$page.variables.tempVal": {
          "source": "{{ $variables.subprojnum }}"
        }
      },
      "outcomes": {
        "success": "callFunctionOpenMenu"
      }
    }
  },
  "variables": {
    "event": {
      "type": "any",
      "required": false,
      "input": "fromCaller"
    },
    "id": {
      "type": "string",
      "required": false,
      "input": "fromCaller"
    },
    "subprojnum": {
      "type": "any",
      "input": "fromCaller"
    }
  }
}