{
    "BUDGET_DATA_ARR": [
        {
            "PFM_PROJECT": "200073.30 - HCMT Operating",
            "PROJSTATUS": "Phased",
            "SUB_PROJECT_TOTAL": "572,580,760.14",
            "TEI": "0",
            "YAER1": "860253",
            "YAER2": "860253.38",
            "YAER3": "285000000.38",
            "YAER4": "860253",
            "YAER5": "285000000.38",
            "UPLOADED_BY": "hariharasubramanian.vijayakum@oracle.com",
            "PROJECT_NUMBER": "200073",
            "PROJECT_NAME": "200073 - High Capacity Metro Trains",
            "INITIATIVE_CODE": "1170",
            "AUTHORITY_CODE": "2020",
            "COST_CENTER_CODE": "1680"
        },
        {
            "PFM_PROJECT": "200073.96 - JN31250 HCMT Service Concession Operating (SC)",
            "PROJSTATUS": "Phased",
            "SUB_PROJECT_TOTAL": "856,720,506.76",
            "TEI": "0",
            "YAER1": "285000000.38",
            "YAER2": "285000000",
            "YAER3": "860253",
            "YAER4": "285000000.38",
            "YAER5": "860253",
            "UPLOADED_BY": "hariharasubramanian.vijayakum@oracle.com",
            "PROJECT_NUMBER": "200073",
            "PROJECT_NAME": "200073 - High Capacity Metro Trains",
            "INITIATIVE_CODE": "1170",
            "AUTHORITY_CODE": "2020",
            "COST_CENTER_CODE": "1680"
        }
    ]
}