{
    "items": [
        {
            "role_name": "Super Accountant"
        },
        {
            "role_name": "DOT Budget and Forecast App Administrator Role"
        },
        {
            "role_name": "Project Administrator"
        },
        {
            "role_name": "Project Accountant"
        },
        {
            "role_name": "Project Manager"
        },
        {
            "role_name": "Project Team Member"
        },
        {
            "role_name": "DOT Project Support"
        },
        {
            "role_name": "Program Director"
        },
        {
            "role_name": "Team Member"
        },
        {
            "role_name": "Team Collaborator"
        },
        {
            "role_name": "MTIA Receipt Confirmator"
        }
    ],
    "hasMore": false,
    "limit": 500,
    "offset": 0,
    "count": 11,
    "links": [
        {
            "rel": "self",
            "href": "https://apps-preprod-fs.transport.vic.gov.au/ords/btftapp_db/RoleMapping/getRoleNames"
        },
        {
            "rel": "describedby",
            "href": "https://apps-preprod-fs.transport.vic.gov.au/ords/btftapp_db/metadata-catalog/RoleMapping/item"
        },
        {
            "rel": "first",
            "href": "https://apps-preprod-fs.transport.vic.gov.au/ords/btftapp_db/RoleMapping/getRoleNames"
        }
    ]
}