{
  "dataObject": {
    "projectBudgetVersion": "1.0",
    "allocationBatchNumber": "112",
    "period": "FY25",
    "projectnumber": "200073.22",
    "projectname": "HCMT State Costs Delivery",
    "comments": "",
    "businessDays": "P0DT0H2M",
    "currentBudgetAmount": "56782.89",
    "userID": "T35628",
    "opaProcessId": "200120251334",
    "emailAddress": "umendra.kapoor@oracle.com",
    "action": "CREATE_NEW",
    "jobRole": "DOT_AREA_MANAGER",
    "previousBudgetAmount": "67281.90",
    "opaProcessName": "Budget Approval Workflow"
  },
  "params": {
    "processName": "ContractBudgetProcess",
    "applicationName": "Contract_Approval_WF"
  }
}