{
    "items": [
        {
            "proj_number": "200067.01",
            "task_code": "01.01.01",
            "resource_id": "01",
            "assign_bud_id": "1"
        },
        {
            "proj_number": "200067.01",
            "task_code": "01.01.01",
            "resource_id": "02",
            "assign_bud_id": "1"
        },
        {
            "proj_number": "200067.01",
            "task_code": "01.01.02",
            "resource_id": "01",
            "assign_bud_id": "1"
        }
    ],
    "hasMore": false,
    "limit": 25,
    "offset": 0,
    "count": 3,
    "links": [
        {
            "rel": "self",
            "href": "https://coq4hi5ehnacuc6-dotvicadwdev.adb.ap-sydney-1.oraclecloudapps.com/ords/btftapp_db/projWBS/project_work_structure"
        },
        {
            "rel": "describedby",
            "href": "https://coq4hi5ehnacuc6-dotvicadwdev.adb.ap-sydney-1.oraclecloudapps.com/ords/btftapp_db/metadata-catalog/projWBS/item"
        },
        {
            "rel": "first",
            "href": "https://coq4hi5ehnacuc6-dotvicadwdev.adb.ap-sydney-1.oraclecloudapps.com/ords/btftapp_db/projWBS/project_work_structure"
        }
    ]
}