{

    "id": "main",
    "description": "Flow main",
    "defaultPage": "main-home-page",
    "chains": {},
    "services": {},
    "types": {
        "expProjViaStatusType": {
            "allocation_type": "string",
      "authority": "string",
      "baseprojectnumber": "string",
      "budgetperiod": "string",
      "budgetType": "string",
      "comments": "string",
      "costcenter": "string",
      "FY21": "string",
      "FY22": "string",
      "FY23": "string",
      "FY24": "string",
      "FY25": "string",
      "FY26": "string",
      "FY27": "string",
      "initiative": "string",
      "slno": "string",
      "status": "string",
      "subprojectnum": "string",
      "version": "string"

    }
      },
    "variables": {
        "exportCSVProjViaStatus": {
            "type": "expProjViaStatusType[]",
            "persisted": "session"
        },
        "exportProjetBudgetByStatusCSVAnyType": {
            "type": "any",
            "persisted": "session"
        },
        "pageSize": {
            "type": "number",
            "defaultValue": 5,
            "persisted": "session"
        },
        "pageSizeVar": {
            "type": "string",
            "defaultValue": "5",
            "persisted": "session"
        },
        "showPaginationBudgetDataProvider": {
            "type": "any",
            "persisted": "session"
        },
        "tempDistinctYearArr": {
            "type": "any",
            "persisted": "session"
        },
        "transactionType": {
            "type": "string"
        }
      }
}