{
    "items": [
        {
            "initiative_code": "1170",
            "initiative": "High Capacity Metro Trains",
            "authority_code": "2020",
            "authority": "DOT Provision of Outputs",
            "base_project_number": "200073",
            "cost_centre_code": "1680",
            "cost_centre": "High Capacity Metro Trains",
            "sub_project_number": "200073.30",
            "sub_project": "HCMT Operating",
            "business_unit": "DoT",
            "project_start_date": "01-Jul-2016",
            "project_end_date": "30-Jun-2026",
            "budget_type_name": "Contract Budget",
            "allocation_batch_number": 72358,
            "parent_batch_number": 72168,
            "status": "Draft",
            "status_date": "2021-09-30T11:32:44.591Z",
            "version_name": "FUSEP21_V2",
            "current_fy_cost": 0,
            "project_authority": [
                {
                    "authority_code": "2020",
                    "authority": "DOT Provision of Outputs"
                }
            ],
            "budget_summary": [
                {
                    "period_fy": "0",
                    "wbs_budget": 8819927.36,
                    "forecast_budget": 0
                },
                {
                    "period_fy": "FY22",
                    "wbs_budget": 183010,
                    "forecast_budget": 183010
                },
                {
                    "period_fy": "FY23",
                    "wbs_budget": 600000,
                    "forecast_budget": 600000
                },
                {
                    "period_fy": "FY24",
                    "wbs_budget": 600080,
                    "forecast_budget": 600080
                },
                {
                    "period_fy": "FY25",
                    "wbs_budget": 0,
                    "forecast_budget": 0
                },
                {
                    "period_fy": "FY26",
                    "wbs_budget": 0,
                    "forecast_budget": 0
                },
                {
                    "period_fy": "FY27",
                    "wbs_budget": 0,
                    "forecast_budget": 0
                },
                {
                    "period_fy": "FY28",
                    "wbs_budget": 0,
                    "forecast_budget": 0
                },
                {
                    "period_fy": "FY29",
                    "wbs_budget": 0,
                    "forecast_budget": 0
                },
                {
                    "period_fy": "FY30",
                    "wbs_budget": 0,
                    "forecast_budget": 0
                },
                {
                    "period_fy": "FY31",
                    "wbs_budget": 0,
                    "forecast_budget": 0
                }
            ],
            "budget_data": [],
            "wbs_budget_data": null
        }
    ],
    "hasMore": false,
    "limit": 0,
    "offset": 0,
    "count": 1,
    "links": [
        {
            "rel": "self",
            "href": "https://coq4hi5ehnacuc6-dotvicadwdev.adb.ap-sydney-1.oraclecloudapps.com/ords/btftapp_db/ProjectContract/ProjectTaskHistorySummary?allocation_batch_number=72358&sub_project_number=200073.30&version_id=487"
        },
        {
            "rel": "describedby",
            "href": "https://coq4hi5ehnacuc6-dotvicadwdev.adb.ap-sydney-1.oraclecloudapps.com/ords/btftapp_db/metadata-catalog/ProjectContract/item"
        }
    ]
}