{
  "layoutTypes": {
    "businessObjects": {
      "kind": "operationRef",
      "serviceId": "businessObjects",
      "operations": [
        "getall_ManageEmployeeHrchy"
      ]
    }
  },
  "layouts": {
    "isDefault": {
      "description": "Default Rule",
      "type": "businessObjects",
      "expression": "default"
    },
    "tabData": {
      "type": "businessObjects",
      "layoutType": "table",
      "label": "tabData",
      "editForm": "VDOM",
      "rules": [
        "isDefault"
      ],
      "layouts": {
        "default": {
          "layoutType": "table",
          "layout": {
            "displayProperties": [
              "budgetStatus",
              "businessUnit",
              "delegateTo",
              "department",
              "empGrade",
              "employeeMISCode",
              "employeeName",
              "employeePersonNumber",
              "employeePositionCode",
              "gender",
              "gIBHireDate",
              "id",
              "jobCla1",
              "joblevel",
              "legalEntity",
              "location",
              "managerPersonNumber",
              "managerPositionID",
              "nationality",
              "orgDev3IdName",
              "orgDev3MisBud",
              "orgDevPub1Title",
              "parentPositionCode",
              "personType",
              "positionGrade",
              "positionTitle",
              "postionLevel",
              "reportingManager"
            ]
          }
        }
      }
    }
  },
  "templates": {}
}