{
    "items": [
        {
            "role_name": "Program Director"
        }
    ],
    "hasMore": false,
    "limit": 25,
    "offset": 0,
    "count": 1,
    "links": [
        {
            "rel": "self",
            "href": "https://apps-preprod-fs.transport.vic.gov.au/ords/btftapp_db/RoleMapping/getRoleNameByPage?p_action_included=APPROVE&p_page_id=6"
        },
        {
            "rel": "describedby",
            "href": "https://apps-preprod-fs.transport.vic.gov.au/ords/btftapp_db/metadata-catalog/RoleMapping/item"
        },
        {
            "rel": "first",
            "href": "https://apps-preprod-fs.transport.vic.gov.au/ords/btftapp_db/RoleMapping/getRoleNameByPage?p_action_included=APPROVE&p_page_id=6"
        }
    ]
}