{
    "items": [
        {
            "amount": 897000,
            "year": 2017
        },
        {
            "amount": 2646848.37,
            "year": 2018
        },
        {
            "amount": 3285400.19,
            "year": 2019
        },
        {
            "amount": 599326.5,
            "year": 2020
        },
        {
            "amount": 1391352.3,
            "year": 2021
        }
    ],
    "hasMore": false,
    "limit": 100,
    "offset": 0,
    "count": 5,
    "links": [
        {
            "rel": "self",
            "href": "https://coq4hi5ehnacuc6-dotvicadwdev.adb.ap-sydney-1.oraclecloudapps.com/ords/btftapp_db/projWBS/getSubProjectYearCost?sub_project_num=200073.30"
        },
        {
            "rel": "describedby",
            "href": "https://coq4hi5ehnacuc6-dotvicadwdev.adb.ap-sydney-1.oraclecloudapps.com/ords/btftapp_db/metadata-catalog/projWBS/item"
        },
        {
            "rel": "first",
            "href": "https://coq4hi5ehnacuc6-dotvicadwdev.adb.ap-sydney-1.oraclecloudapps.com/ords/btftapp_db/projWBS/getSubProjectYearCost?sub_project_num=200073.30"
        }
    ]
}