{
    "backends": {
        "vbprocess": {
            "serviceType": "vbprocess",
            "servers": [
                {
                    "url": "vb-catalog://backends.tenant/vbprocess",
                    "description": "Player Target Server",
                    "x-vb": {
                        "headers": {
                            "pcs_mode": "dev"
                        },
                        "authentication": {
                            "authenticated": {
                                "type": "cloud"
                            }
                        }
                    }
                },
                {
                    "url": "vb-catalog://backends.tenant/vbprocess",
                    "description": "Default Target Server",
                    "x-vb": {
                        "authentication": {
                            "authenticated": {
                                "type": "cloud"
                            }
                        }
                    }
                }
            ]
        },
        "HCM": {
            "servers": [
                {
                    "url": "https://dyn-components.developervm.devdevcsphx.oraclevcn.com:3001/bc/hcm",
                    "description": "Default Server",
                    "x-vb": {
                        "anonymousAccess": true
                    }
                }
            ]
        },
        "ws": {
            "servers": [
                {
                    "url": "https://echo.websocket.org",
                    "description": "Echo Websocket Org"
                }
            ]
        }
    }
}