{
    "items": [
        {
            "category": "NOTIFICATION",
            "status": "Draft",
            "record_number": 6
        },
        {
            "category": "NOTIFICATION",
            "status": "Withdrawn",
            "record_number": 1
        },
        {
            "category": "NOTIFICATION",
            "status": "PostedError",
            "record_number": 1
        },
        {
            "category": "NOTIFICATION",
            "status": "Posted",
            "record_number": 5
        },
        {
            "category": "ACTION",
            "status": "OLD",
            "record_number": 111
        }
    ],
    "hasMore": false,
    "limit": 500,
    "offset": 0,
    "count": 5,
    "links": [
        {
            "rel": "self",
            "href": "https://coq4hi5ehnacuc6-dotvicadwdev.adb.ap-sydney-1.oraclecloudapps.com/ords/btftapp_db/projWBS/getUserActionCounts?user_name=kalladM"
        },
        {
            "rel": "describedby",
            "href": "https://coq4hi5ehnacuc6-dotvicadwdev.adb.ap-sydney-1.oraclecloudapps.com/ords/btftapp_db/metadata-catalog/projWBS/item"
        },
        {
            "rel": "first",
            "href": "https://coq4hi5ehnacuc6-dotvicadwdev.adb.ap-sydney-1.oraclecloudapps.com/ords/btftapp_db/projWBS/getUserActionCounts?user_name=kalladM"
        }
    ]
}