{
    "items": [
        {
            "rule_id": 2,
            "page_name": "Subproject page",
            "role_name": "DOT Budget and Forecast App Superuser Role",
            "action_included": "EDIT",
            "page_id": 1,
            "opa_approver_level": null
        },
        {
            "rule_id": 4,
            "page_name": "WBS Allocation page",
            "role_name": "Project Accountant",
            "action_included": "EDIT",
            "page_id": 2,
            "opa_approver_level": null
        },
        {
            "rule_id": 5,
            "page_name": "WBS Allocation page",
            "role_name": "Project Manager",
            "action_included": "EDIT",
            "page_id": 2,
            "opa_approver_level": null
        },
        {
            "rule_id": 6,
            "page_name": "WBS Allocation page",
            "role_name": "Program Director",
            "action_included": "APPROVE",
            "page_id": 2,
            "opa_approver_level": 1
        },
        {
            "rule_id": 7,
            "page_name": "WBS Allocation page",
            "role_name": "DOT Budget and Forecast App Superuser Role",
            "action_included": "APPROVE",
            "page_id": 2,
            "opa_approver_level": null
        },
        {
            "rule_id": 8,
            "page_name": "WBS Allocation page",
            "role_name": "DOT Budget and Forecast App Administrator Role",
            "action_included": "POST",
            "page_id": 2,
            "opa_approver_level": null
        },
        {
            "rule_id": 12,
            "page_name": "Forecast Budget page",
            "role_name": "DOT Budget and Forecast App Superuser Role",
            "action_included": "APPROVE",
            "page_id": 5,
            "opa_approver_level": null
        },
        {
            "rule_id": 13,
            "page_name": "Forecast Budget page",
            "role_name": "Project Manager",
            "action_included": "EDIT",
            "page_id": 5,
            "opa_approver_level": null
        },
        {
            "rule_id": 14,
            "page_name": "Forecast Budget page",
            "role_name": "DOT Budget and Forecast App Administrator Role",
            "action_included": "POST",
            "page_id": 5,
            "opa_approver_level": null
        },
        {
            "rule_id": 16,
            "page_name": "Contract Budget Page",
            "role_name": "DOT Budget and Forecast App Superuser Role",
            "action_included": "APPROVE",
            "page_id": 6,
            "opa_approver_level": null
        },
        {
            "rule_id": 17,
            "page_name": "Contract Budget Page",
            "role_name": "Project Manager",
            "action_included": "EDIT",
            "page_id": 6,
            "opa_approver_level": null
        },
        {
            "rule_id": 18,
            "page_name": "Contract Budget Page",
            "role_name": "DOT Budget and Forecast App Administrator Role",
            "action_included": "POST",
            "page_id": 6,
            "opa_approver_level": null
        },
        {
            "rule_id": 19,
            "page_name": "WBS Allocation page",
            "role_name": "Project Administrator",
            "action_included": "EDIT",
            "page_id": 2,
            "opa_approver_level": null
        },
        {
            "rule_id": 20,
            "page_name": "Forecast Budget page",
            "role_name": "Project Accountant",
            "action_included": "EDIT",
            "page_id": 5,
            "opa_approver_level": null
        },
        {
            "rule_id": 21,
            "page_name": "Forecast Budget page",
            "role_name": "Project Administrator",
            "action_included": "EDIT",
            "page_id": 5,
            "opa_approver_level": null
        },
        {
            "rule_id": 22,
            "page_name": "Forecast Budget page",
            "role_name": "Project Manager",
            "action_included": "APPROVE",
            "page_id": 5,
            "opa_approver_level": 1
        },
        {
            "rule_id": 23,
            "page_name": "Admin Bulk Upload page",
            "role_name": "DOT Budget and Forecast App Administrator Role",
            "action_included": "READ",
            "page_id": 7,
            "opa_approver_level": null
        },
        {
            "rule_id": 28,
            "page_name": "Contract Budget Page",
            "role_name": "Project Manager",
            "action_included": "APPROVE",
            "page_id": 6,
            "opa_approver_level": null
        },
        {
            "rule_id": 29,
            "page_name": "Contract Budget Page",
            "role_name": "Project Accountant",
            "action_included": "EDIT",
            "page_id": 6,
            "opa_approver_level": null
        },
        {
            "rule_id": 30,
            "page_name": "Contract Budget Page",
            "role_name": "Project Administrator",
            "action_included": "EDIT",
            "page_id": 6,
            "opa_approver_level": null
        },
        {
            "rule_id": 31,
            "page_name": "Forecast Budget page",
            "role_name": "Super Accountant",
            "action_included": "APPROVE",
            "page_id": 5,
            "opa_approver_level": 5
        },
        {
            "rule_id": 32,
            "page_name": "Contract Budget Page",
            "role_name": "Super Accountant",
            "action_included": "APPROVE",
            "page_id": 6,
            "opa_approver_level": null
        },
        {
            "rule_id": 33,
            "page_name": "Subproject page",
            "role_name": "Super Accountant",
            "action_included": "EDIT",
            "page_id": 1,
            "opa_approver_level": null
        },
        {
            "rule_id": 34,
            "page_name": "WBS Allocation page",
            "role_name": "Super Accountant",
            "action_included": "APPROVE",
            "page_id": 2,
            "opa_approver_level": 4
        },
        {
            "rule_id": 35,
            "page_name": "WBS Allocation page",
            "role_name": "DOT Area Manager",
            "action_included": "ENDORSE",
            "page_id": 2,
            "opa_approver_level": null
        },
        {
            "rule_id": 36,
            "page_name": "Forecast Budget page",
            "role_name": "DOT Area Manager",
            "action_included": "ENDORSE",
            "page_id": 5,
            "opa_approver_level": null
        },
        {
            "rule_id": 37,
            "page_name": "Forecast Budget page",
            "role_name": "Program Director",
            "action_included": "APPROVE",
            "page_id": 5,
            "opa_approver_level": 2
        },
        {
            "rule_id": 38,
            "page_name": "Contract Budget Page",
            "role_name": "Program Director",
            "action_included": "APPROVE",
            "page_id": 6,
            "opa_approver_level": null
        },
        {
            "rule_id": 39,
            "page_name": "WBS Allocation page",
            "role_name": "DOT Project Executive",
            "action_included": "APPROVE",
            "page_id": 2,
            "opa_approver_level": 2
        },
        {
            "rule_id": 40,
            "page_name": "Forecast Budget page",
            "role_name": "DOT Project Executive",
            "action_included": "APPROVE",
            "page_id": 5,
            "opa_approver_level": 3
        },
        {
            "rule_id": 41,
            "page_name": "Contract Budget Page",
            "role_name": "DOT Project Executive",
            "action_included": "APPROVE",
            "page_id": 6,
            "opa_approver_level": null
        },
        {
            "rule_id": 42,
            "page_name": "WBS Allocation page",
            "role_name": "DOT Project Accountant - Finance",
            "action_included": "EDIT",
            "page_id": 2,
            "opa_approver_level": null
        },
        {
            "rule_id": 43,
            "page_name": "Forecast Budget page",
            "role_name": "DOT Project Accountant - Finance",
            "action_included": "EDIT",
            "page_id": 5,
            "opa_approver_level": null
        },
        {
            "rule_id": 44,
            "page_name": "Contract Budget Page",
            "role_name": "DOT Project Accountant - Finance",
            "action_included": "APPROVE",
            "page_id": 6,
            "opa_approver_level": null
        },
        {
            "rule_id": 45,
            "page_name": "WBS Allocation page",
            "role_name": "DOT Super Accountant - Finance",
            "action_included": "APPROVE",
            "page_id": 2,
            "opa_approver_level": 3
        },
        {
            "rule_id": 46,
            "page_name": "Forecast Budget page",
            "role_name": "DOT Super Accountant - Finance",
            "action_included": "APPROVE",
            "page_id": 5,
            "opa_approver_level": 4
        },
        {
            "rule_id": 47,
            "page_name": "Contract Budget Page",
            "role_name": "DOT Super Accountant - Finance",
            "action_included": "APPROVE",
            "page_id": 6,
            "opa_approver_level": null
        },
        {
            "rule_id": 48,
            "page_name": "Subproject page",
            "role_name": "DOT Super Accountant - Finance",
            "action_included": "EDIT",
            "page_id": 1,
            "opa_approver_level": null
        },
        {
            "rule_id": 50,
            "page_name": "WBS Allocation page",
            "role_name": "BFA Administrator",
            "action_included": "POST",
            "page_id": 2,
            "opa_approver_level": null
        },
        {
            "rule_id": 51,
            "page_name": "Forecast Budget page",
            "role_name": "BFA Administrator",
            "action_included": "POST",
            "page_id": 5,
            "opa_approver_level": null
        },
        {
            "rule_id": 52,
            "page_name": "Contract Budget Page",
            "role_name": "BFA Administrator",
            "action_included": "POST",
            "page_id": 6,
            "opa_approver_level": null
        },
        {
            "rule_id": 59,
            "page_name": "WBS Allocation page",
            "role_name": "Project Accountant",
            "action_included": "POST",
            "page_id": 2,
            "opa_approver_level": null
        }
    ],
    "hasMore": false,
    "limit": 250,
    "offset": 0,
    "count": 42,
    "links": [
        {
            "rel": "self",
            "href": "https://apps-preprod-fs.transport.vic.gov.au/ords/btftapp_db/Budgeting/role_mapping"
        },
        {
            "rel": "describedby",
            "href": "https://apps-preprod-fs.transport.vic.gov.au/ords/btftapp_db/metadata-catalog/Budgeting/item"
        },
        {
            "rel": "first",
            "href": "https://apps-preprod-fs.transport.vic.gov.au/ords/btftapp_db/Budgeting/role_mapping"
        }
    ]
}