{
    "items": [
        {
            "period_fy": "FY25",
            "forecast_budget": 10110283.95
        },
        {
            "period_fy": "FY26",
            "forecast_budget": 11090932.74
        },
        {
            "period_fy": "FY27",
            "forecast_budget": 0
        },
        {
            "period_fy": "FY28",
            "forecast_budget": 0
        },
        {
            "period_fy": "FY29",
            "forecast_budget": 0
        },
        {
            "period_fy": "FY30",
            "forecast_budget": 0
        },
        {
            "period_fy": "FY31",
            "forecast_budget": 0
        },
        {
            "period_fy": "FY32",
            "forecast_budget": 0
        },
        {
            "period_fy": "FY33",
            "forecast_budget": 0
        },
        {
            "period_fy": "FY34",
            "forecast_budget": 0
        }
    ],
    "hasMore": false,
    "limit": 25,
    "offset": 0,
    "count": 10,
    "links": [
        {
            "rel": "self",
            "href": "https://150.230.10.57:8443/ords/btftapp_db/ProjectForecast/LastPostedAllocationSummary?subprojnum=200073.22&budget_type_id=2"
        },
        {
            "rel": "describedby",
            "href": "https://150.230.10.57:8443/ords/btftapp_db/metadata-catalog/ProjectForecast/item"
        },
        {
            "rel": "first",
            "href": "https://150.230.10.57:8443/ords/btftapp_db/ProjectForecast/LastPostedAllocationSummary?subprojnum=200073.22&budget_type_id=2"
        }
    ]
}