{
    "name": "vb-application",
    "version": "1.0.0",
    "description": "VB application",
    "devDependencies": {
        "grunt": "^1.0.3",
        "grunt-cli": "^1.3.2",
        "load-grunt-tasks": "^4.0.0",
<<<<<<< Upstream, based on branch 'Phase2Dev' of https://dotvic-dev-ops-dotvic.developer.ocp.oraclecloud.com/dotvic-dev-ops-dotvic/s/dotvic-dev-ops-dotvic_dot-erp-cloud_243/scm/dot-erp-cloud-bfa-vbcs.git
        "@oracle/grunt-vb-build": "https://static.oracle.com/cdn/vb/tools/npm/grunt-vb-build/grunt-vb-build-2104.0.14.tar.gz",
        "@oracle/grunt-vb-audit": "https://static.oracle.com/cdn/vb/tools/npm/grunt-vb-audit/grunt-vb-audit-2104.0.6.tar.gz"
=======
        "@oracle/grunt-vb-build": "https://static.oracle.com/cdn/vb/tools/npm/grunt-vb-build/grunt-vb-build-2110.0.12.tar.gz",
        "@oracle/grunt-vb-audit": "https://static.oracle.com/cdn/vb/tools/npm/grunt-vb-audit/grunt-vb-audit-2110.0.6.tar.gz"
>>>>>>> 8fc5d44 Commit before pull
    },
    "com_oracle_visual_builder": {
        "upgrade": "micro"
    }
}