{
    "vbcs.dt.version": "20240618-24.10.6",
    "source.version": "2404",
    "dependencies": {
        "upgrade": "none",
        "paths": {
            "jet": "https://static.oracle.com/cdn/jet/15.1.0",
            "visualRuntime": "https://static.oracle.com/cdn/vb/2404.5.0",
            "telemetry": "https://static.oracle.com/cdn/trace/8.0.0",
            "oracleImageGallery": "https://static.oracle.com/cdn/fnd/gallery/2404.0.1"
        }
    },
    "migration": {
        "2404": [
            "SetHistoryTypeMigrator",
            "RemoveCSPMetatagMigrator",
            "MetadataRulesMigrator"
        ]
    }
}