{
  "title": "GIB Hierarchy",
  "description": "",
  "variables": {
    "allReports": {
      "type": "vb/ServiceDataProvider",
      "defaultValue": {
        "endpoint": "businessObjects/getall_ManageEmployeeHrchy",
        "responseType": "getall_ManageEmployeeHrchy",
        "itemsPath": "items",
        "uriParameters": {
          "totalResults": true
        },
        "filterCriterion": {
          "op": "$and",
          "criteria": [
            {
              "op": "$eq",
              "attribute": "reportingManager",
              "value": "{{ $variables.currentItemId }}"
            },
            {
              "op": "$eq",
              "attribute": "enabledFlag",
              "value": "true"
            }
          ]
        }
      }
    },
    "childView": {
      "type": "string",
      "input": "fromUrl",
      "onValueChanged": {
        "chains": [
          {
            "chainId": "updateSelectedView"
          }
        ]
      }
    },
    "currentEmployeeManagerVar": {
      "type": "getallManageEmployeeHrchy"
    },
    "currentItemData": {
      "type": "vb/ServiceDataProvider",
      "defaultValue": {
        "endpoint": "businessObjects/getall_ManageEmployeeHrchy",
        "responseType": "getall_ManageEmployeeHrchy",
        "itemsPath": "items",
        "filterCriterion": {
          "op": "$and",
          "criteria": [
            {
              "op": "$eq",
              "attribute": "id",
              "value": "{{ $variables.currentItemId }}"
            },
            {
              "op": "$eq",
              "attribute": "enabledFlag",
              "value": "true"
            }
          ]
        }
      }
    },
    "currentItemId": {
      "type": "number",
      "defaultValue": 1,
      "input": "fromUrl",
      "onValueChanged": {
        "chains": [
{
            "parameters": {
              "event": "{{ $event }}"
            },
            "chain": "currentItemIdListener"
          },
          {
            "chain": "loadManageEmployeeHrchyChain",
            "parameters": {
              "manageEmployeeHrchyId": "{{ $variables.currentItemId }}"
            }
          }
        ]
      }
    },
    "currentItemTemplate": {
      "type": "string",
      "defaultValue": "employee"
    },
    "manageEmployeeHrchy": {
      "type": "getManageEmployeeHrchyResponse"
    },
    "managerID": {
      "type": "any"
    },
    "parentItemData": {
      "type": "vb/ServiceDataProvider",
      "defaultValue": {
        "endpoint": "businessObjects/getall_ManageEmployeeHrchy",
        "responseType": "getall_ManageEmployeeHrchy",
        "itemsPath": "items",
        "filterCriterion": {
          "op": "$and",
          "criteria": [
            {
              "op": "$eq",
              "attribute": "id",
              "value": "{{ $variables.managerID }}"
            },
            {
              "op": "$eq",
              "attribute": "enabledFlag",
              "value": "true"
            }
          ]
        }
      }
    },
    "parentItemTemplate": {
      "type": "string",
      "defaultValue": "employee"
    },
    "selectedChildView": {
      "type": "string",
      "defaultValue": "[[ $page.variables.childView ]]",
      "onValueChanged": {
        "chains": [
          {
            "chainId": "changeChildViewActionChain"
          }
        ]
      }
    }

  },
  "metadata": {},
  "types": {
    "@decorators.getall_EmployeeManager": {
      "endpoint": "getall_EmployeeManager",
      "service": "businessObjects",
      "path": "response"
    },
    "@decorators.getall_ManageEmployeeHrchy": {
      "endpoint": "getall_ManageEmployeeHrchy",
      "service": "businessObjects",
      "path": "response"
    },
    "@decorators.getallEmployeeManager": {
      "endpoint": "getall_EmployeeManager",
      "service": "businessObjects",
      "path": "response"
    },
    "@decorators.getallManageEmployeeHrchy": {
      "endpoint": "getall_ManageEmployeeHrchy",
      "service": "businessObjects",
      "path": "response"
    },
    "@decorators.getManageEmployeeHrchyResponse": {
      "endpoint": "get_ManageEmployeeHrchy",
      "service": "businessObjects",
      "path": "response"
    },
    "action": {
      "id": "string",
      "label": "string",
      "display": "string",
      "icon": "string"
    },
    "getall_EmployeeManager": {
      "count": "number",
      "items": [
        {
          "employeeDepartment": "string",
          "employeeEmail": "string",
          "employeeID": "number",
          "employeeLocation": "string",
          "employeeName": "string",
          "employeeTitle": "string",
          "id": "number",
          "managerName": "string",
          "picture": "string",
          "reportingManager": "number"
        }
      ],
      "totalResults": "number"
    },
    "getall_ManageEmployeeHrchy": {
      "items": [
        {
          "budgetStatus": "string",
          "businessUnit": "string",
          "delegateTo": "string",
          "department": "string",
          "empGrade": "string",
          "employeeMISCode": "string",
          "employeeName": "string",
          "employeePersonNumber": "number",
          "employeePositionCode": "string",
          "enabledFlag": "boolean",
          "gender": "string",
          "gIBHireDate": "string",
          "id": "number",
          "jobCla1": "string",
          "jobCodeGrade": "string",
          "joblevel": "string",
          "legalEntity": "string",
          "location": "string",
          "managerPersonNumber": "number",
          "managerPositionID": "number",
          "nationality": "string",
          "orgDev3IdName": "string",
          "orgDev3MisBud": "string",
          "orgDevMisArea": "string",
          "orgDevPub1Title": "string",
          "parentPositionCode": "number",
          "personType": "string",
          "positionGrade": "string",
          "positionTitle": "string",
          "postionLevel": "string",
          "reportingManager": "number"

        }
      ]
    },
    "getallEmployeeManager": {
      "businessUnit": "string",
          "employeeDepartment": "string",
          "employeeEmail": "string",
          "employeeID": "number",
          "employeeLocation": "string",
          "employeeName": "string",
          "employeeTitle": "string",
          "id": "number",
          "managerName": "string",
          "picture": "string",
          "reportingManager": "number"

    },
    "getallManageEmployeeHrchy": {
      "businessUnit": "string",
      "delegateTo": "string",
      "department": "string",
      "empGrade": "string",
      "employeeMISCode": "string",
          "employeeName": "string",
          "employeePersonNumber": "number",
          "employeePositionCode": "number",
          "gIBHireDate": "string",
          "id": "number",
      "jobCla1": "string",
      "joblevel": "string",
      "legalEntity": "string",
      "managerPersonNumber": "number",
          "nationality": "string",
      "orgDevPub1Title": "string",
      "parentPositionCode": "string",
      "personType": "string",
      "positionGrade": "string",
      "positionTitle": "string"

    },
    "getManageEmployeeHrchyResponse": {
      "businessUnit": "string",
      "department": "string",
      "empGrade": "string",
      "employeeMISCode": "string",
      "employeeName": "string",
      "employeePersonNumber": "number",
      "employeePositionCode": "number",
      "gender": "string",
      "gIBHireDate": "string",
      "id": "number",
      "joblevel": "string",
      "legalEntity": "string",
      "location": "string",
      "managerPersonNumber": "number",
      "managerPositionID": "number",
      "nationality": "string",
      "parentPositionCode": "number",
      "personType": "string",
      "positionGrade": "string",
      "positionTitle": "string",
      "postionLevel": "string"

    }
  },
  "eventListeners": {
    "generaloverviewTemplateSpSecondaryAction": {
      "chains": [
        {
          "chain": "GeneralOverviewPageTemplateSpSecondaryActionChain",
          "parameters": {
            "actionId": "{{$event.detail.secondaryItem}}"
          }
        }
      ]
    },

    "onSpChangeFocusAction": {
      "chains": [
        {
          "chainId": "changeFocusActionChain",
          "parameters": {
            "focusTemplate": "{{ $event.detail.template }}",
            "focusContext": "{{ $event.detail.context }}"
          }
        }
      ]
    },
    "vbBeforeEnter": {
      "chains": [
        {
          "parameters": {},
          "chain": "vbEnterCheckUserAccessRole"
        }
      ]
    },
    "vbEnter": {
      "chains": [
{
          "parameters": {},
          "chain": "vbEnterListener"
        },
{
          "chain": "loadManageEmployeeHrchyChain",
          "parameters": {
            "manageEmployeeHrchyId": "{{ $variables.currentItemId }}"
          }
        }
      ]
    },
    "hierarchyviewerPatternCurrentItemValue": {
      "chains": [
        {
          "chain": "HierarchyViewerCurrentItemValueChangeChain",
          "parameters": {
            "currentItemValue": "{{ $event.detail.value }}",
            "detail": "[[ $event.detail ]]"
          }
        }
      ]
    }

  },
  "imports": {
    "components": {
      "oj-action-card": {
        "path": "ojs/ojactioncard"
      },
      "oj-dyn-form": {
        "path": "oj-dyn/form/loader"
      },
      "oj-dynamic-form": {
        "path": "oj-dynamic/form/loader"
      },
      "oj-form-layout": {
        "path": "ojs/ojformlayout"
      },
      "oj-input-text": {
        "path": "ojs/ojinputtext"
      },
      "oj-masonry-layout": {
        "path": "ojs/ojmasonrylayout"
      },
      "oj-sample-export-data": {
        "path": "oj-sample/export-data/loader"
      },
      "oj-sp-general-overview-page": {
        "path": "oj-sp/general-overview-page/loader"
      },
      "oj-sp-hierarchy-card": {
        "path": "oj-sp/hierarchy-card/loader"
      },
      "oj-sp-hierarchy-viewer": {
        "path": "oj-sp/hierarchy-viewer/loader"
      },
      "oj-sp-output-rich-text": {
        "path": "oj-sp/output-rich-text/loader"
      },
      "oj-sp-profile-card": {
        "path": "oj-sp/profile-card/loader"
      },
      "oj-sp-welcome-page": {
        "path": "oj-sp/welcome-page/loader"
      },
      "oj-waterfall-layout": {
        "path": "ojs/ojwaterfalllayout"
      }

    }
  },
  "security": {
    "access": {
      "requiresAuthentication": true,
      "roles": [
      ]
    }
  }
}
