{
  "defaultPage" : "shell",
  "types" : {
    "@decorators.MenuFunctionType": {
      "endpoint": "getMenufunctions",
      "service": "ordsBtftapp",
      "path": "response"
    },
    "@decorators.ProjectDetailsType": {
      "endpoint": "getGetProjectTaskDetails",
      "service": "icApi",
      "path": "response"
    },
    "@decorators.version_representation": {
      "endpoint": "version_representation",
      "service": "businessObjects",
      "path": "response"
    },
    "FYObjectType": {
      "fy_name": "string",
      "fy_value": "number"
    },
    "MenuFunctionType": {
          "function_id": "number",
          "image_path": "string",
          "name": "string",
      "navigation_path": "string",
      "parameters": "object",
      "parent_function_id": "number"
    },
    "ProjectDetailsType": {
              "ProjectId": "string",
              "ProjectNumber": "string",
              "ProjectRoleName": "string"
     
    },
    "searchCombType": {
      "combination_id": "number"
    },
    "version_representation": {
      "adf:extension": {
        "allowedFrameworkVersions": "string[]",
        "defaultFrameworkVersion": "string"
      },
      "isLatest": "boolean",
      "lifecycle": "string",
      "links": [
        {
          "href": "string",
          "kind": "string",
          "name": "string",
          "rel": "string"
        }
      ],
      "version": "string"
    }

  },
  "variables" : {
    "adminAccess": {
      "type": "boolean",
      "defaultValue": false
    },
    "appAccess": {
      "type": "boolean",
      "defaultValue": false
    },
    "searchContextADP": {
        "type": "vb/ArrayDataProvider2",
        "defaultValue": {
          "itemType": "searchCombType",
          "keyAttributes": "combination_id"
        },
        "rateLimit": {
          "timeout": 500
        }
      },
    "assignedProjectsArr": {
      "type": "ProjectDetailsType[]"
    },
    "assignedRolesArr": {
      "type": "string[]"
    },
    "authority_budget_amt": {
      "type": "string"
    },
    "authority_code": {
      "type": "string",
      "persisted": "session"
    },
    "authority_name": {
      "type": "string",
      "persisted": "session"
    },
    "base_project_number": {
      "type": "string",
      "persisted": "session"
    },
    "budget_id": {
      "type": "string"
    },
    "comingFromShell": {
      "type": "boolean"
    },
    "configVal": {
      "type": "object"
    },
    "cost_center": {
      "type": "string",
      "persisted": "session"
    },
    "cost_center_name": {
      "type": "string",
      "persisted": "session"
    },
    "endDateFormatted": {
      "type": "string"
    },
    "fyADP": {
      "type": "vb/ArrayDataProvider2",
      "defaultValue": {
        "itemType": "FYObjectType",
        "keyAttributes": "fy_name"
      }
    },
    "fyArrary": {
      "type": "string[]"
    },
    "initialLoad" : {
      "type" : "string",
      "defaultValue" : "Yes"
    },
    "initiative_code": {
      "type": "string",
      "persisted": "session"
    },
    "initiative_name": {
      "type": "string",
      "persisted": "session"
    },
    "isPerformMode": {
      "type": "boolean"
    },
    "menuADP": {
      "type": "vb/ArrayDataProvider2",
      "defaultValue": {
        "itemType": "MenuFunctionType",
        "keyAttributes": "function_id"
      }
    },
    "menuDataADP": {
      "type": "vb/ArrayDataProvider2",
      "defaultValue": {}
    },
    "menuDataTreeArr": {
      "type": "object[]"
    },
    "menuFunctionLinkParameters": {
      "type": "object",
      "input": "fromCaller"
    },
    "menuItemClickId": {
      "type": "number"
    },
    "menuItemClickName": {
      "type": "string"
    },
    "ourTree": {
      "type": "any"
    },
    "periodList": {
      "type": "any"
    },
    "project_enddate": {
      "type": "string"
    },
    "project_name": {
      "type": "string",
      "persisted": "session"
    },
    "project_number": {
      "type": "string"
    },
    "project_startdate": {
      "type": "string"
    },
    "resourceID": {
      "type": "string"
    },
    "restrictedProjects": {	
      "type": "string"
    },
    "RetryErrorStatusArray": {
      "type": "number[]",
      "defaultValue": [
        503
      ]
    },
    "retryItemsArray": {
      "type": "number[]"
    },
    "searchedCombinationLst": {
      "type": "any"
    },
    "searchPageFilter": {
      "type": {
        "selAuthCode": "string",
        "selCostCode": "string",
        "selinitCode": "string",
        "selPrjCode": "string"
      }
    },
    "searchParamsObj": {
      "type": {
        "budget_type_id": "number",
        "search_category": "string",
        "searchProjNum": "any",
        "status": "string"
      },
      "defaultValue": {
        "status": "-1"
      }
    },
    "selectedBaseProjDet": {
      "type": "any",
      "persisted": "session"
    },
    "startDateFormatted": {
      "type": "string"
    },
    "sub_proj_status": {
      "type": "string"
    },
    "subProject_name": {
      "type": "string"
    },
    "subrojectDet": {
      "type": "object[]"
    },
    "taskCode": {
      "type": "string"
    },
    "TEIamount": {
      "type": "string"
    }

  },
  "security" : { },
  "chains" : {
  },
  "translations" : {
    "app" : {
      "path" : "./resources/strings/app/nls/app-strings"
    }
  },
  "description" : "A new VB app",
  "id" : "starter",
  "services" : {
  },
  "userConfig" : {
    "type" : "vb/DefaultSecurityProvider",
    "configuration" : {
      "authentication" : {
        "type" : "oraclecloud"
      }
    },
    "embedding" : "deny"
  },
  "logConfig": {
    "level": "error"
  },
  "eventListeners": {
    "vbEnter": {
      "chains": [
        {
          "chainId": "initLoad",
          "parameters": {}
        }
      ]
    }
  },
  "requirejs": {
    "paths": {
      "oj-ext": "build/components/oj-ext/2.2.3"
    }
  },
  "imports": {
    "css": [
      "https://static.oracle.com/cdn/vb/vb-icon-font/1/vb-icon-font.css",
      "https://static.oracle.com/cdn/fnd/gallery/2107.2.0/images/iconfont/ojuxIconFont.min.css"
    ],
    "components": {
      "oj-validation-base": {
        "path": "ojs/ojvalidation-base"
      },
      "oj-validation-datetime": {
        "path": "ojs/ojvalidation-datetime"
      },
      "oj-validation-number": {
        "path": "ojs/ojvalidation-number"
      }
    }
  }
}
