{

    "description": "Creating Business Object to store employee and their manager details",
    "fields": [
        {
            "type": "number",
            "name": "id",
            "internal": false,
            "key": true,
            "oid": "44a976b9-325e-4e16-b8f4-8cf3add2ebb2",
            "required": true,
            "unique": true,
            "displayLabel": "Id"
        },
        {
            "type": "datetime",
            "name": "creationDate",
            "internal": false,
            "oid": "71c07278-3400-4dd0-bb5c-35b6743fd2dc",
            "displayLabel": "Created",
            "historyType": "timeCreated"
        },
        {
            "type": "datetime",
            "name": "lastUpdateDate",
            "internal": false,
            "oid": "a90a143e-2865-4f76-97f6-7b444aa67d17",
            "displayLabel": "Last Updated",
            "historyType": "timeUpdated"
        },
        {
            "type": "string",
            "name": "createdBy",
            "internal": false,
            "oid": "c8a9afb7-5267-4709-9af6-95f3bcf271a4",
            "displayLabel": "Created By",
            "historyType": "createdBy"
        },
        {
            "type": "string",
            "name": "lastUpdatedBy",
            "internal": false,
            "oid": "d0178abf-abe3-45ce-92e2-2578dd6c2fd9",
            "displayLabel": "Last Updated By",
            "historyType": "updatedBy"
        },
        {
            "type": "number",
            "name": "versionNumber",
            "internal": false,
            "oid": "897456e4-8f20-4175-afd5-b206dcea881d",
            "displayLabel": "Version Number",
            "historyType": "versionNumber"
        },
        {
            "type": "string",
            "name": "employeePositionCode",
            "oid": "af662d03-5213-4136-b0c8-974da5be0529",
            "displayLabel": "Employee Position Code"
        },
        {
            "type": "number",
            "name": "parentPositionCode",
            "oid": "f98108b5-0286-4a51-ac71-4472917e606b",
            "displayLabel": "Parent Position Code"
        },
        {
            "type": "number",
            "name": "managerPositionID",
            "oid": "6216ec6f-c0a6-41f6-95e0-2af26f3c5233",
            "displayLabel": "Manager Position ID"
        },
        {
            "type": "number",
            "name": "managerPersonNumber",
            "oid": "3077a455-999a-4377-b408-d24aca7f319a",
            "displayLabel": "Manager Person Number"
        },
        {
            "type": "string",
            "name": "positionTitle",
            "oid": "a7fc0d5a-87ce-4f18-9bea-116c5a0dbbd9",
            "displayLabel": "Position Title"
        },
        {
            "type": "string",
            "name": "employeeName",
            "oid": "222c4cf6-714f-49af-b64c-a80298d03de1",
            "displayLabel": "Employee Name"
        },
        {
            "type": "number",
            "name": "employeePersonNumber",
            "oid": "34e70bb1-f7db-4887-97cc-e83d35116620",
            "displayLabel": "Employee Person Number"
        },
        {
            "type": "string",
            "name": "gIBHireDate",
            "oid": "0a9c851e-3c75-4aa3-baaf-bf20537cf5a9",
            "displayLabel": "GIB Hire Date"
        },
        {
            "type": "string",
            "name": "nationality",
            "oid": "47822f7c-cb0c-4506-840b-76d87d028ee1",
            "displayLabel": "Nationality"
        },
        {
            "type": "string",
            "name": "personType",
            "oid": "1a3309a0-be16-472a-8d65-950ca4c29174",
            "displayLabel": "Person Type"
        },
        {
            "type": "string",
            "name": "employeeMISCode",
            "oid": "21a6db47-830e-466f-80a2-026828e64a13",
            "displayLabel": "Employee MIS Code"
        },
        {
            "type": "string",
            "name": "legalEntity",
            "oid": "21c75fa1-7fb8-46ac-a4c8-f33fa1679e43",
            "displayLabel": "Legal Entity"
        },
        {
            "type": "number",
            "name": "reportingManager",
            "oid": "c5803d6b-f874-42ad-879a-69c281b67d2e",
            "displayLabel": "Reporting Manager"
        },
{
            "type": "string",
            "name": "gender",
            "oid": "d5edc1c2-45ee-433b-a5a5-056b8b273596",
            "displayLabel": "gender"
        },
        {
            "type": "string",
            "name": "location",
            "oid": "f0f1d26c-48d8-4d09-98b8-4109ca229865",
            "displayLabel": "location"
        }        ,
        {
            "type": "string",
            "name": "joblevel",
            "oid": "0942bf07-d698-4bef-bc0f-b61696a5d932",
            "displayLabel": "Job level"
        }        ,
        {
            "type": "string",
            "name": "postionLevel",
            "oid": "b9214bcd-827e-47ee-b6a5-05b81faa3f46",
            "displayLabel": "postionLevel"
        },
        {
            "type": "string",
            "name": "empGrade",
            "oid": "8a46a2ac-52f7-4294-87df-9bfc99462324",
            "displayLabel": "empGrade"
        }        ,
        {
            "type": "string",
            "name": "positionGrade",
            "oid": "d30748a8-2394-4630-afbb-6e0ff319e3c5",
            "displayLabel": "positionGrade"
        }        ,
{
            "type": "string",
            "name": "department",
            "oid": "271d7af0-cd66-424e-9bd6-d5d00d009998",
            "displayLabel": "Department"
        },
        {
            "type": "string",
            "name": "businessUnit",
            "oid": "0aba0cdf-19d7-42d9-bdad-87d971f36fb9",
            "displayLabel": "businessUnit"
        }        ,
        {
            "type": "string",
            "name": "budgetStatus",
            "oid": "45a2c8e0-2afc-41cd-b9b7-1ab0f49f6887",
            "displayLabel": "budgetStatus"
        }        ,
        {
            "type": "string",
            "name": "delegateTo",
            "oid": "6c636dc2-4830-4695-a649-b1841c178d9f",
            "displayLabel": "delegateTo"
        }        ,
        {
            "type": "string",
            "name": "jobCla1",
            "oid": "2ecedab5-d398-4b2a-b3e7-37066301af9d",
            "displayLabel": "jobCla1"
        }        ,
        {
            "type": "string",
            "name": "orgDevPub1Title",
            "oid": "875c8934-90f3-4691-91b6-22eca3ac422c",
            "displayLabel": "orgDevPub1Title"
        }        ,
        {
            "type": "string",
            "name": "orgDev3IdName",
            "oid": "3fe132f4-4acf-4a2b-8f9c-90f7f6ad6b27",
            "displayLabel": "orgDev3IdName"
        }        ,
{
            "type": "string",
            "name": "orgDev3MisBud",
            "oid": "fdb618c9-69b1-4653-a895-1c2eb4384327",
            "displayLabel": "orgDev3MisBud"
        },
        {
            "type": "string",
            "name": "jobCodeGrade",
            "oid": "94d79e3c-8d48-43fe-a493-e1308b0c188b",
            "displayLabel": "jobCodeGrade"
        }        ,
{
            "type": "string",
            "name": "orgDevMisArea",
            "oid": "4e5bd28f-af81-4cf4-a38b-f8e9c738177e",
            "displayLabel": "orgDevMisArea"
        },
        {
            "type": "boolean",
            "name": "enabledFlag",
            "oid": "25aa3860-5c0e-4282-ad06-31e3975459d3",
            "displayLabel": "enabledFlag"
        }
    ],
    "name": "ManageEmployeeHrchy",
    "oid": "0cb5c539-cb57-4637-9471-90e44e99ed74",
    "displayLabel": "Manage Employee Hierarchy"
}