{
    "items": [
        {
            "value": "300000004299779",
            "label": "100074.19 Project Hail 18/19",
            "project_num": "100074.19",
            "matching_source": "PRM_SUBPROJECT,PRM_TASK"
        }
    ],
    "hasMore": false,
    "limit": 25,
    "offset": 0,
    "count": 1,
    "links": [
        {
            "rel": "self",
            "href": "https://coq4hi5ehnacuc6-dotvicadwdev.adb.ap-sydney-1.oraclecloudapps.com/ords/btftapp_db/ProjectSearch/search_context?assigned_projects=300000004299779%2C+300000004287423&search_text=19+hail"
        },
        {
            "rel": "describedby",
            "href": "https://coq4hi5ehnacuc6-dotvicadwdev.adb.ap-sydney-1.oraclecloudapps.com/ords/btftapp_db/metadata-catalog/ProjectSearch/item"
        },
        {
            "rel": "first",
            "href": "https://coq4hi5ehnacuc6-dotvicadwdev.adb.ap-sydney-1.oraclecloudapps.com/ords/btftapp_db/ProjectSearch/search_context?assigned_projects=300000004299779%2C+300000004287423&search_text=19+hail"
        }
    ]
}