{
    "items": [
        {
            "ALLOCATION_ID": 53450,
            "SEGMENT_CODE3": "2077",
            "SEGMENT_CODE4": "1447",
            "SEGMENT_CODE5": "3120",
            "SEGMENT_CODE6": "200065",
            "SEGMENT_CODE10": "200065.99",
            "SEGMENT_CODE11": "01.01.01",
            "SEGMENT_CODE12": "300000003483848",
            "PROJECT_ALLOCATION_AMOUNT": 10000,
            "PROJECT_BUDGET_AMOUNT": 0,
            "PERIOD_CODE": 202102,
            "PERIOD_NAME": "Aug-20",
            "STATUS": "Posted",
            "PERIOD_FY": "FY21"
        },
        {
            "ALLOCATION_ID": 53451,
            "SEGMENT_CODE3": "2077",
            "SEGMENT_CODE4": "1447",
            "SEGMENT_CODE5": "3120",
            "SEGMENT_CODE6": "200065",
            "SEGMENT_CODE10": "200065.99",
            "SEGMENT_CODE11": "01.01.01",
            "SEGMENT_CODE12": "300000003483848",
            "PROJECT_ALLOCATION_AMOUNT": 30429,
            "PROJECT_BUDGET_AMOUNT": 0,
            "PERIOD_CODE": 202104,
            "PERIOD_NAME": "Oct-20",
            "STATUS": "Posted",
            "PERIOD_FY": "FY21"
        },
        {
            "ALLOCATION_ID": 53452,
            "SEGMENT_CODE3": "2077",
            "SEGMENT_CODE4": "1447",
            "SEGMENT_CODE5": "3120",
            "SEGMENT_CODE6": "200065",
            "SEGMENT_CODE10": "200065.99",
            "SEGMENT_CODE11": "01.01.01",
            "SEGMENT_CODE12": "300000003483848",
            "PROJECT_ALLOCATION_AMOUNT": 37000,
            "PROJECT_BUDGET_AMOUNT": 0,
            "PERIOD_CODE": 202103,
            "PERIOD_NAME": "Sep-20",
            "STATUS": "Posted",
            "PERIOD_FY": "FY21"
        },
        {
            "ALLOCATION_ID": 53963,
            "SEGMENT_CODE3": "2077",
            "SEGMENT_CODE4": "1573",
            "SEGMENT_CODE5": "2020",
            "SEGMENT_CODE6": "200418",
            "SEGMENT_CODE10": "200418.01",
            "SEGMENT_CODE11": "01.01.01",
            "SEGMENT_CODE12": "300000003483923",
            "PROJECT_ALLOCATION_AMOUNT": 200000,
            "PROJECT_BUDGET_AMOUNT": 0,
            "PERIOD_CODE": 202110,
            "PERIOD_NAME": "Apr-21",
            "STATUS": "Posted",
            "PERIOD_FY": "FY21"
        },
        {
            "ALLOCATION_ID": 53964,
            "SEGMENT_CODE3": "2077",
            "SEGMENT_CODE4": "1573",
            "SEGMENT_CODE5": "2020",
            "SEGMENT_CODE6": "200418",
            "SEGMENT_CODE10": "200418.01",
            "SEGMENT_CODE11": "01.01.01",
            "SEGMENT_CODE12": "300000003483923",
            "PROJECT_ALLOCATION_AMOUNT": 100000,
            "PROJECT_BUDGET_AMOUNT": 0,
            "PERIOD_CODE": 202106,
            "PERIOD_NAME": "Dec-20",
            "STATUS": "Posted",
            "PERIOD_FY": "FY21"
        },
        {
            "ALLOCATION_ID": 53965,
            "SEGMENT_CODE3": "2077",
            "SEGMENT_CODE4": "1573",
            "SEGMENT_CODE5": "2020",
            "SEGMENT_CODE6": "200418",
            "SEGMENT_CODE10": "200418.01",
            "SEGMENT_CODE11": "01.01.01",
            "SEGMENT_CODE12": "300000003483923",
            "PROJECT_ALLOCATION_AMOUNT": 250000,
            "PROJECT_BUDGET_AMOUNT": 0,
            "PERIOD_CODE": 202108,
            "PERIOD_NAME": "Feb-21",
            "STATUS": "Posted",
            "PERIOD_FY": "FY21"
        },
        {
            "ALLOCATION_ID": 53966,
            "SEGMENT_CODE3": "2077",
            "SEGMENT_CODE4": "1573",
            "SEGMENT_CODE5": "2020",
            "SEGMENT_CODE6": "200418",
            "SEGMENT_CODE10": "200418.01",
            "SEGMENT_CODE11": "01.01.01",
            "SEGMENT_CODE12": "300000003483923",
            "PROJECT_ALLOCATION_AMOUNT": 100000,
            "PROJECT_BUDGET_AMOUNT": 0,
            "PERIOD_CODE": 202107,
            "PERIOD_NAME": "Jan-21",
            "STATUS": "Posted",
            "PERIOD_FY": "FY21"
        },
        {
            "ALLOCATION_ID": 53967,
            "SEGMENT_CODE3": "2077",
            "SEGMENT_CODE4": "1573",
            "SEGMENT_CODE5": "2020",
            "SEGMENT_CODE6": "200418",
            "SEGMENT_CODE10": "200418.01",
            "SEGMENT_CODE11": "01.01.01",
            "SEGMENT_CODE12": "300000003483923",
            "PROJECT_ALLOCATION_AMOUNT": 200000,
            "PROJECT_BUDGET_AMOUNT": 0,
            "PERIOD_CODE": 202112,
            "PERIOD_NAME": "Jun-21",
            "STATUS": "Posted",
            "PERIOD_FY": "FY21"
        },
        {
            "ALLOCATION_ID": 53968,
            "SEGMENT_CODE3": "2077",
            "SEGMENT_CODE4": "1573",
            "SEGMENT_CODE5": "2020",
            "SEGMENT_CODE6": "200418",
            "SEGMENT_CODE10": "200418.01",
            "SEGMENT_CODE11": "01.01.01",
            "SEGMENT_CODE12": "300000003483923",
            "PROJECT_ALLOCATION_AMOUNT": 250000,
            "PROJECT_BUDGET_AMOUNT": 0,
            "PERIOD_CODE": 202109,
            "PERIOD_NAME": "Mar-21",
            "STATUS": "Posted",
            "PERIOD_FY": "FY21"
        },
        {
            "ALLOCATION_ID": 53969,
            "SEGMENT_CODE3": "2077",
            "SEGMENT_CODE4": "1573",
            "SEGMENT_CODE5": "2020",
            "SEGMENT_CODE6": "200418",
            "SEGMENT_CODE10": "200418.01",
            "SEGMENT_CODE11": "01.01.01",
            "SEGMENT_CODE12": "300000003483923",
            "PROJECT_ALLOCATION_AMOUNT": 200000,
            "PROJECT_BUDGET_AMOUNT": 0,
            "PERIOD_CODE": 202111,
            "PERIOD_NAME": "May-21",
            "STATUS": "Posted",
            "PERIOD_FY": "FY21"
        },
        {
            "ALLOCATION_ID": 53970,
            "SEGMENT_CODE3": "2077",
            "SEGMENT_CODE4": "1573",
            "SEGMENT_CODE5": "2020",
            "SEGMENT_CODE6": "200418",
            "SEGMENT_CODE10": "200418.01",
            "SEGMENT_CODE11": "01.01.01",
            "SEGMENT_CODE12": "300000003483923",
            "PROJECT_ALLOCATION_AMOUNT": 150000,
            "PROJECT_BUDGET_AMOUNT": 0,
            "PERIOD_CODE": 202105,
            "PERIOD_NAME": "Nov-20",
            "STATUS": "Posted",
            "PERIOD_FY": "FY21"
        },
        {
            "ALLOCATION_ID": 53971,
            "SEGMENT_CODE3": "2077",
            "SEGMENT_CODE4": "1573",
            "SEGMENT_CODE5": "2020",
            "SEGMENT_CODE6": "200418",
            "SEGMENT_CODE10": "200418.01",
            "SEGMENT_CODE11": "01.01.01",
            "SEGMENT_CODE12": "300000003483923",
            "PROJECT_ALLOCATION_AMOUNT": 150000,
            "PROJECT_BUDGET_AMOUNT": 0,
            "PERIOD_CODE": 202104,
            "PERIOD_NAME": "Oct-20",
            "STATUS": "Posted",
            "PERIOD_FY": "FY21"
        },
        {
            "ALLOCATION_ID": 44965,
            "SEGMENT_CODE3": "1680",
            "SEGMENT_CODE4": "1170",
            "SEGMENT_CODE5": "3120",
            "SEGMENT_CODE6": "200073",
            "SEGMENT_CODE10": "200073.92",
            "SEGMENT_CODE11": "05.18.01",
            "SEGMENT_CODE12": "300000003483959",
            "PROJECT_ALLOCATION_AMOUNT": 84395500,
            "PROJECT_BUDGET_AMOUNT": 0,
            "PERIOD_CODE": 201910,
            "PERIOD_NAME": "Apr-19",
            "STATUS": "Posted",
            "PERIOD_FY": "FY19"
        },
        {
            "ALLOCATION_ID": 44966,
            "SEGMENT_CODE3": "1680",
            "SEGMENT_CODE4": "1170",
            "SEGMENT_CODE5": "3120",
            "SEGMENT_CODE6": "200073",
            "SEGMENT_CODE10": "200073.92",
            "SEGMENT_CODE11": "05.18.01",
            "SEGMENT_CODE12": "300000003483959",
            "PROJECT_ALLOCATION_AMOUNT": 12419500,
            "PROJECT_BUDGET_AMOUNT": 0,
            "PERIOD_CODE": 201912,
            "PERIOD_NAME": "Jun-19",
            "STATUS": "Posted",
            "PERIOD_FY": "FY19"
        }
    ]
}