{
    "items": [
        {
            "proj_name": "HCMT & Depot Development",
            "proj_number": "200073.20",
            "proj_st_dt": "2015-05-01T00:00:00Z",
            "proj_end_dt": null
        },
        {
            "proj_name": "HCMT & Depot Delivery",
            "proj_number": "200073.22",
            "proj_st_dt": "2016-07-01T00:00:00Z",
            "proj_end_dt": null
        },
        {
            "proj_name": "HCMT State Retained Asset (RA)",
            "proj_number": "200073.92",
            "proj_st_dt": "2016-07-01T00:00:00Z",
            "proj_end_dt": null
        }
    ],
    "hasMore": false,
    "limit": 10000,
    "offset": 0,
    "count": 3,
    "links": [
        {
            "rel": "self",
            "href": "https://coq4hi5ehnacuc6-dotvicadwdev.adb.ap-sydney-1.oraclecloudapps.com/ords/btftapp_db/projWBS/getERPProjectListForEPMProjectAuth?base_project_auth=3120&base_project_cc=1680&base_project=200073"
        },
        {
            "rel": "describedby",
            "href": "https://coq4hi5ehnacuc6-dotvicadwdev.adb.ap-sydney-1.oraclecloudapps.com/ords/btftapp_db/metadata-catalog/projWBS/item"
        },
        {
            "rel": "first",
            "href": "https://coq4hi5ehnacuc6-dotvicadwdev.adb.ap-sydney-1.oraclecloudapps.com/ords/btftapp_db/projWBS/getERPProjectListForEPMProjectAuth?base_project_auth=3120&base_project_cc=1680&base_project=200073"
        }
    ]
}