{
    "items": [
        {
            "initiative_code": "1022",
            "initiative": "MR4 capital works (VicTrack assets)",
            "authority_code": "3120",
            "authority": "DOT Additions to the Net Asset Base",
            "base_project_number": "200067",
            "cost_centre_code": "2063",
            "cost_centre": "Metro Trains",
            "sub_project_number": "200067.01",
            "sub_project": "MR4 Train capital works (VicTrack assets)",
            "business_unit": "DoT",
            "project_start_date": "01-Jan-2019",
            "project_end_date": "30-Jun-2024",
            "budget_type_name": "Forecast Budget",
            "allocation_batch_number": null,
            "parent_batch_number": null,
            "status": "Not Allocated",
            "status_date": null,
            "version_name": null,
            "current_fy_cost": 0,
            "budget_summary": [
                {
                    "period_fy": "0",
                    "wbs_budget": 288254709.71,
                    "forecast_budget": 0
                },
                {
                    "period_fy": "FY22",
                    "wbs_budget": 0,
                    "forecast_budget": 0
                },
                {
                    "period_fy": "FY23",
                    "wbs_budget": 0,
                    "forecast_budget": 0
                },
                {
                    "period_fy": "FY24",
                    "wbs_budget": 0,
                    "forecast_budget": 0
                },
                {
                    "period_fy": "FY25",
                    "wbs_budget": 0,
                    "forecast_budget": 0
                },
                {
                    "period_fy": "FY26",
                    "wbs_budget": 0,
                    "forecast_budget": 0
                },
                {
                    "period_fy": "FY27",
                    "wbs_budget": 0,
                    "forecast_budget": 0
                },
                {
                    "period_fy": "FY28",
                    "wbs_budget": 0,
                    "forecast_budget": 0
                },
                {
                    "period_fy": "FY29",
                    "wbs_budget": 0,
                    "forecast_budget": 0
                },
                {
                    "period_fy": "FY30",
                    "wbs_budget": 0,
                    "forecast_budget": 0
                },
                {
                    "period_fy": "FY31",
                    "wbs_budget": 0,
                    "forecast_budget": 0
                }
            ],
            "budget_data": [
                {
                    "task_number": "01.01.01",
                    "expenditure_type_name": "Acc Depn RoU Buildings Non PSL",
                    "expenditure_type_id": "300000003880233",
                    "project_start_date": "01-JAN-2019",
                    "project_end_date": "30-JUN-2024",
                    "task_start_date": "01-JAN-2019",
                    "task_end_date": "30-JUN-2024",
                    "period_fy": "FY22",
                    "mcal_year": 2022,
                    "jul": 0,
                    "aug": 0,
                    "sep": 0,
                    "oct": 0,
                    "nov": 0,
                    "dec": 0,
                    "jan": 0,
                    "feb": 0,
                    "mar": 0,
                    "apr": 0,
                    "may": 0,
                    "jun": 0
                },
                {
                    "task_number": "01.01.01",
                    "expenditure_type_name": "Acc Depn RoU Buildings Non PSL",
                    "expenditure_type_id": "300000003880233",
                    "project_start_date": "01-JAN-2019",
                    "project_end_date": "30-JUN-2024",
                    "task_start_date": "01-JAN-2019",
                    "task_end_date": "30-JUN-2024",
                    "period_fy": "FY23",
                    "mcal_year": 2023,
                    "jul": 0,
                    "aug": 0,
                    "sep": 0,
                    "oct": 0,
                    "nov": 0,
                    "dec": 0,
                    "jan": 0,
                    "feb": 0,
                    "mar": 0,
                    "apr": 0,
                    "may": 0,
                    "jun": 0
                },
                {
                    "task_number": "01.01.01",
                    "expenditure_type_name": "Acc Depn RoU Buildings Non PSL",
                    "expenditure_type_id": "300000003880233",
                    "project_start_date": "01-JAN-2019",
                    "project_end_date": "30-JUN-2024",
                    "task_start_date": "01-JAN-2019",
                    "task_end_date": "30-JUN-2024",
                    "period_fy": "FY24",
                    "mcal_year": 2024,
                    "jul": 0,
                    "aug": 0,
                    "sep": 0,
                    "oct": 0,
                    "nov": 0,
                    "dec": 0,
                    "jan": 0,
                    "feb": 0,
                    "mar": 0,
                    "apr": 0,
                    "may": 0,
                    "jun": 0
                },
                {
                    "task_number": "01.01.01",
                    "expenditure_type_name": "Acc Depn RoU Buildings Non PSL",
                    "expenditure_type_id": "300000003880233",
                    "project_start_date": "01-JAN-2019",
                    "project_end_date": "30-JUN-2024",
                    "task_start_date": "01-JAN-2019",
                    "task_end_date": "30-JUN-2024",
                    "period_fy": "FY25",
                    "mcal_year": 2025,
                    "jul": 0,
                    "aug": 0,
                    "sep": 0,
                    "oct": 0,
                    "nov": 0,
                    "dec": 0,
                    "jan": 0,
                    "feb": 0,
                    "mar": 0,
                    "apr": 0,
                    "may": 0,
                    "jun": 0
                },
                {
                    "task_number": "01.01.01",
                    "expenditure_type_name": "Acc Depn RoU Buildings Non PSL",
                    "expenditure_type_id": "300000003880233",
                    "project_start_date": "01-JAN-2019",
                    "project_end_date": "30-JUN-2024",
                    "task_start_date": "01-JAN-2019",
                    "task_end_date": "30-JUN-2024",
                    "period_fy": "FY26",
                    "mcal_year": 2026,
                    "jul": 0,
                    "aug": 0,
                    "sep": 0,
                    "oct": 0,
                    "nov": 0,
                    "dec": 0,
                    "jan": 0,
                    "feb": 0,
                    "mar": 0,
                    "apr": 0,
                    "may": 0,
                    "jun": 0
                },
                {
                    "task_number": "01.01.01",
                    "expenditure_type_name": "Acc Depn RoU Buildings Non PSL",
                    "expenditure_type_id": "300000003880233",
                    "project_start_date": "01-JAN-2019",
                    "project_end_date": "30-JUN-2024",
                    "task_start_date": "01-JAN-2019",
                    "task_end_date": "30-JUN-2024",
                    "period_fy": "FY27",
                    "mcal_year": 2027,
                    "jul": 0,
                    "aug": 0,
                    "sep": 0,
                    "oct": 0,
                    "nov": 0,
                    "dec": 0,
                    "jan": 0,
                    "feb": 0,
                    "mar": 0,
                    "apr": 0,
                    "may": 0,
                    "jun": 0
                },
                {
                    "task_number": "01.01.01",
                    "expenditure_type_name": "Acc Depn RoU Buildings Non PSL",
                    "expenditure_type_id": "300000003880233",
                    "project_start_date": "01-JAN-2019",
                    "project_end_date": "30-JUN-2024",
                    "task_start_date": "01-JAN-2019",
                    "task_end_date": "30-JUN-2024",
                    "period_fy": "FY28",
                    "mcal_year": 2028,
                    "jul": 0,
                    "aug": 0,
                    "sep": 0,
                    "oct": 0,
                    "nov": 0,
                    "dec": 0,
                    "jan": 0,
                    "feb": 0,
                    "mar": 0,
                    "apr": 0,
                    "may": 0,
                    "jun": 0
                },
                {
                    "task_number": "01.01.01",
                    "expenditure_type_name": "Acc Depn RoU Buildings Non PSL",
                    "expenditure_type_id": "300000003880233",
                    "project_start_date": "01-JAN-2019",
                    "project_end_date": "30-JUN-2024",
                    "task_start_date": "01-JAN-2019",
                    "task_end_date": "30-JUN-2024",
                    "period_fy": "FY29",
                    "mcal_year": 2029,
                    "jul": 0,
                    "aug": 0,
                    "sep": 0,
                    "oct": 0,
                    "nov": 0,
                    "dec": 0,
                    "jan": 0,
                    "feb": 0,
                    "mar": 0,
                    "apr": 0,
                    "may": 0,
                    "jun": 0
                },
                {
                    "task_number": "01.01.01",
                    "expenditure_type_name": "Acc Depn RoU Buildings Non PSL",
                    "expenditure_type_id": "300000003880233",
                    "project_start_date": "01-JAN-2019",
                    "project_end_date": "30-JUN-2024",
                    "task_start_date": "01-JAN-2019",
                    "task_end_date": "30-JUN-2024",
                    "period_fy": "FY30",
                    "mcal_year": 2030,
                    "jul": 0,
                    "aug": 0,
                    "sep": 0,
                    "oct": 0,
                    "nov": 0,
                    "dec": 0,
                    "jan": 0,
                    "feb": 0,
                    "mar": 0,
                    "apr": 0,
                    "may": 0,
                    "jun": 0
                },
                {
                    "task_number": "01.01.01",
                    "expenditure_type_name": "Acc Depn RoU Buildings Non PSL",
                    "expenditure_type_id": "300000003880233",
                    "project_start_date": "01-JAN-2019",
                    "project_end_date": "30-JUN-2024",
                    "task_start_date": "01-JAN-2019",
                    "task_end_date": "30-JUN-2024",
                    "period_fy": "FY31",
                    "mcal_year": 2031,
                    "jul": 0,
                    "aug": 0,
                    "sep": 0,
                    "oct": 0,
                    "nov": 0,
                    "dec": 0,
                    "jan": 0,
                    "feb": 0,
                    "mar": 0,
                    "apr": 0,
                    "may": 0,
                    "jun": 0
                },
                {
                    "task_number": "01.01.01",
                    "expenditure_type_name": "Rail Infrastructure Asset CIP Clearing",
                    "expenditure_type_id": "300000003483848",
                    "project_start_date": "01-JAN-2019",
                    "project_end_date": "30-JUN-2024",
                    "task_start_date": "01-JAN-2019",
                    "task_end_date": "30-JUN-2024",
                    "period_fy": "FY22",
                    "mcal_year": 2022,
                    "jul": 0,
                    "aug": 0,
                    "sep": 0,
                    "oct": 0,
                    "nov": 0,
                    "dec": 0,
                    "jan": 0,
                    "feb": 0,
                    "mar": 0,
                    "apr": 0,
                    "may": 0,
                    "jun": 0
                },
                {
                    "task_number": "01.01.01",
                    "expenditure_type_name": "Rail Infrastructure Asset CIP Clearing",
                    "expenditure_type_id": "300000003483848",
                    "project_start_date": "01-JAN-2019",
                    "project_end_date": "30-JUN-2024",
                    "task_start_date": "01-JAN-2019",
                    "task_end_date": "30-JUN-2024",
                    "period_fy": "FY23",
                    "mcal_year": 2023,
                    "jul": 0,
                    "aug": 0,
                    "sep": 0,
                    "oct": 0,
                    "nov": 0,
                    "dec": 0,
                    "jan": 0,
                    "feb": 0,
                    "mar": 0,
                    "apr": 0,
                    "may": 0,
                    "jun": 0
                },
                {
                    "task_number": "01.01.01",
                    "expenditure_type_name": "Rail Infrastructure Asset CIP Clearing",
                    "expenditure_type_id": "300000003483848",
                    "project_start_date": "01-JAN-2019",
                    "project_end_date": "30-JUN-2024",
                    "task_start_date": "01-JAN-2019",
                    "task_end_date": "30-JUN-2024",
                    "period_fy": "FY24",
                    "mcal_year": 2024,
                    "jul": 0,
                    "aug": 0,
                    "sep": 0,
                    "oct": 0,
                    "nov": 0,
                    "dec": 0,
                    "jan": 0,
                    "feb": 0,
                    "mar": 0,
                    "apr": 0,
                    "may": 0,
                    "jun": 0
                },
                {
                    "task_number": "01.01.01",
                    "expenditure_type_name": "Rail Infrastructure Asset CIP Clearing",
                    "expenditure_type_id": "300000003483848",
                    "project_start_date": "01-JAN-2019",
                    "project_end_date": "30-JUN-2024",
                    "task_start_date": "01-JAN-2019",
                    "task_end_date": "30-JUN-2024",
                    "period_fy": "FY25",
                    "mcal_year": 2025,
                    "jul": 0,
                    "aug": 0,
                    "sep": 0,
                    "oct": 0,
                    "nov": 0,
                    "dec": 0,
                    "jan": 0,
                    "feb": 0,
                    "mar": 0,
                    "apr": 0,
                    "may": 0,
                    "jun": 0
                },
                {
                    "task_number": "01.01.01",
                    "expenditure_type_name": "Rail Infrastructure Asset CIP Clearing",
                    "expenditure_type_id": "300000003483848",
                    "project_start_date": "01-JAN-2019",
                    "project_end_date": "30-JUN-2024",
                    "task_start_date": "01-JAN-2019",
                    "task_end_date": "30-JUN-2024",
                    "period_fy": "FY26",
                    "mcal_year": 2026,
                    "jul": 0,
                    "aug": 0,
                    "sep": 0,
                    "oct": 0,
                    "nov": 0,
                    "dec": 0,
                    "jan": 0,
                    "feb": 0,
                    "mar": 0,
                    "apr": 0,
                    "may": 0,
                    "jun": 0
                },
                {
                    "task_number": "01.01.01",
                    "expenditure_type_name": "Rail Infrastructure Asset CIP Clearing",
                    "expenditure_type_id": "300000003483848",
                    "project_start_date": "01-JAN-2019",
                    "project_end_date": "30-JUN-2024",
                    "task_start_date": "01-JAN-2019",
                    "task_end_date": "30-JUN-2024",
                    "period_fy": "FY27",
                    "mcal_year": 2027,
                    "jul": 0,
                    "aug": 0,
                    "sep": 0,
                    "oct": 0,
                    "nov": 0,
                    "dec": 0,
                    "jan": 0,
                    "feb": 0,
                    "mar": 0,
                    "apr": 0,
                    "may": 0,
                    "jun": 0
                },
                {
                    "task_number": "01.01.01",
                    "expenditure_type_name": "Rail Infrastructure Asset CIP Clearing",
                    "expenditure_type_id": "300000003483848",
                    "project_start_date": "01-JAN-2019",
                    "project_end_date": "30-JUN-2024",
                    "task_start_date": "01-JAN-2019",
                    "task_end_date": "30-JUN-2024",
                    "period_fy": "FY28",
                    "mcal_year": 2028,
                    "jul": 0,
                    "aug": 0,
                    "sep": 0,
                    "oct": 0,
                    "nov": 0,
                    "dec": 0,
                    "jan": 0,
                    "feb": 0,
                    "mar": 0,
                    "apr": 0,
                    "may": 0,
                    "jun": 0
                },
                {
                    "task_number": "01.01.01",
                    "expenditure_type_name": "Rail Infrastructure Asset CIP Clearing",
                    "expenditure_type_id": "300000003483848",
                    "project_start_date": "01-JAN-2019",
                    "project_end_date": "30-JUN-2024",
                    "task_start_date": "01-JAN-2019",
                    "task_end_date": "30-JUN-2024",
                    "period_fy": "FY29",
                    "mcal_year": 2029,
                    "jul": 0,
                    "aug": 0,
                    "sep": 0,
                    "oct": 0,
                    "nov": 0,
                    "dec": 0,
                    "jan": 0,
                    "feb": 0,
                    "mar": 0,
                    "apr": 0,
                    "may": 0,
                    "jun": 0
                },
                {
                    "task_number": "01.01.01",
                    "expenditure_type_name": "Rail Infrastructure Asset CIP Clearing",
                    "expenditure_type_id": "300000003483848",
                    "project_start_date": "01-JAN-2019",
                    "project_end_date": "30-JUN-2024",
                    "task_start_date": "01-JAN-2019",
                    "task_end_date": "30-JUN-2024",
                    "period_fy": "FY30",
                    "mcal_year": 2030,
                    "jul": 0,
                    "aug": 0,
                    "sep": 0,
                    "oct": 0,
                    "nov": 0,
                    "dec": 0,
                    "jan": 0,
                    "feb": 0,
                    "mar": 0,
                    "apr": 0,
                    "may": 0,
                    "jun": 0
                },
                {
                    "task_number": "01.01.01",
                    "expenditure_type_name": "Rail Infrastructure Asset CIP Clearing",
                    "expenditure_type_id": "300000003483848",
                    "project_start_date": "01-JAN-2019",
                    "project_end_date": "30-JUN-2024",
                    "task_start_date": "01-JAN-2019",
                    "task_end_date": "30-JUN-2024",
                    "period_fy": "FY31",
                    "mcal_year": 2031,
                    "jul": 0,
                    "aug": 0,
                    "sep": 0,
                    "oct": 0,
                    "nov": 0,
                    "dec": 0,
                    "jan": 0,
                    "feb": 0,
                    "mar": 0,
                    "apr": 0,
                    "may": 0,
                    "jun": 0
                }
            ],
            "wbs_budget_data": [
                {
                    "task_number": "01.01.01",
                    "expenditure_type_name": "Acc Depn RoU Buildings Non PSL",
                    "expenditure_type_id": "300000003880233",
                    "project_start_date": "01-JAN-2019",
                    "project_end_date": "30-JUN-2024",
                    "task_start_date": "01-JAN-2019",
                    "task_end_date": "30-JUN-2024",
                    "period_fy": "FY22",
                    "mcal_year": 2022,
                    "jul": 0,
                    "aug": 0,
                    "sep": 0,
                    "oct": 0,
                    "nov": 0,
                    "dec": 0,
                    "jan": 0,
                    "feb": 0,
                    "mar": 0,
                    "apr": 0,
                    "may": 0,
                    "jun": 0
                },
                {
                    "task_number": "01.01.01",
                    "expenditure_type_name": "Acc Depn RoU Buildings Non PSL",
                    "expenditure_type_id": "300000003880233",
                    "project_start_date": "01-JAN-2019",
                    "project_end_date": "30-JUN-2024",
                    "task_start_date": "01-JAN-2019",
                    "task_end_date": "30-JUN-2024",
                    "period_fy": "FY23",
                    "mcal_year": 2023,
                    "jul": 0,
                    "aug": 0,
                    "sep": 0,
                    "oct": 0,
                    "nov": 0,
                    "dec": 0,
                    "jan": 0,
                    "feb": 0,
                    "mar": 0,
                    "apr": 0,
                    "may": 0,
                    "jun": 0
                },
                {
                    "task_number": "01.01.01",
                    "expenditure_type_name": "Acc Depn RoU Buildings Non PSL",
                    "expenditure_type_id": "300000003880233",
                    "project_start_date": "01-JAN-2019",
                    "project_end_date": "30-JUN-2024",
                    "task_start_date": "01-JAN-2019",
                    "task_end_date": "30-JUN-2024",
                    "period_fy": "FY24",
                    "mcal_year": 2024,
                    "jul": 0,
                    "aug": 0,
                    "sep": 0,
                    "oct": 0,
                    "nov": 0,
                    "dec": 0,
                    "jan": 0,
                    "feb": 0,
                    "mar": 0,
                    "apr": 0,
                    "may": 0,
                    "jun": 0
                },
                {
                    "task_number": "01.01.01",
                    "expenditure_type_name": "Acc Depn RoU Buildings Non PSL",
                    "expenditure_type_id": "300000003880233",
                    "project_start_date": "01-JAN-2019",
                    "project_end_date": "30-JUN-2024",
                    "task_start_date": "01-JAN-2019",
                    "task_end_date": "30-JUN-2024",
                    "period_fy": "FY25",
                    "mcal_year": 2025,
                    "jul": 0,
                    "aug": 0,
                    "sep": 0,
                    "oct": 0,
                    "nov": 0,
                    "dec": 0,
                    "jan": 0,
                    "feb": 0,
                    "mar": 0,
                    "apr": 0,
                    "may": 0,
                    "jun": 0
                },
                {
                    "task_number": "01.01.01",
                    "expenditure_type_name": "Acc Depn RoU Buildings Non PSL",
                    "expenditure_type_id": "300000003880233",
                    "project_start_date": "01-JAN-2019",
                    "project_end_date": "30-JUN-2024",
                    "task_start_date": "01-JAN-2019",
                    "task_end_date": "30-JUN-2024",
                    "period_fy": "FY26",
                    "mcal_year": 2026,
                    "jul": 0,
                    "aug": 0,
                    "sep": 0,
                    "oct": 0,
                    "nov": 0,
                    "dec": 0,
                    "jan": 0,
                    "feb": 0,
                    "mar": 0,
                    "apr": 0,
                    "may": 0,
                    "jun": 0
                },
                {
                    "task_number": "01.01.01",
                    "expenditure_type_name": "Acc Depn RoU Buildings Non PSL",
                    "expenditure_type_id": "300000003880233",
                    "project_start_date": "01-JAN-2019",
                    "project_end_date": "30-JUN-2024",
                    "task_start_date": "01-JAN-2019",
                    "task_end_date": "30-JUN-2024",
                    "period_fy": "FY27",
                    "mcal_year": 2027,
                    "jul": 0,
                    "aug": 0,
                    "sep": 0,
                    "oct": 0,
                    "nov": 0,
                    "dec": 0,
                    "jan": 0,
                    "feb": 0,
                    "mar": 0,
                    "apr": 0,
                    "may": 0,
                    "jun": 0
                },
                {
                    "task_number": "01.01.01",
                    "expenditure_type_name": "Acc Depn RoU Buildings Non PSL",
                    "expenditure_type_id": "300000003880233",
                    "project_start_date": "01-JAN-2019",
                    "project_end_date": "30-JUN-2024",
                    "task_start_date": "01-JAN-2019",
                    "task_end_date": "30-JUN-2024",
                    "period_fy": "FY28",
                    "mcal_year": 2028,
                    "jul": 0,
                    "aug": 0,
                    "sep": 0,
                    "oct": 0,
                    "nov": 0,
                    "dec": 0,
                    "jan": 0,
                    "feb": 0,
                    "mar": 0,
                    "apr": 0,
                    "may": 0,
                    "jun": 0
                },
                {
                    "task_number": "01.01.01",
                    "expenditure_type_name": "Acc Depn RoU Buildings Non PSL",
                    "expenditure_type_id": "300000003880233",
                    "project_start_date": "01-JAN-2019",
                    "project_end_date": "30-JUN-2024",
                    "task_start_date": "01-JAN-2019",
                    "task_end_date": "30-JUN-2024",
                    "period_fy": "FY29",
                    "mcal_year": 2029,
                    "jul": 0,
                    "aug": 0,
                    "sep": 0,
                    "oct": 0,
                    "nov": 0,
                    "dec": 0,
                    "jan": 0,
                    "feb": 0,
                    "mar": 0,
                    "apr": 0,
                    "may": 0,
                    "jun": 0
                },
                {
                    "task_number": "01.01.01",
                    "expenditure_type_name": "Acc Depn RoU Buildings Non PSL",
                    "expenditure_type_id": "300000003880233",
                    "project_start_date": "01-JAN-2019",
                    "project_end_date": "30-JUN-2024",
                    "task_start_date": "01-JAN-2019",
                    "task_end_date": "30-JUN-2024",
                    "period_fy": "FY30",
                    "mcal_year": 2030,
                    "jul": 0,
                    "aug": 0,
                    "sep": 0,
                    "oct": 0,
                    "nov": 0,
                    "dec": 0,
                    "jan": 0,
                    "feb": 0,
                    "mar": 0,
                    "apr": 0,
                    "may": 0,
                    "jun": 0
                },
                {
                    "task_number": "01.01.01",
                    "expenditure_type_name": "Acc Depn RoU Buildings Non PSL",
                    "expenditure_type_id": "300000003880233",
                    "project_start_date": "01-JAN-2019",
                    "project_end_date": "30-JUN-2024",
                    "task_start_date": "01-JAN-2019",
                    "task_end_date": "30-JUN-2024",
                    "period_fy": "FY31",
                    "mcal_year": 2031,
                    "jul": 0,
                    "aug": 0,
                    "sep": 0,
                    "oct": 0,
                    "nov": 0,
                    "dec": 0,
                    "jan": 0,
                    "feb": 0,
                    "mar": 0,
                    "apr": 0,
                    "may": 0,
                    "jun": 0
                },
                {
                    "task_number": "01.01.01",
                    "expenditure_type_name": "Rail Infrastructure Asset CIP Clearing",
                    "expenditure_type_id": "300000003483848",
                    "project_start_date": "01-JAN-2019",
                    "project_end_date": "30-JUN-2024",
                    "task_start_date": "01-JAN-2019",
                    "task_end_date": "30-JUN-2024",
                    "period_fy": "FY22",
                    "mcal_year": 2022,
                    "jul": 0,
                    "aug": 0,
                    "sep": 0,
                    "oct": 0,
                    "nov": 0,
                    "dec": 0,
                    "jan": 0,
                    "feb": 0,
                    "mar": 0,
                    "apr": 0,
                    "may": 0,
                    "jun": 0
                },
                {
                    "task_number": "01.01.01",
                    "expenditure_type_name": "Rail Infrastructure Asset CIP Clearing",
                    "expenditure_type_id": "300000003483848",
                    "project_start_date": "01-JAN-2019",
                    "project_end_date": "30-JUN-2024",
                    "task_start_date": "01-JAN-2019",
                    "task_end_date": "30-JUN-2024",
                    "period_fy": "FY23",
                    "mcal_year": 2023,
                    "jul": 0,
                    "aug": 0,
                    "sep": 0,
                    "oct": 0,
                    "nov": 0,
                    "dec": 0,
                    "jan": 0,
                    "feb": 0,
                    "mar": 0,
                    "apr": 0,
                    "may": 0,
                    "jun": 0
                },
                {
                    "task_number": "01.01.01",
                    "expenditure_type_name": "Rail Infrastructure Asset CIP Clearing",
                    "expenditure_type_id": "300000003483848",
                    "project_start_date": "01-JAN-2019",
                    "project_end_date": "30-JUN-2024",
                    "task_start_date": "01-JAN-2019",
                    "task_end_date": "30-JUN-2024",
                    "period_fy": "FY24",
                    "mcal_year": 2024,
                    "jul": 0,
                    "aug": 0,
                    "sep": 0,
                    "oct": 0,
                    "nov": 0,
                    "dec": 0,
                    "jan": 0,
                    "feb": 0,
                    "mar": 0,
                    "apr": 0,
                    "may": 0,
                    "jun": 0
                },
                {
                    "task_number": "01.01.01",
                    "expenditure_type_name": "Rail Infrastructure Asset CIP Clearing",
                    "expenditure_type_id": "300000003483848",
                    "project_start_date": "01-JAN-2019",
                    "project_end_date": "30-JUN-2024",
                    "task_start_date": "01-JAN-2019",
                    "task_end_date": "30-JUN-2024",
                    "period_fy": "FY25",
                    "mcal_year": 2025,
                    "jul": 0,
                    "aug": 0,
                    "sep": 0,
                    "oct": 0,
                    "nov": 0,
                    "dec": 0,
                    "jan": 0,
                    "feb": 0,
                    "mar": 0,
                    "apr": 0,
                    "may": 0,
                    "jun": 0
                },
                {
                    "task_number": "01.01.01",
                    "expenditure_type_name": "Rail Infrastructure Asset CIP Clearing",
                    "expenditure_type_id": "300000003483848",
                    "project_start_date": "01-JAN-2019",
                    "project_end_date": "30-JUN-2024",
                    "task_start_date": "01-JAN-2019",
                    "task_end_date": "30-JUN-2024",
                    "period_fy": "FY26",
                    "mcal_year": 2026,
                    "jul": 0,
                    "aug": 0,
                    "sep": 0,
                    "oct": 0,
                    "nov": 0,
                    "dec": 0,
                    "jan": 0,
                    "feb": 0,
                    "mar": 0,
                    "apr": 0,
                    "may": 0,
                    "jun": 0
                },
                {
                    "task_number": "01.01.01",
                    "expenditure_type_name": "Rail Infrastructure Asset CIP Clearing",
                    "expenditure_type_id": "300000003483848",
                    "project_start_date": "01-JAN-2019",
                    "project_end_date": "30-JUN-2024",
                    "task_start_date": "01-JAN-2019",
                    "task_end_date": "30-JUN-2024",
                    "period_fy": "FY27",
                    "mcal_year": 2027,
                    "jul": 0,
                    "aug": 0,
                    "sep": 0,
                    "oct": 0,
                    "nov": 0,
                    "dec": 0,
                    "jan": 0,
                    "feb": 0,
                    "mar": 0,
                    "apr": 0,
                    "may": 0,
                    "jun": 0
                },
                {
                    "task_number": "01.01.01",
                    "expenditure_type_name": "Rail Infrastructure Asset CIP Clearing",
                    "expenditure_type_id": "300000003483848",
                    "project_start_date": "01-JAN-2019",
                    "project_end_date": "30-JUN-2024",
                    "task_start_date": "01-JAN-2019",
                    "task_end_date": "30-JUN-2024",
                    "period_fy": "FY28",
                    "mcal_year": 2028,
                    "jul": 0,
                    "aug": 0,
                    "sep": 0,
                    "oct": 0,
                    "nov": 0,
                    "dec": 0,
                    "jan": 0,
                    "feb": 0,
                    "mar": 0,
                    "apr": 0,
                    "may": 0,
                    "jun": 0
                },
                {
                    "task_number": "01.01.01",
                    "expenditure_type_name": "Rail Infrastructure Asset CIP Clearing",
                    "expenditure_type_id": "300000003483848",
                    "project_start_date": "01-JAN-2019",
                    "project_end_date": "30-JUN-2024",
                    "task_start_date": "01-JAN-2019",
                    "task_end_date": "30-JUN-2024",
                    "period_fy": "FY29",
                    "mcal_year": 2029,
                    "jul": 0,
                    "aug": 0,
                    "sep": 0,
                    "oct": 0,
                    "nov": 0,
                    "dec": 0,
                    "jan": 0,
                    "feb": 0,
                    "mar": 0,
                    "apr": 0,
                    "may": 0,
                    "jun": 0
                },
                {
                    "task_number": "01.01.01",
                    "expenditure_type_name": "Rail Infrastructure Asset CIP Clearing",
                    "expenditure_type_id": "300000003483848",
                    "project_start_date": "01-JAN-2019",
                    "project_end_date": "30-JUN-2024",
                    "task_start_date": "01-JAN-2019",
                    "task_end_date": "30-JUN-2024",
                    "period_fy": "FY30",
                    "mcal_year": 2030,
                    "jul": 0,
                    "aug": 0,
                    "sep": 0,
                    "oct": 0,
                    "nov": 0,
                    "dec": 0,
                    "jan": 0,
                    "feb": 0,
                    "mar": 0,
                    "apr": 0,
                    "may": 0,
                    "jun": 0
                },
                {
                    "task_number": "01.01.01",
                    "expenditure_type_name": "Rail Infrastructure Asset CIP Clearing",
                    "expenditure_type_id": "300000003483848",
                    "project_start_date": "01-JAN-2019",
                    "project_end_date": "30-JUN-2024",
                    "task_start_date": "01-JAN-2019",
                    "task_end_date": "30-JUN-2024",
                    "period_fy": "FY31",
                    "mcal_year": 2031,
                    "jul": 0,
                    "aug": 0,
                    "sep": 0,
                    "oct": 0,
                    "nov": 0,
                    "dec": 0,
                    "jan": 0,
                    "feb": 0,
                    "mar": 0,
                    "apr": 0,
                    "may": 0,
                    "jun": 0
                }
            ]
        }
    ],
    "hasMore": false,
    "limit": 0,
    "offset": 0,
    "count": 1,
    "links": [
        {
            "rel": "self",
            "href": "https://coq4hi5ehnacuc6-dotvicadwdev.adb.ap-sydney-1.oraclecloudapps.com/ords/btftapp_db/ProjectForecast/ProjectTaskSummary?sub_project_number=200067.01"
        },
        {
            "rel": "describedby",
            "href": "https://coq4hi5ehnacuc6-dotvicadwdev.adb.ap-sydney-1.oraclecloudapps.com/ords/btftapp_db/metadata-catalog/ProjectForecast/item"
        }
    ]
}