{
    "fields": [
        {
            "type": "number",
            "name": "id",
            "internal": false,
            "key": true,
            "oid": "c944083d-dd1f-4a96-a5bd-3179e9fcec63",
            "required": true,
            "unique": true,
            "displayLabel": "Id"
        },
        {
            "type": "datetime",
            "name": "creationDate",
            "internal": false,
            "oid": "0bf04ebb-60a2-49e8-a5d9-a1a088e01e0c",
            "displayLabel": "Created",
            "historyType": "timeCreated"
        },
        {
            "type": "datetime",
            "name": "lastUpdateDate",
            "internal": false,
            "oid": "c5a286cf-5329-4369-811a-1fa76771437d",
            "displayLabel": "Last Updated",
            "historyType": "timeUpdated"
        },
        {
            "type": "string",
            "name": "createdBy",
            "internal": false,
            "oid": "909a0a92-60eb-435f-8099-254d19a93b9f",
            "displayLabel": "Created By",
            "historyType": "createdBy"
        },
        {
            "type": "string",
            "name": "lastUpdatedBy",
            "internal": false,
            "oid": "a77c3086-e2e4-4d68-9050-fbe6497f1f2a",
            "displayLabel": "Last Updated By",
            "historyType": "updatedBy"
        },
        {
            "type": "number",
            "name": "versionNumber",
            "internal": false,
            "oid": "519d3c64-104a-4046-bec9-f3ddfe711564",
            "displayLabel": "Version Number",
            "historyType": "versionNumber"
        },
        {
            "type": "string",
            "name": "employeeName",
            "oid": "57214120-ec00-4a92-a848-fae6a4f22526",
            "displayLabel": "Employee Name"
        },
        {
            "type": "number",
            "name": "employeeID",
            "oid": "64b6790a-b111-41d3-b0ca-dea1f3a3db88",
            "displayLabel": "Employee ID"
        },
        {
            "type": "string",
            "name": "employeeDepartment",
            "oid": "b418bc30-d260-4fd1-962a-b3caa97133ce",
            "displayLabel": "Employee Department"
        },
        {
            "type": "string",
            "name": "employeeTitle",
            "oid": "dcb0face-42bf-433a-8e03-2953c1f3c888",
            "displayLabel": "Employee Title"
        },
        {
            "type": "string",
            "name": "employeeLocation",
            "oid": "a6ed90d2-9b6b-4f93-8e68-32669b8417b8",
            "displayLabel": "Employee Location"
        },
        {
            "type": "string",
            "name": "employeeEmail",
            "oid": "45e1b4d7-cf36-44c7-81b2-4f304eeb1850",
            "displayLabel": "Employee Email",
            "format": "email"
        },
        {
            "type": "number",
            "name": "reportingManager",
            "oid": "5ed81ea4-5fbd-406f-959e-b2c0a9e87cfa",
            "displayLabel": "Reporting Manager"
        },
        {
            "type": "string",
            "name": "managerName",
            "oid": "6e55bc5f-5153-4814-a5d2-2159e994bc39",
            "displayLabel": "Manager Name"
        },
        {
            "type": "string",
            "name": "picture",
            "oid": "7f1a5abb-8440-4a36-92c2-e0a42462a380",
            "displayLabel": "Picture"
        }
    ],
    "name": "EmployeeManager",
    "oid": "9a1bc9b3-aa37-40c6-84df-60d76b809024",
    "displayLabel": "Employee Manager",
    "setupData": true
}