id,creationDate,lastUpdateDate,createdBy,lastUpdatedBy,employeeName,employeeID,employeeDepartment,employeeTitle,employeeLocation,employeeEmail,reportingManager,managerName,picture
1,2024-10-01T11:59:06,2024-10-01T12:28:40,mayukh.mitra@oracle.com,mayukh.mitra@oracle.com,Girish Swamy,110290.0,"Oracle CSS, Global SaaS and Apps Delivery, Integrations","Senior Director, CSS, Global SaaS and Apps Delivery, Integrations","Oracle Tech Hub, Block B, Outer Ring Road, Bengaluru",test-girish-swamy@email.com,,,https://www.oracle.com/webfolder/technetwork/jet/content/images/hcm/placeholder-male-03.png
2,2024-10-01T12:00:26,2024-10-01T12:28:55,mayukh.mitra@oracle.com,mayukh.mitra@oracle.com,Smitha George,110291.0,"Oracle CSS, Global SaaS and Apps Delivery, Integrations","Senior Manager, CSS, Global SaaS and Apps Delivery, Integrations","Oracle Tech Hub, Block B, Outer Ring Road, Bengaluru",test-smitha-george@test-email.com,1.0,Girish Swamy,https://www.oracle.com/webfolder/technetwork/jet/content/images/hcm/placeholder-female-01.png
3,2024-10-01T12:05:21,2024-10-01T12:29:10,mayukh.mitra@oracle.com,mayukh.mitra@oracle.com,Dhanaseelan Ramaswamy,110292.0,"Oracle CSS, Global SaaS and Apps Delivery, Integrations","Senior Manager, CSS, Global SaaS and Apps Delivery, Integrations","Oracle Tech Hub, Block B, Outer Ring Road, Bengaluru",test-dhana-swamy@test-email.com,1.0,Girish Swamy,https://www.oracle.com/webfolder/technetwork/jet/content/images/hcm/placeholder-male-04.png
4,2024-10-01T12:09:56,2024-10-01T12:29:33,mayukh.mitra@oracle.com,mayukh.mitra@oracle.com,Mahammad Juned Katariya,110293.0,"Oracle CSS, Global SaaS and Apps Delivery, Integrations","Manager, CSS, Global SaaS and Apps Delivery, Integrations","Oracle Tech Hub, Block B, Outer Ring Road, Bengaluru",test-mahammad-juned-katariya@test-email.com,1.0,Girish Swamy,https://www.oracle.com/webfolder/technetwork/jet/content/images/hcm/placeholder-male-06.png
5,2024-10-01T12:12:14,2024-10-01T12:30:55,mayukh.mitra@oracle.com,mayukh.mitra@oracle.com,Ankababu Chernam,110300.0,"Oracle CSS, Global SaaS and Apps Delivery, Integrations",Principal Analyst,"Oracle Tech Hub, Block B, Outer Ring Road, Bengaluru",test-ankababu@testemail.com,2.0,Smitha George,https://www.oracle.com/webfolder/technetwork/jet/content/images/hcm/placeholder-male-08.png
6,2024-10-01T12:13:06,2024-10-01T12:31:42,mayukh.mitra@oracle.com,mayukh.mitra@oracle.com,Mayukh Mitra,110301.0,"Oracle CSS, Global SaaS and Apps Delivery, Integrations",Senior Analyst,"Oracle Tech Hub, Block B, Outer Ring Road, Bengaluru",test-mayukh-mitra@testemail.com,2.0,Smitha George,https://www.oracle.com/webfolder/technetwork/jet/content/images/hcm/placeholder-male-05.png
7,2024-10-01T12:15:45,2024-10-01T12:32:11,mayukh.mitra@oracle.com,mayukh.mitra@oracle.com,Ritesh Jain,110302.0,"Oracle CSS, Global SaaS and Apps Delivery, Integrations",Principal Analyst,"Oracle Tech Hub, Block B, Noida, India",test-ritesh-jain@testemail.com,3.0,Dhanseelan Ramaswamy,https://www.oracle.com/webfolder/technetwork/jet/content/images/hcm/placeholder-male-07.png
8,2024-10-01T12:18:39,2024-10-01T12:33:03,mayukh.mitra@oracle.com,mayukh.mitra@oracle.com,Rashmi K V,110303.0,"Oracle CSS, Global SaaS and Apps Delivery, Integrations",Senior Analyst,"Oracle Tech Hub, Block B, Outer Ring Road, Bengaluru",test-rashmi-kv@testemail.com,2.0,Smitha George,https://www.oracle.com/webfolder/technetwork/jet/content/images/hcm/placeholder-female-02.png
9,2024-10-01T12:20:37,2024-10-01T12:33:16,mayukh.mitra@oracle.com,mayukh.mitra@oracle.com,Mounika Kalva,110304.0,"Oracle CSS, Global SaaS and Apps Delivery, Integrations",Senior Analyst,"Oracle Tech Hub, High Tech City, Hyderabad",test-mounika-kalva@testemail.com,3.0,Dhanseelan Ramaswamy,https://www.oracle.com/webfolder/technetwork/jet/content/images/hcm/placeholder-female-08.png
10,2024-10-01T12:23:27,2024-10-01T12:33:54,mayukh.mitra@oracle.com,mayukh.mitra@oracle.com,Bhavishya H,110305.0,"Oracle CSS, Global SaaS and Apps Delivery, Integrations",Senior Analyst,"Oracle Tech Hub, Block B, Outer Ring Road, Bengaluru",test-bhavishya-h@testemail.com,4.0,Mahammad Juned Katariya,https://www.oracle.com/webfolder/technetwork/jet/content/images/hcm/placeholder-female-10.png
11,2024-10-01T12:28:18,2024-10-01T12:34:21,mayukh.mitra@oracle.com,mayukh.mitra@oracle.com,Satish Kumar,110.306,"Oracle CSS, Global SaaS and Apps Delivery, Integrations",Principal Analyst,"Oracle Tech Hub, High Tech City, Hyderabad",test-satish-kumar@testemail.com,3.0,Dhanseelan Ramaswamy,https://www.oracle.com/webfolder/technetwork/jet/content/images/hcm/placeholder-male-09.png
12,2024-10-01T12:36:37,2024-10-01T12:38:12,mayukh.mitra@oracle.com,mayukh.mitra@oracle.com,Amrit Kumar,110307.0,"Oracle CSS, Global SaaS and Apps Delivery, Integrations",Principal Analyst,"Oracle Tech Hub, Block B, Outer Ring Road, Bengaluru",test-amrit-kumar@testemail.com,3.0,Dhanseelan Ramaswamy,https://www.oracle.com/webfolder/technetwork/jet/content/images/hcm/placeholder-male-11.png
13,2024-10-01T12:37:54,2024-10-01T12:37:54.066,mayukh.mitra@oracle.com,mayukh.mitra@oracle.com,Ramachandra K,110308.0,"Oracle CSS, Global SaaS and Apps Delivery, Integrations",Senior Analyst,"Oracle Tech Hub, Block B, Noida, India",test-ramchandra-k@testemail.com,4.0,Mahammad Juned Katariya,https://www.oracle.com/webfolder/technetwork/jet/content/images/hcm/placeholder-male-10.png
14,2024-10-01T12:39:52,2024-10-01T12:39:52.16,mayukh.mitra@oracle.com,mayukh.mitra@oracle.com,Rajesh Patel,110309.0,"Oracle CSS, Global SaaS and Apps Delivery, Integrations",Senior Analyst,"Oracle Tech Hub, Block B, Noida, India",test-rajesh-patel@testemail.com,4.0,Mahammad Juned Katariya,https://www.oracle.com/webfolder/technetwork/jet/content/images/hcm/placeholder-male-07.png
15,2024-10-01T12:40:45,2024-10-01T12:40:45.115,mayukh.mitra@oracle.com,mayukh.mitra@oracle.com,Sateesh Kumar,110310.0,"Oracle CSS, Global SaaS and Apps Delivery, Integrations",Principal Analyst,"Oracle Tech Hub, High Tech City, Hyderabad",test-sateesh-kumar@testemail.com,2.0,Smitha George,https://www.oracle.com/webfolder/technetwork/jet/content/images/hcm/placeholder-male-08.png
16,2024-10-01T12:41:57,2024-10-01T12:41:57.13,mayukh.mitra@oracle.com,mayukh.mitra@oracle.com,Pavani Sala,110311.0,"Oracle CSS, Global SaaS and Apps Delivery, Integrations",Principal Analyst,"Oracle Tech Hub, High Tech City, Hyderabad",test-pavani-sala@test-email.com,3.0,Dhanseelan Ramaswamy,https://www.oracle.com/webfolder/technetwork/jet/content/images/hcm/placeholder-female-02.png
17,2024-10-01T12:42:51,2024-10-01T12:43:32,mayukh.mitra@oracle.com,mayukh.mitra@oracle.com,Rony Mathews,110312.0,"Oracle CSS, Global SaaS and Apps Delivery, Integrations",Senior Analyst,"Oracle Tech Hub, Block B, Outer Ring Road, Bengaluru",test-rony-mathews@test-email.com,2.0,Smitha George,https://www.oracle.com/webfolder/technetwork/jet/content/images/hcm/placeholder-male-13.png
18,2024-10-01T12:44:32,2024-10-02T12:41:23,mayukh.mitra@oracle.com,mayukh.mitra@oracle.com,Anuradha Verma,110313.0,"Oracle CSS, Global SaaS and Apps Delivery, Integrations",Senior Analyst,"Oracle Tech Hub, Block B, Outer Ring Road, Bengaluru",test-anuradha-verma@testemail.com,3.0,Dhanseelan Ramaswamy,https://www.oracle.com/webfolder/technetwork/jet/content/images/hcm/placeholder-female-06.png
19,2024-10-01T12:47:25,2024-10-01T12:47:25.071,mayukh.mitra@oracle.com,mayukh.mitra@oracle.com,Rakesh Singh,110314.0,"Oracle CSS, Global SaaS and Apps Delivery, Integrations",Associate Analyst,"Oracle Tech Hub, Block B, Noida, India",test-rakesh-singh@testemail.com,7.0,Ritesh Jain,
20,2024-10-01T12:48:31,2024-10-01T12:48:31.074,mayukh.mitra@oracle.com,mayukh.mitra@oracle.com,Madhan Kumar,110316.0,"Oracle CSS, Global SaaS and Apps Delivery, Integrations",Associate Analyst,"Oracle Tech Hub, High Tech City, Hyderabad",test-madhan-kumar@testemail.com,5.0,Ankababu Chernam,
21,2024-10-01T12:49:43,2024-10-01T13:05:42,mayukh.mitra@oracle.com,mayukh.mitra@oracle.com,Shreelatha M,110317.0,"Oracle CSS, Global SaaS and Apps Delivery, Integrations",Associate Analyst,"Oracle Tech Hub, High Tech City, Hyderabad",test-shreelatha-m@testemail.com,5.0,Ankababu Chernam,
22,2024-10-01T12:56:57,2024-10-01T13:06:00,mayukh.mitra@oracle.com,mayukh.mitra@oracle.com,Balaji S,110318.0,"Oracle CSS, Global SaaS and Apps Delivery, Integrations",Associate Analyst,"Oracle Tech Hub, Block B, Outer Ring Road, Bengaluru",test-balaji-s@testemail.com,5.0,Ankababu Chernam,
23,2024-10-01T12:58:04,2024-10-01T13:07:04,mayukh.mitra@oracle.com,mayukh.mitra@oracle.com,Abhishek Pandey,110319.0,"Oracle CSS, Global SaaS and Apps Delivery, Integrations",Associate Analyst,"Oracle Tech Hub, Block B, Noida, India",test-abhishek-pandey@testemail.com,7.0,Ritesh Jain,
24,2024-10-01T12:59:05,2024-10-01T13:06:53,mayukh.mitra@oracle.com,mayukh.mitra@oracle.com,Ravi Chouhan,110320.0,"Oracle CSS, Global SaaS and Apps Delivery, Integrations",Associate Analyst,"Oracle Tech Hub, Block B, Noida, India",test-ravi-chouhan@testemail.com,7.0,Ritesh Jain,
25,2024-10-01T13:00:13,2024-10-01T13:06:36,mayukh.mitra@oracle.com,mayukh.mitra@oracle.com,Chaitanya Verma,110321.0,"Oracle CSS, Global SaaS and Apps Delivery, Integrations",Associate Analyst,"Oracle Tech Hub, Block B, Outer Ring Road, Bengaluru",test-chaitanya-verma@testemail.com,12.0,Amrit Kumar,
26,2024-10-01T13:01:22,2024-10-01T13:06:25,mayukh.mitra@oracle.com,mayukh.mitra@oracle.com,Nikhil Raina,110322.0,"Oracle CSS, Global SaaS and Apps Delivery, Integrations",Associate Analyst,"Oracle Tech Hub, Block B, Outer Ring Road, Bengaluru",test-nikhil-raina@testemail.com,12.0,Amrit Kumar,
28,2024-10-01T13:03:41,2024-10-01T13:03:41.07,mayukh.mitra@oracle.com,mayukh.mitra@oracle.com,Namita Patel,110323.0,"Oracle CSS, Global SaaS and Apps Delivery, Integrations",Junior Analyst L1,"Oracle Tech Hub, Block B, Noida, India",test-namita-patel@testemail.com,10.0,Bhavishya H,
29,2024-10-01T13:05:19,2024-10-01T13:05:19.06,mayukh.mitra@oracle.com,mayukh.mitra@oracle.com,Venkat Kumar Swamy,110324.0,"Oracle CSS, Global SaaS and Apps Delivery, Integrations",Junior Analyst L1,"Oracle Tech Hub, Block B, Outer Ring Road, Bengaluru",test-venkat-kumar-swamy@testemail.com,10.0,Bhavishya H,
30,2024-10-01T13:08:48,2024-10-01T13:08:48.054,mayukh.mitra@oracle.com,mayukh.mitra@oracle.com,Dhanya Nair,110335.0,"Oracle CSS, Global SaaS and Apps Delivery, Integrations",Junior Analyst L1,"Oracle Tech Hub, High Tech City, Hyderabad",test-dhanya-nair@testemail.com,13.0,Ramachandra K,
31,2024-10-01T13:10:20,2024-10-01T13:10:20.062,mayukh.mitra@oracle.com,mayukh.mitra@oracle.com,Venkat Raghupati,110335.0,"Oracle CSS, Global SaaS and Apps Delivery, Integrations",Junior Analyst L1,"Oracle Tech Hub, High Tech City, Hyderabad",test-venkat-raghupati@testemail.com,15.0,Sateesh Kumar,
41,2024-10-02T12:19:59,2024-10-02T12:19:59.021,mayukh.mitra@oracle.com,mayukh.mitra@oracle.com,,,"Oracle CSS, Global SaaS and Apps Delivery, Integrations",Analyst,"Oracle Tech Hub, High Tech City, Hyderabad",,2.0,Smitha George,
42,2024-10-02T12:20:31,2024-10-02T12:20:31.005,mayukh.mitra@oracle.com,mayukh.mitra@oracle.com,,,"Oracle CSS, Global SaaS and Apps Delivery, Integrations",Associate Analyst,"Oracle Tech Hub, High Tech City, Hyderabad",,2.0,Smitha George,
43,2024-10-02T12:21:34,2024-10-02T12:24:30,mayukh.mitra@oracle.com,mayukh.mitra@oracle.com,Kavya Mishrikoti,110331.0,"Oracle CSS, Global SaaS and Apps Delivery, Integrations",Principal Analyst,"Oracle Tech Hub, Block B, Noida, India",test-kavya-mishrikoti@test-email.com,2.0,Smitha George,https://www.oracle.com/webfolder/technetwork/jet/content/images/hcm/placeholder-female-04.png
44,2024-10-02T12:22:27,2024-10-02T12:22:27.006,mayukh.mitra@oracle.com,mayukh.mitra@oracle.com,,,"Oracle CSS, Global SaaS and Apps Delivery, Integrations",Associate Analyst,"Oracle Tech Hub, Block B, Noida, India",,4.0,Mahammad Juned Katariya,
45,2024-10-02T12:23:03,2024-10-02T12:23:03.006,mayukh.mitra@oracle.com,mayukh.mitra@oracle.com,,,"Oracle CSS, Global SaaS and Apps Delivery, Integrations",Analyst,"Oracle Tech Hub, Block B, Outer Ring Road, Bengaluru",,4.0,Mahammad Juned Katariya,
46,2024-10-02T12:23:56,2024-10-02T12:23:56.072,mayukh.mitra@oracle.com,mayukh.mitra@oracle.com,Rahul Paul,110330.0,"Oracle CSS, Global SaaS and Apps Delivery, Integrations",Senior Analyst,"Oracle Tech Hub, Block B, Outer Ring Road, Bengaluru",test-rahul-paul@test-email.com,4.0,Mahammad Juned Katariya,
47,2024-10-02T12:25:02,2024-10-02T12:25:02.006,mayukh.mitra@oracle.com,mayukh.mitra@oracle.com,,,"Oracle CSS, Global SaaS and Apps Delivery, Integrations",Associate Analyst,"Oracle Tech Hub, High Tech City, Hyderabad",,3.0,Dhanseelan Ramaswamy,
48,2024-10-02T12:25:24,2024-10-02T12:25:24.007,mayukh.mitra@oracle.com,mayukh.mitra@oracle.com,,,"Oracle CSS, Global SaaS and Apps Delivery, Integrations",Associate Analyst,"Oracle Tech Hub, Block B, Noida, India",,3.0,Dhanseelan Ramaswamy,
49,2024-10-02T12:26:30,2024-10-02T12:26:30.071,mayukh.mitra@oracle.com,mayukh.mitra@oracle.com,Santosh Kumar,110335.0,"Oracle CSS, Global SaaS and Apps Delivery, Integrations",Senior Analyst,"Oracle Tech City, Pune, India",test-santosh-kumar@test-email.com,3.0,Dhanseelan Ramaswamy,
50,2024-10-02T12:27:32,2024-10-02T12:27:32.072,mayukh.mitra@oracle.com,mayukh.mitra@oracle.com,Rahul Singh,110336.0,"Oracle CSS, Global SaaS and Apps Delivery, Integrations",Junior Analyst L1,"Oracle Tech Hub, Block B, Outer Ring Road, Bengaluru",test-rahul-singh@test-email.com,6.0,Mayukh Mitra,
51,2024-10-02T12:31:38,2024-10-02T12:31:38.006,mayukh.mitra@oracle.com,mayukh.mitra@oracle.com,,,"Oracle CSS, Global SaaS and Apps Delivery, Integrations",Junior Analyst L1,"Oracle Tech Hub, Block B, Outer Ring Road, Bengaluru",,6.0,Mayukh Mitra,
52,2024-10-02T12:34:07,2024-10-02T12:34:07.086,mayukh.mitra@oracle.com,mayukh.mitra@oracle.com,Amrita Pandey,110339.0,"Oracle CSS, Global SaaS and Apps Delivery, Integrations",Analyst,"Oracle Tech Hub, Block B, Outer Ring Road, Bengaluru",test-amrita-pandey@test-email.com,12.0,Amrit Kumar,
53,2024-10-02T12:47:49,2024-10-02T12:47:49.095,mayukh.mitra@oracle.com,mayukh.mitra@oracle.com,Harsha Karnam P,110410.0,"Oracle CSS, Global SaaS and Apps Delivery, Integrations",Associate Analyst,"Oracle Tech Hub, High Tech City, Hyderabad",test-harsha-karnam@test-email.com,16.0,Pavani Sala,https://www.oracle.com/webfolder/technetwork/jet/content/images/hcm/placeholder-male-14.png
54,2024-10-02T12:52:09,2024-10-02T12:52:09.063,mayukh.mitra@oracle.com,mayukh.mitra@oracle.com,Bharath Reddy,110445.0,"Oracle CSS, Global SaaS and Apps Delivery, Integrations",Associate Analyst,"Oracle Tech Hub, High Tech City, Hyderabad",test-bharath-reddy@test-email.com,16.0,Pavani Sala,
55,2024-10-02T12:53:14,2024-10-02T12:58:41,mayukh.mitra@oracle.com,mayukh.mitra@oracle.com,Hindhu Reddy P,110450.0,"Oracle CSS, Global SaaS and Apps Delivery, Integrations",Associate Analyst,"Oracle Tech Hub, High Tech City, Hyderabad",test-hindhu-reddy-p@test-email.com,16.0,Pavani Sala,https://www.oracle.com/webfolder/technetwork/jet/content/images/hcm/placeholder-female-05.png
56,2024-10-02T12:54:28,2024-10-02T12:54:28.074,mayukh.mitra@oracle.com,mayukh.mitra@oracle.com,Amritha K,110449.0,"Oracle CSS, Global SaaS and Apps Delivery, Integrations",Associate Analyst,"Oracle Tech Hub, Block B, Outer Ring Road, Bengaluru",test-amritha-k@test-email.com,8.0,Rashmi K V,
57,2024-10-02T12:55:28,2024-10-02T12:55:28.085,mayukh.mitra@oracle.com,mayukh.mitra@oracle.com,Amritha P Varshney,110551.0,"Oracle CSS, Global SaaS and Apps Delivery, Integrations",Analyst,"Oracle Tech Hub, Block B, Outer Ring Road, Bengaluru",test-amritha-p-varshney@test-email.com,8.0,Rashmi K V,
58,2024-10-02T12:56:26,2024-10-02T12:56:26.005,mayukh.mitra@oracle.com,mayukh.mitra@oracle.com,,,"Oracle CSS, Global SaaS and Apps Delivery, Integrations",Analyst,"Oracle Tech Hub, Block B, Outer Ring Road, Bengaluru",,8.0,Rashmi K V,
