{
    "items": [
        {
            "action_included": "APPROVE",
            "role_name": "Program Director"
        },
        {
            "action_included": "ENDORSE",
            "role_name": "DOT Area Manager"
        },
        {
            "action_included": "ESCLATE",
            "role_name": "DOT Project Executive"
        }
    ],
    "hasMore": false,
    "limit": 25,
    "offset": 0,
    "count": 3,
    "links": [
        {
            "rel": "self",
            "href": "https://apps-preprod-fs.transport.vic.gov.au/ords/btftapp_db/RoleMapping/getRoleNameByPage?p_page_id=2"
        },
        {
            "rel": "describedby",
            "href": "https://apps-preprod-fs.transport.vic.gov.au/ords/btftapp_db/metadata-catalog/RoleMapping/item"
        },
        {
            "rel": "first",
            "href": "https://apps-preprod-fs.transport.vic.gov.au/ords/btftapp_db/RoleMapping/getRoleNameByPage?p_page_id=2"
        }
    ]
}