{
    "items": [
        {
            "dw_key_id": 83,
            "expenditure_type_id": "300000002443262",
            "expenditure_type_name": "Travel Vehicle Mileage",
            "expenditure_type_desc": "Personal and Travel Costs - Vehicle Mileage",
            "event_type_id": null,
            "event_type_name": null,
            "event_type_desc": null,
            "resource_type_code": "EXPENDITURE_TYPE",
            "expenditure_category_id": "300000002442145",
            "expenditure_category_name": "Travel",
            "expenditure_category_desc": "Travel",
            "revenue_category_code": "ORA_OTHER",
            "unit_of_measure": "DOLLARS",
            "start_date_active": "2001-01-01T00:00:00Z",
            "end_date_active": null,
            "created_by_id": "SUDAN.RAJASHEKAR@ORACLE.COM",
            "changed_by_id": "SUDAN.RAJASHEKAR@ORACLE.COM",
            "changed_on_dt": "2020-08-10T15:35:02Z",
            "created_on_dt": "2020-08-10T15:34:14Z",
            "aux1_changed_on_dt": "2020-08-10T15:35:02Z",
            "dw_key_cd": "EXPENDITURE_TYPE~300000002443262",
            "delete_flg": "N",
            "dw_datasource_id": 112,
            "dw_insert_dt": "2020-11-09T15:51:07Z",
            "dw_update_dt": "2021-01-04T09:23:19Z"
        },
        {
            "dw_key_id": 84,
            "expenditure_type_id": "300000002443263",
            "expenditure_type_name": "Travel Overseas Airfares",
            "expenditure_type_desc": "Personal and Travel Costs - Overseas Airfares",
            "event_type_id": null,
            "event_type_name": null,
            "event_type_desc": null,
            "resource_type_code": "EXPENDITURE_TYPE",
            "expenditure_category_id": "300000002442145",
            "expenditure_category_name": "Travel",
            "expenditure_category_desc": "Travel",
            "revenue_category_code": "ORA_OTHER",
            "unit_of_measure": "DOLLARS",
            "start_date_active": "2001-01-01T00:00:00Z",
            "end_date_active": null,
            "created_by_id": "SUDAN.RAJASHEKAR@ORACLE.COM",
            "changed_by_id": "SUDAN.RAJASHEKAR@ORACLE.COM",
            "changed_on_dt": "2020-08-10T15:35:02Z",
            "created_on_dt": "2020-08-10T15:34:15Z",
            "aux1_changed_on_dt": "2020-08-10T15:35:02Z",
            "dw_key_cd": "EXPENDITURE_TYPE~300000002443263",
            "delete_flg": "N",
            "dw_datasource_id": 112,
            "dw_insert_dt": "2020-11-09T15:51:07Z",
            "dw_update_dt": "2021-01-04T09:23:19Z"
        },
        {
            "dw_key_id": 85,
            "expenditure_type_id": "300000002443264",
            "expenditure_type_name": "Travel Overseas Other",
            "expenditure_type_desc": "Personal and Travel Costs - Overseas Other",
            "event_type_id": null,
            "event_type_name": null,
            "event_type_desc": null,
            "resource_type_code": "EXPENDITURE_TYPE",
            "expenditure_category_id": "300000002442145",
            "expenditure_category_name": "Travel",
            "expenditure_category_desc": "Travel",
            "revenue_category_code": "ORA_OTHER",
            "unit_of_measure": "DOLLARS",
            "start_date_active": "2001-01-01T00:00:00Z",
            "end_date_active": null,
            "created_by_id": "SUDAN.RAJASHEKAR@ORACLE.COM",
            "changed_by_id": "SUDAN.RAJASHEKAR@ORACLE.COM",
            "changed_on_dt": "2020-08-10T15:35:02Z",
            "created_on_dt": "2020-08-10T15:34:15Z",
            "aux1_changed_on_dt": "2020-08-10T15:35:02Z",
            "dw_key_cd": "EXPENDITURE_TYPE~300000002443264",
            "delete_flg": "N",
            "dw_datasource_id": 112,
            "dw_insert_dt": "2020-11-09T15:51:07Z",
            "dw_update_dt": "2021-01-04T09:23:19Z"
        },
        {
            "dw_key_id": 86,
            "expenditure_type_id": "300000002443265",
            "expenditure_type_name": "Occupancy Cleaning",
            "expenditure_type_desc": "Occupancy - Cleaning",
            "event_type_id": null,
            "event_type_name": null,
            "event_type_desc": null,
            "resource_type_code": "EXPENDITURE_TYPE",
            "expenditure_category_id": "300000002442144",
            "expenditure_category_name": "Occupancy",
            "expenditure_category_desc": "Occupancy",
            "revenue_category_code": "ORA_OTHER",
            "unit_of_measure": "DOLLARS",
            "start_date_active": "2001-01-01T00:00:00Z",
            "end_date_active": null,
            "created_by_id": "SUDAN.RAJASHEKAR@ORACLE.COM",
            "changed_by_id": "SUDAN.RAJASHEKAR@ORACLE.COM",
            "changed_on_dt": "2020-08-10T15:35:02Z",
            "created_on_dt": "2020-08-10T15:34:15Z",
            "aux1_changed_on_dt": "2020-08-10T15:35:02Z",
            "dw_key_cd": "EXPENDITURE_TYPE~300000002443265",
            "delete_flg": "N",
            "dw_datasource_id": 112,
            "dw_insert_dt": "2020-11-09T15:51:07Z",
            "dw_update_dt": "2021-01-04T09:23:19Z"
        },
        {
            "dw_key_id": 87,
            "expenditure_type_id": "300000002443266",
            "expenditure_type_name": "Occupancy Electricity Charge",
            "expenditure_type_desc": "Occupancy - Electricity Charges",
            "event_type_id": null,
            "event_type_name": null,
            "event_type_desc": null,
            "resource_type_code": "EXPENDITURE_TYPE",
            "expenditure_category_id": "300000002442144",
            "expenditure_category_name": "Occupancy",
            "expenditure_category_desc": "Occupancy",
            "revenue_category_code": "ORA_OTHER",
            "unit_of_measure": "DOLLARS",
            "start_date_active": "2001-01-01T00:00:00Z",
            "end_date_active": null,
            "created_by_id": "SUDAN.RAJASHEKAR@ORACLE.COM",
            "changed_by_id": "SUDAN.RAJASHEKAR@ORACLE.COM",
            "changed_on_dt": "2020-08-10T15:35:02Z",
            "created_on_dt": "2020-08-10T15:34:15Z",
            "aux1_changed_on_dt": "2020-08-10T15:35:02Z",
            "dw_key_cd": "EXPENDITURE_TYPE~300000002443266",
            "delete_flg": "N",
            "dw_datasource_id": 112,
            "dw_insert_dt": "2020-11-09T15:51:07Z",
            "dw_update_dt": "2021-01-04T09:23:19Z"
        },
        {
            "dw_key_id": 89,
            "expenditure_type_id": "300000002443192",
            "expenditure_type_name": "Curr Grant VicTrack CAC only",
            "expenditure_type_desc": "Current Grant to VicTrack for Capital Assets Charge",
            "event_type_id": null,
            "event_type_name": null,
            "event_type_desc": null,
            "resource_type_code": "EXPENDITURE_TYPE",
            "expenditure_category_id": "300000002442140",
            "expenditure_category_name": "Grants Expense",
            "expenditure_category_desc": "Grants Expense",
            "revenue_category_code": "ORA_OTHER",
            "unit_of_measure": "DOLLARS",
            "start_date_active": "2001-01-01T00:00:00Z",
            "end_date_active": null,
            "created_by_id": "SUDAN.RAJASHEKAR@ORACLE.COM",
            "changed_by_id": "SUDAN.RAJASHEKAR@ORACLE.COM",
            "changed_on_dt": "2020-08-10T15:35:01Z",
            "created_on_dt": "2020-08-10T15:34:02Z",
            "aux1_changed_on_dt": "2020-08-10T15:35:01Z",
            "dw_key_cd": "EXPENDITURE_TYPE~300000002443192",
            "delete_flg": "N",
            "dw_datasource_id": 112,
            "dw_insert_dt": "2020-11-09T15:51:07Z",
            "dw_update_dt": "2021-01-04T09:23:19Z"
        },
        {
            "dw_key_id": 92,
            "expenditure_type_id": "300000002443195",
            "expenditure_type_name": "Curr Grant Public Fin Corps Outside Portfolio",
            "expenditure_type_desc": "Current Grant to Public Financial Corporations (Outside Portfolio)",
            "event_type_id": null,
            "event_type_name": null,
            "event_type_desc": null,
            "resource_type_code": "EXPENDITURE_TYPE",
            "expenditure_category_id": "300000002442140",
            "expenditure_category_name": "Grants Expense",
            "expenditure_category_desc": "Grants Expense",
            "revenue_category_code": "ORA_OTHER",
            "unit_of_measure": "DOLLARS",
            "start_date_active": "2001-01-01T00:00:00Z",
            "end_date_active": null,
            "created_by_id": "SUDAN.RAJASHEKAR@ORACLE.COM",
            "changed_by_id": "SUDAN.RAJASHEKAR@ORACLE.COM",
            "changed_on_dt": "2020-08-10T15:35:01Z",
            "created_on_dt": "2020-08-10T15:34:02Z",
            "aux1_changed_on_dt": "2020-08-10T15:35:01Z",
            "dw_key_cd": "EXPENDITURE_TYPE~300000002443195",
            "delete_flg": "N",
            "dw_datasource_id": 112,
            "dw_insert_dt": "2020-11-09T15:51:07Z",
            "dw_update_dt": "2021-01-04T09:23:19Z"
        },
        {
            "dw_key_id": 94,
            "expenditure_type_id": "300000002443197",
            "expenditure_type_name": "Curr Grant VicRoads",
            "expenditure_type_desc": "Current Grant - VicRoads",
            "event_type_id": null,
            "event_type_name": null,
            "event_type_desc": null,
            "resource_type_code": "EXPENDITURE_TYPE",
            "expenditure_category_id": "300000002442140",
            "expenditure_category_name": "Grants Expense",
            "expenditure_category_desc": "Grants Expense",
            "revenue_category_code": "ORA_OTHER",
            "unit_of_measure": "DOLLARS",
            "start_date_active": "2001-01-01T00:00:00Z",
            "end_date_active": null,
            "created_by_id": "SUDAN.RAJASHEKAR@ORACLE.COM",
            "changed_by_id": "SUDAN.RAJASHEKAR@ORACLE.COM",
            "changed_on_dt": "2020-08-10T15:35:01Z",
            "created_on_dt": "2020-08-10T15:34:02Z",
            "aux1_changed_on_dt": "2020-08-10T15:35:01Z",
            "dw_key_cd": "EXPENDITURE_TYPE~300000002443197",
            "delete_flg": "N",
            "dw_datasource_id": 112,
            "dw_insert_dt": "2020-11-09T15:51:07Z",
            "dw_update_dt": "2021-01-04T09:23:19Z"
        },
        {
            "dw_key_id": 97,
            "expenditure_type_id": "300000002443200",
            "expenditure_type_name": "Curr Grant Commercial Passenger Veh",
            "expenditure_type_desc": "Current Grant - Commercial Passenger Vehicles Victoria",
            "event_type_id": null,
            "event_type_name": null,
            "event_type_desc": null,
            "resource_type_code": "EXPENDITURE_TYPE",
            "expenditure_category_id": "300000002442140",
            "expenditure_category_name": "Grants Expense",
            "expenditure_category_desc": "Grants Expense",
            "revenue_category_code": "ORA_OTHER",
            "unit_of_measure": "DOLLARS",
            "start_date_active": "2001-01-01T00:00:00Z",
            "end_date_active": null,
            "created_by_id": "SUDAN.RAJASHEKAR@ORACLE.COM",
            "changed_by_id": "SUDAN.RAJASHEKAR@ORACLE.COM",
            "changed_on_dt": "2020-08-10T15:35:01Z",
            "created_on_dt": "2020-08-10T15:34:03Z",
            "aux1_changed_on_dt": "2020-08-10T15:35:01Z",
            "dw_key_cd": "EXPENDITURE_TYPE~300000002443200",
            "delete_flg": "N",
            "dw_datasource_id": 112,
            "dw_insert_dt": "2020-11-09T15:51:07Z",
            "dw_update_dt": "2021-01-04T09:23:19Z"
        },
        {
            "dw_key_id": 99,
            "expenditure_type_id": "300000002443202",
            "expenditure_type_name": "Curr Grant PTV Public Trans Fund",
            "expenditure_type_desc": "Current Grant - Public Transport Victoria (Public Transport Fund)",
            "event_type_id": null,
            "event_type_name": null,
            "event_type_desc": null,
            "resource_type_code": "EXPENDITURE_TYPE",
            "expenditure_category_id": "300000002442140",
            "expenditure_category_name": "Grants Expense",
            "expenditure_category_desc": "Grants Expense",
            "revenue_category_code": "ORA_OTHER",
            "unit_of_measure": "DOLLARS",
            "start_date_active": "2001-01-01T00:00:00Z",
            "end_date_active": null,
            "created_by_id": "SUDAN.RAJASHEKAR@ORACLE.COM",
            "changed_by_id": "SUDAN.RAJASHEKAR@ORACLE.COM",
            "changed_on_dt": "2020-08-10T15:35:01Z",
            "created_on_dt": "2020-08-10T15:34:03Z",
            "aux1_changed_on_dt": "2020-08-10T15:35:01Z",
            "dw_key_cd": "EXPENDITURE_TYPE~300000002443202",
            "delete_flg": "N",
            "dw_datasource_id": 112,
            "dw_insert_dt": "2020-11-09T15:51:07Z",
            "dw_update_dt": "2021-01-04T09:23:19Z"
        },
        {
            "dw_key_id": 102,
            "expenditure_type_id": "300000002443205",
            "expenditure_type_name": "Curr Grant Reg and Other Pt Budget Fund Agency",
            "expenditure_type_desc": "Current Grant to Regulatory and Other Part Budget Funded Agencies",
            "event_type_id": null,
            "event_type_name": null,
            "event_type_desc": null,
            "resource_type_code": "EXPENDITURE_TYPE",
            "expenditure_category_id": "300000002442140",
            "expenditure_category_name": "Grants Expense",
            "expenditure_category_desc": "Grants Expense",
            "revenue_category_code": "ORA_OTHER",
            "unit_of_measure": "DOLLARS",
            "start_date_active": "2001-01-01T00:00:00Z",
            "end_date_active": null,
            "created_by_id": "SUDAN.RAJASHEKAR@ORACLE.COM",
            "changed_by_id": "SUDAN.RAJASHEKAR@ORACLE.COM",
            "changed_on_dt": "2020-08-10T15:35:01Z",
            "created_on_dt": "2020-08-10T15:34:04Z",
            "aux1_changed_on_dt": "2020-08-10T15:35:01Z",
            "dw_key_cd": "EXPENDITURE_TYPE~300000002443205",
            "delete_flg": "N",
            "dw_datasource_id": 112,
            "dw_insert_dt": "2020-11-09T15:51:07Z",
            "dw_update_dt": "2021-01-04T09:23:19Z"
        },
        {
            "dw_key_id": 104,
            "expenditure_type_id": "300000002443207",
            "expenditure_type_name": "Curr Grant Other State Govts",
            "expenditure_type_desc": "Current Grant - to other State Governments",
            "event_type_id": null,
            "event_type_name": null,
            "event_type_desc": null,
            "resource_type_code": "EXPENDITURE_TYPE",
            "expenditure_category_id": "300000002442140",
            "expenditure_category_name": "Grants Expense",
            "expenditure_category_desc": "Grants Expense",
            "revenue_category_code": "ORA_OTHER",
            "unit_of_measure": "DOLLARS",
            "start_date_active": "2001-01-01T00:00:00Z",
            "end_date_active": null,
            "created_by_id": "SUDAN.RAJASHEKAR@ORACLE.COM",
            "changed_by_id": "SUDAN.RAJASHEKAR@ORACLE.COM",
            "changed_on_dt": "2020-08-10T15:35:01Z",
            "created_on_dt": "2020-08-10T15:34:04Z",
            "aux1_changed_on_dt": "2020-08-10T15:35:01Z",
            "dw_key_cd": "EXPENDITURE_TYPE~300000002443207",
            "delete_flg": "N",
            "dw_datasource_id": 112,
            "dw_insert_dt": "2020-11-09T15:51:07Z",
            "dw_update_dt": "2021-01-04T09:23:19Z"
        },
        {
            "dw_key_id": 107,
            "expenditure_type_id": "300000002443210",
            "expenditure_type_name": "Curr Grant Local Govt",
            "expenditure_type_desc": "Current Grant - to Local Government",
            "event_type_id": null,
            "event_type_name": null,
            "event_type_desc": null,
            "resource_type_code": "EXPENDITURE_TYPE",
            "expenditure_category_id": "300000002442140",
            "expenditure_category_name": "Grants Expense",
            "expenditure_category_desc": "Grants Expense",
            "revenue_category_code": "ORA_OTHER",
            "unit_of_measure": "DOLLARS",
            "start_date_active": "2001-01-01T00:00:00Z",
            "end_date_active": null,
            "created_by_id": "SUDAN.RAJASHEKAR@ORACLE.COM",
            "changed_by_id": "SUDAN.RAJASHEKAR@ORACLE.COM",
            "changed_on_dt": "2020-08-10T15:35:01Z",
            "created_on_dt": "2020-08-10T15:34:05Z",
            "aux1_changed_on_dt": "2020-08-10T15:35:01Z",
            "dw_key_cd": "EXPENDITURE_TYPE~300000002443210",
            "delete_flg": "N",
            "dw_datasource_id": 112,
            "dw_insert_dt": "2020-11-09T15:51:07Z",
            "dw_update_dt": "2021-01-04T09:23:19Z"
        },
        {
            "dw_key_id": 110,
            "expenditure_type_id": "300000002443213",
            "expenditure_type_name": "Curr Grants Priv Sect Business Non Profit Org",
            "expenditure_type_desc": "Current Grants to Private Sector Businesses and Non Profit Organisations",
            "event_type_id": null,
            "event_type_name": null,
            "event_type_desc": null,
            "resource_type_code": "EXPENDITURE_TYPE",
            "expenditure_category_id": "300000002442140",
            "expenditure_category_name": "Grants Expense",
            "expenditure_category_desc": "Grants Expense",
            "revenue_category_code": "ORA_OTHER",
            "unit_of_measure": "DOLLARS",
            "start_date_active": "2001-01-01T00:00:00Z",
            "end_date_active": null,
            "created_by_id": "SUDAN.RAJASHEKAR@ORACLE.COM",
            "changed_by_id": "SUDAN.RAJASHEKAR@ORACLE.COM",
            "changed_on_dt": "2020-08-10T15:35:01Z",
            "created_on_dt": "2020-08-10T15:34:05Z",
            "aux1_changed_on_dt": "2020-08-10T15:35:01Z",
            "dw_key_cd": "EXPENDITURE_TYPE~300000002443213",
            "delete_flg": "N",
            "dw_datasource_id": 112,
            "dw_insert_dt": "2020-11-09T15:51:07Z",
            "dw_update_dt": "2021-01-04T09:23:19Z"
        },
        {
            "dw_key_id": 112,
            "expenditure_type_id": "300000002443215",
            "expenditure_type_name": "Public Trans Ombudsman Member Levy",
            "expenditure_type_desc": "Public Transport Ombudsman Member Levy",
            "event_type_id": null,
            "event_type_name": null,
            "event_type_desc": null,
            "resource_type_code": "EXPENDITURE_TYPE",
            "expenditure_category_id": "300000002442141",
            "expenditure_category_name": "General Miscellanous",
            "expenditure_category_desc": "General Miscellanous",
            "revenue_category_code": "ORA_OTHER",
            "unit_of_measure": "DOLLARS",
            "start_date_active": "2001-01-01T00:00:00Z",
            "end_date_active": null,
            "created_by_id": "SUDAN.RAJASHEKAR@ORACLE.COM",
            "changed_by_id": "SUDAN.RAJASHEKAR@ORACLE.COM",
            "changed_on_dt": "2020-08-10T15:35:01Z",
            "created_on_dt": "2020-08-10T15:34:06Z",
            "aux1_changed_on_dt": "2020-08-10T15:35:01Z",
            "dw_key_cd": "EXPENDITURE_TYPE~300000002443215",
            "delete_flg": "N",
            "dw_datasource_id": 112,
            "dw_insert_dt": "2020-11-09T15:51:07Z",
            "dw_update_dt": "2021-01-04T09:23:19Z"
        },
        {
            "dw_key_id": 114,
            "expenditure_type_id": "300000002443217",
            "expenditure_type_name": "Deprec Infrastructure Other than Roads",
            "expenditure_type_desc": "Depreciation - Infrastructure Other than Roads",
            "event_type_id": null,
            "event_type_name": null,
            "event_type_desc": null,
            "resource_type_code": "EXPENDITURE_TYPE",
            "expenditure_category_id": "300000002442173",
            "expenditure_category_name": "Depreciation",
            "expenditure_category_desc": "Depreciation",
            "revenue_category_code": "ORA_OTHER",
            "unit_of_measure": "DOLLARS",
            "start_date_active": "2001-01-01T00:00:00Z",
            "end_date_active": null,
            "created_by_id": "SUDAN.RAJASHEKAR@ORACLE.COM",
            "changed_by_id": "SUDAN.RAJASHEKAR@ORACLE.COM",
            "changed_on_dt": "2020-08-10T15:35:01Z",
            "created_on_dt": "2020-08-10T15:34:06Z",
            "aux1_changed_on_dt": "2020-08-10T15:35:01Z",
            "dw_key_cd": "EXPENDITURE_TYPE~300000002443217",
            "delete_flg": "N",
            "dw_datasource_id": 112,
            "dw_insert_dt": "2020-11-09T15:51:07Z",
            "dw_update_dt": "2021-01-04T09:23:19Z"
        },
        {
            "dw_key_id": 116,
            "expenditure_type_id": "300000002443219",
            "expenditure_type_name": "Cap Grants Public Non Fin Corps Outside Portfolio",
            "expenditure_type_desc": "Capital Grants to Public Non-Financial Corporations (Outside Portfolio)",
            "event_type_id": null,
            "event_type_name": null,
            "event_type_desc": null,
            "resource_type_code": "EXPENDITURE_TYPE",
            "expenditure_category_id": "300000002442140",
            "expenditure_category_name": "Grants Expense",
            "expenditure_category_desc": "Grants Expense",
            "revenue_category_code": "ORA_OTHER",
            "unit_of_measure": "DOLLARS",
            "start_date_active": "2001-01-01T00:00:00Z",
            "end_date_active": null,
            "created_by_id": "SUDAN.RAJASHEKAR@ORACLE.COM",
            "changed_by_id": "SUDAN.RAJASHEKAR@ORACLE.COM",
            "changed_on_dt": "2020-08-10T15:35:01Z",
            "created_on_dt": "2020-08-10T15:34:06Z",
            "aux1_changed_on_dt": "2020-08-10T15:35:01Z",
            "dw_key_cd": "EXPENDITURE_TYPE~300000002443219",
            "delete_flg": "N",
            "dw_datasource_id": 112,
            "dw_insert_dt": "2020-11-09T15:51:07Z",
            "dw_update_dt": "2021-01-04T09:23:19Z"
        },
        {
            "dw_key_id": 119,
            "expenditure_type_id": "300000002443222",
            "expenditure_type_name": "Cap Grant Reg and Oth Pt Budget Fund Agency",
            "expenditure_type_desc": "Capital Grant to Regulatory and Other Part Budget Funded Agencies",
            "event_type_id": null,
            "event_type_name": null,
            "event_type_desc": null,
            "resource_type_code": "EXPENDITURE_TYPE",
            "expenditure_category_id": "300000002442140",
            "expenditure_category_name": "Grants Expense",
            "expenditure_category_desc": "Grants Expense",
            "revenue_category_code": "ORA_OTHER",
            "unit_of_measure": "DOLLARS",
            "start_date_active": "2001-01-01T00:00:00Z",
            "end_date_active": null,
            "created_by_id": "SUDAN.RAJASHEKAR@ORACLE.COM",
            "changed_by_id": "SUDAN.RAJASHEKAR@ORACLE.COM",
            "changed_on_dt": "2020-08-10T15:35:01Z",
            "created_on_dt": "2020-08-10T15:34:07Z",
            "aux1_changed_on_dt": "2020-08-10T15:35:01Z",
            "dw_key_cd": "EXPENDITURE_TYPE~300000002443222",
            "delete_flg": "N",
            "dw_datasource_id": 112,
            "dw_insert_dt": "2020-11-09T15:51:07Z",
            "dw_update_dt": "2021-01-04T09:23:19Z"
        },
        {
            "dw_key_id": 121,
            "expenditure_type_id": "300000002443224",
            "expenditure_type_name": "Cap Grant Other State Govt",
            "expenditure_type_desc": "Capital Grant - to Other State Governments",
            "event_type_id": null,
            "event_type_name": null,
            "event_type_desc": null,
            "resource_type_code": "EXPENDITURE_TYPE",
            "expenditure_category_id": "300000002442140",
            "expenditure_category_name": "Grants Expense",
            "expenditure_category_desc": "Grants Expense",
            "revenue_category_code": "ORA_OTHER",
            "unit_of_measure": "DOLLARS",
            "start_date_active": "2001-01-01T00:00:00Z",
            "end_date_active": null,
            "created_by_id": "SUDAN.RAJASHEKAR@ORACLE.COM",
            "changed_by_id": "SUDAN.RAJASHEKAR@ORACLE.COM",
            "changed_on_dt": "2020-08-10T15:35:01Z",
            "created_on_dt": "2020-08-10T15:34:07Z",
            "aux1_changed_on_dt": "2020-08-10T15:35:01Z",
            "dw_key_cd": "EXPENDITURE_TYPE~300000002443224",
            "delete_flg": "N",
            "dw_datasource_id": 112,
            "dw_insert_dt": "2020-11-09T15:51:07Z",
            "dw_update_dt": "2021-01-04T09:23:19Z"
        },
        {
            "dw_key_id": 122,
            "expenditure_type_id": "300000002443225",
            "expenditure_type_name": "Cap Grant Local Govt",
            "expenditure_type_desc": "Capital Grant - to Local Government",
            "event_type_id": null,
            "event_type_name": null,
            "event_type_desc": null,
            "resource_type_code": "EXPENDITURE_TYPE",
            "expenditure_category_id": "300000002442140",
            "expenditure_category_name": "Grants Expense",
            "expenditure_category_desc": "Grants Expense",
            "revenue_category_code": "ORA_OTHER",
            "unit_of_measure": "DOLLARS",
            "start_date_active": "2001-01-01T00:00:00Z",
            "end_date_active": null,
            "created_by_id": "SUDAN.RAJASHEKAR@ORACLE.COM",
            "changed_by_id": "SUDAN.RAJASHEKAR@ORACLE.COM",
            "changed_on_dt": "2020-08-10T15:35:01Z",
            "created_on_dt": "2020-08-10T15:34:07Z",
            "aux1_changed_on_dt": "2020-08-10T15:35:01Z",
            "dw_key_cd": "EXPENDITURE_TYPE~300000002443225",
            "delete_flg": "N",
            "dw_datasource_id": 112,
            "dw_insert_dt": "2020-11-09T15:51:07Z",
            "dw_update_dt": "2021-01-04T09:23:19Z"
        },
        {
            "dw_key_id": 123,
            "expenditure_type_id": "300000002443226",
            "expenditure_type_name": "Cap Grants Priv Sect Bus Non Profit",
            "expenditure_type_desc": "Capital Grants to Private Sector Businesses and Non-Profit Organisations",
            "event_type_id": null,
            "event_type_name": null,
            "event_type_desc": null,
            "resource_type_code": "EXPENDITURE_TYPE",
            "expenditure_category_id": "300000002442140",
            "expenditure_category_name": "Grants Expense",
            "expenditure_category_desc": "Grants Expense",
            "revenue_category_code": "ORA_OTHER",
            "unit_of_measure": "DOLLARS",
            "start_date_active": "2001-01-01T00:00:00Z",
            "end_date_active": null,
            "created_by_id": "SUDAN.RAJASHEKAR@ORACLE.COM",
            "changed_by_id": "SUDAN.RAJASHEKAR@ORACLE.COM",
            "changed_on_dt": "2020-08-10T15:35:01Z",
            "created_on_dt": "2020-08-10T15:34:08Z",
            "aux1_changed_on_dt": "2020-08-10T15:35:01Z",
            "dw_key_cd": "EXPENDITURE_TYPE~300000002443226",
            "delete_flg": "N",
            "dw_datasource_id": 112,
            "dw_insert_dt": "2020-11-09T15:51:07Z",
            "dw_update_dt": "2021-01-04T09:23:19Z"
        },
        {
            "dw_key_id": 124,
            "expenditure_type_id": "300000002443227",
            "expenditure_type_name": "Grants Households and Persons",
            "expenditure_type_desc": "Grants to Households and Persons",
            "event_type_id": null,
            "event_type_name": null,
            "event_type_desc": null,
            "resource_type_code": "EXPENDITURE_TYPE",
            "expenditure_category_id": "300000002442140",
            "expenditure_category_name": "Grants Expense",
            "expenditure_category_desc": "Grants Expense",
            "revenue_category_code": "ORA_OTHER",
            "unit_of_measure": "DOLLARS",
            "start_date_active": "2001-01-01T00:00:00Z",
            "end_date_active": null,
            "created_by_id": "SUDAN.RAJASHEKAR@ORACLE.COM",
            "changed_by_id": "SUDAN.RAJASHEKAR@ORACLE.COM",
            "changed_on_dt": "2020-08-10T15:35:01Z",
            "created_on_dt": "2020-08-10T15:34:08Z",
            "aux1_changed_on_dt": "2020-08-10T15:35:01Z",
            "dw_key_cd": "EXPENDITURE_TYPE~300000002443227",
            "delete_flg": "N",
            "dw_datasource_id": 112,
            "dw_insert_dt": "2020-11-09T15:51:07Z",
            "dw_update_dt": "2021-01-04T09:23:19Z"
        },
        {
            "dw_key_id": 314,
            "expenditure_type_id": "300000002443379",
            "expenditure_type_name": "IT CenITex Other Charges",
            "expenditure_type_desc": "IT - CenITex Other Charges",
            "event_type_id": null,
            "event_type_name": null,
            "event_type_desc": null,
            "resource_type_code": "EXPENDITURE_TYPE",
            "expenditure_category_id": "300000002442152",
            "expenditure_category_name": "IT Costs",
            "expenditure_category_desc": "IT Costs",
            "revenue_category_code": "ORA_OTHER",
            "unit_of_measure": "DOLLARS",
            "start_date_active": "2001-01-01T00:00:00Z",
            "end_date_active": null,
            "created_by_id": "SUDAN.RAJASHEKAR@ORACLE.COM",
            "changed_by_id": "SUDAN.RAJASHEKAR@ORACLE.COM",
            "changed_on_dt": "2020-08-10T15:35:03Z",
            "created_on_dt": "2020-08-10T15:34:37Z",
            "aux1_changed_on_dt": "2020-08-10T15:35:03Z",
            "dw_key_cd": "EXPENDITURE_TYPE~300000002443379",
            "delete_flg": "N",
            "dw_datasource_id": 112,
            "dw_insert_dt": "2020-11-09T15:51:07Z",
            "dw_update_dt": "2021-01-04T09:23:19Z"
        },
        {
            "dw_key_id": 315,
            "expenditure_type_id": "300000002443380",
            "expenditure_type_name": "IT CenITex Projects",
            "expenditure_type_desc": "IT -CenITex Projects",
            "event_type_id": null,
            "event_type_name": null,
            "event_type_desc": null,
            "resource_type_code": "EXPENDITURE_TYPE",
            "expenditure_category_id": "300000002442152",
            "expenditure_category_name": "IT Costs",
            "expenditure_category_desc": "IT Costs",
            "revenue_category_code": "ORA_OTHER",
            "unit_of_measure": "DOLLARS",
            "start_date_active": "2001-01-01T00:00:00Z",
            "end_date_active": null,
            "created_by_id": "SUDAN.RAJASHEKAR@ORACLE.COM",
            "changed_by_id": "SUDAN.RAJASHEKAR@ORACLE.COM",
            "changed_on_dt": "2020-08-10T15:35:03Z",
            "created_on_dt": "2020-08-10T15:34:37Z",
            "aux1_changed_on_dt": "2020-08-10T15:35:03Z",
            "dw_key_cd": "EXPENDITURE_TYPE~300000002443380",
            "delete_flg": "N",
            "dw_datasource_id": 112,
            "dw_insert_dt": "2020-11-09T15:51:07Z",
            "dw_update_dt": "2021-01-04T09:23:19Z"
        },
        {
            "dw_key_id": 316,
            "expenditure_type_id": "300000002443381",
            "expenditure_type_name": "Telco Desktop Phone Charge NonAgency",
            "expenditure_type_desc": "Telecommunications - desktop phone call charges - NonAgency",
            "event_type_id": null,
            "event_type_name": null,
            "event_type_desc": null,
            "resource_type_code": "EXPENDITURE_TYPE",
            "expenditure_category_id": "300000002442148",
            "expenditure_category_name": "Telecommunications",
            "expenditure_category_desc": "Telecommunications",
            "revenue_category_code": "ORA_OTHER",
            "unit_of_measure": "DOLLARS",
            "start_date_active": "2001-01-01T00:00:00Z",
            "end_date_active": null,
            "created_by_id": "SUDAN.RAJASHEKAR@ORACLE.COM",
            "changed_by_id": "SUDAN.RAJASHEKAR@ORACLE.COM",
            "changed_on_dt": "2020-08-10T15:35:03Z",
            "created_on_dt": "2020-08-10T15:34:37Z",
            "aux1_changed_on_dt": "2020-08-10T15:35:03Z",
            "dw_key_cd": "EXPENDITURE_TYPE~300000002443381",
            "delete_flg": "N",
            "dw_datasource_id": 112,
            "dw_insert_dt": "2020-11-09T15:51:07Z",
            "dw_update_dt": "2021-01-04T09:23:19Z"
        }
    ],
    "hasMore": true,
    "limit": 25,
    "offset": 0,
    "count": 25,
    "links": [
        {
            "rel": "self",
            "href": "https://coq4hi5ehnacuc6-dotvicadwdev.adb.ap-sydney-1.oraclecloudapps.com/ords/btftapp_db/erpanaDWH/display_financial_resource"
        },
        {
            "rel": "describedby",
            "href": "https://coq4hi5ehnacuc6-dotvicadwdev.adb.ap-sydney-1.oraclecloudapps.com/ords/btftapp_db/metadata-catalog/erpanaDWH/item"
        },
        {
            "rel": "first",
            "href": "https://coq4hi5ehnacuc6-dotvicadwdev.adb.ap-sydney-1.oraclecloudapps.com/ords/btftapp_db/erpanaDWH/display_financial_resource"
        },
        {
            "rel": "next",
            "href": "https://coq4hi5ehnacuc6-dotvicadwdev.adb.ap-sydney-1.oraclecloudapps.com/ords/btftapp_db/erpanaDWH/display_financial_resource?offset=25"
        }
    ]
}