{
  "description": "",
  "variables": {
    "detail": {
      "required": true,
      "type": "any",
      "input": "fromCaller"
    }
  },
  "root": "callComponentOjDialog10845910171Close",
  "actions": {
    "navigateToDefaultRootPage": {
      "module": "vb/action/builtin/navigateAction",
      "parameters": {
        "page": "/"
      }
    },
    "callComponentOjDialog10845910171Close": {
      "module": "vb/action/builtin/callComponentMethodAction",
      "parameters": {
        "component": "{{ document.getElementById('oj-dialog-1084591017-1') }}",
        "method": "close"
      },
      "outcomes": {
        "success": "navigateToDefaultRootPage"
      }
    }
  }
}