{
  "description": "",
  "root": "callFunctionPrintObject",
  "actions": {
    "callFunctionPrintObject": {
      "module": "vb/action/builtin/callModuleFunctionAction",
      "parameters": {
        "module": "[[ $functions ]]",
        "functionName": "printObject",
        "params": [
          "{{ $variables.current.data.ItemPath }}",
          "current path"
        ]
      },
      "outcomes": {
        "success": "navigateToVariablesCurrentDataNavigationPath"
      }
    },
    "navigateToVariablesCurrentDataNavigationPath": {
      "module": "vb/action/builtin/navigateToPageAction",
      "parameters": {
        "page": "{{ $variables.current.data.navigation_path }}"
      }
    }
  },
  "variables": {
    "detail": {
      "required": true,
      "type": "any",
      "input": "fromCaller"
    },
    "key": {
      "required": true,
      "type": "any",
      "input": "fromCaller"
    },
    "index": {
      "required": true,
      "type": "number",
      "input": "fromCaller"
    },
    "current": {
      "required": true,
      "type": "any",
      "input": "fromCaller"
    }
  }
}