{
  "root": "if",
  "description": "",
  "variables": {},
  "actions": {
    "callModuleFunction1": {
      "module": "vb/action/builtin/callModuleFunctionAction",
      "parameters": {
        "module": "[[ $page.functions ]]",
        "functionName": "setupSessionHandler",
        "params": [
          "{{ $application.variables.configVal.commonConfVal.timeoutVal }}"
        ]
      }
    },
    "if": {
      "module": "vb/action/builtin/ifAction",
      "parameters": {
        "condition": "[[ $application.variables.configVal && $application.variables.configVal.commonConfVal ]]"
      },
      "outcomes": {
        "true": "callModuleFunction1"
      }
    }
  }
}