{
  "description": "",
  "root": "ifCount",
  "actions": {
    "navigateToMainMainStart": {
      "module": "vb/action/builtin/navigateAction",
      "@dt": {
        "targetType": "flow"
      },
      "parameters": {
        "flow": "main",
        "page": "main-start",
        "params": {
          "budget_type_id": -1,
          "status": "{{ $variables.category }}",
          "searchProjNum": "-1",
          "search_category": "NOTIFICATION"
        }
      }
    },
    "ifCount": {
      "module": "vb/action/builtin/ifAction",
      "parameters": {
        "condition": "[[ $variables.count > 0 ]]"
      },
      "outcomes": {
        "true": "navigateToMainMainStart"
      }
    }
  },
  "variables": {
    "category": {
      "type": "string",
      "input": "fromCaller"
    },
    "count": {
      "type": "number",
      "input": "fromCaller"
    },
    "detail": {
      "required": true,
      "type": "any",
      "input": "fromCaller"
    },
    "navigation_path": {
      "type": "string",
      "required": false,
      "input": "fromCaller",
      "defaultValue": "shell/main/main-start"
    }
  }
}