{
  "description": "",
  "root": "callFunctionPrintObject",
  "actions": {
    "callFunctionPrintObject": {
      "module": "vb/action/builtin/callModuleFunctionAction",
      "parameters": {
        "module": "[[ $functions ]]",
        "functionName": "printObject",
        "params": [
          "{{ $variables.menuId }}",
          "menuId"
        ]
      },
      "outcomes": {
        "success": "ifMenuId"
      }
    },
    "ifMenuId": {
      "module": "vb/action/builtin/ifAction",
      "parameters": {
        "condition": "[[ $variables.menuId == \"out\" ]]"
      },
      "outcomes": {
        "true": "callChainLogoutChain"
      }
    },
    "callChainLogoutChain": {
      "module": "vb/action/builtin/callChainAction",
      "parameters": {
        "id": "logoutChain"
      }
    }
  },
  "variables": {
    "menuId": {
      "required": true,
      "type": "any",
      "input": "fromCaller"
    }
  }
}