{
  "description": "",
  "root": "callFunctionPrintObject3",
  "actions": {
    "assignVariablesNavigationMenuClickItemName": {
      "module": "vb/action/builtin/assignVariablesAction",
      "parameters": {
        "$page.variables.navigationMenuClickItemName": {
          "source": "{{ $variables.detail }}"
        },
        "$application.variables.menuItemClickName": {
          "source": "{{ $variables.detail }}"
        },
        "$page.variables.navigationMenuClickItemId": {
          "source": "{{ $variables.currentId }}"
        },
        "$application.variables.menuItemClickId": {
          "source": "{{ $variables.currentId }}"
        }
      },
      "outcomes": {
        "success": "callFunctionPrintObject"
      }
    },
    "callFunctionPrintObject": {
      "module": "vb/action/builtin/callModuleFunctionAction",
      "parameters": {
        "module": "[[ $functions ]]",
        "functionName": "printObject",
        "params": [
          "{{ $variables.detail }}",
          "navigation menu item click name"
        ]
      },
      "outcomes": {
        "success": "if"
      }
    },
    "callFunctionNavigationMenuLink": {
      "module": "vb/action/builtin/callModuleFunctionAction",
      "parameters": {
        "module": "[[ $application.functions ]]",
        "functionName": "navigationMenuLink",
        "params": [
          "{{ $page.variables.navigationMenuClickItemName }}",
          "{{ $application.variables.menuDataTreeArr }}"
        ]
      },
      "outcomes": {
        "success": "assignVariablesMenuFunctionLinkParameters"
      }
    },
    "switchNavigationMenuClickItemName": {
      "module": "vb/action/builtin/switchAction",
      "parameters": {
        "caseValue": "[[ $page.variables.navigationMenuClickItemName ]]",
        "possibleValues": [
          "Draft",
          "Submitted",
          "Posted",
          "PostedError",
          "Approved",
          "Rejected",
          "Withdrawn",
          "Total",
          "Controlling Budget",
          "Controlling Budget Allocation",
          "Sub Project Allocation",
          "WBS Allocation",
          "Recent Changes",
          "Sub Project"
        ]
      },
      "outcomes": {
        "Draft": "navigateToMainTestNavigationMenu3",
        "Submitted": "navigateToMainTestNavigationMenu9",
        "Posted": "navigateToMainTestNavigationMenu6",
        "PostedError": "navigateToMainTestNavigationMenu7",
        "Approved": "navigateToMainTestNavigationMenu2",
        "Rejected": "navigateToMainTestNavigationMenu8",
        "Withdrawn": "navigateToMainTestNavigationMenu11",
        "Total": "navigateToMainTestNavigationMenu10",
        "Controlling Budget": "ifNavigationMenuClickItemId",
        "Controlling Budget Allocation": "callFunctionShowSearchProjectDialog2",
        "Sub Project Allocation": "callFunctionShowSearchProjectDialog3",
        "WBS Allocation": "callFunctionShowSearchProjectDialog4",
        "Recent Changes": "navigateToMainTestNavigationMenu12",
        "Sub Project": "navigateToMainTestNavigationMenu14"
      }
    },
    "assignVariablesMenuFunctionLinkParameters": {
      "module": "vb/action/builtin/assignVariablesAction",
      "parameters": {
        "$application.variables.menuFunctionLinkParameters": {
          "source": "{{ $chain.results.callFunctionNavigationMenuLink }}",
          "auto": "always",
          "reset": "empty"
        }
      },
      "outcomes": {
        "success": "callFunctionPrintObject2"
      }
    },
    "callFunctionPrintObject2": {
      "module": "vb/action/builtin/callModuleFunctionAction",
      "parameters": {
        "module": "[[ $functions ]]",
        "functionName": "printObject",
        "params": [
          "{{ $application.variables.menuFunctionLinkParameters }}",
          "link parameters object"
        ]
      },
      "outcomes": {
        "success": "callFunctionPrintObject4"
      }
    },
    "callFunctionPrintObject3": {
      "module": "vb/action/builtin/callModuleFunctionAction",
      "parameters": {
        "module": "[[ $functions ]]",
        "functionName": "printObject",
        "params": [
          null,
          "menu link click!!!"
        ]
      },
      "outcomes": {
        "success": "assignVariablesNavigationMenuClickItemName"
      }
    },
    "if": {
      "module": "vb/action/builtin/ifAction",
      "parameters": {
        "condition": "[[ $page.variables.navigationMenuClickItemName == \"Reports\" || $page.variables.navigationMenuClickItemName == \"Administration\" ]]"
      },
      "outcomes": {
        "true": "switchNavigationMenuClickItemName2",
        "false": "callFunctionNavigationMenuLink"
      }
    },
    "switchNavigationMenuClickItemName2": {
      "module": "vb/action/builtin/switchAction",
      "parameters": {
        "caseValue": "[[ $page.variables.navigationMenuClickItemName ]]",
        "possibleValues": [
          "Reports",
          "Administration"
        ]
      },
      "outcomes": {
        "Reports": "navigateToMainReport",
        "Administration": "navigateToMainAdmin2"
      }
    },
    "navigateToMainAdmin2": {
      "module": "vb/action/builtin/navigateToPageAction",
      "parameters": {
        "page": "shell/main/main-admin"
      }
    },
    "navigateToMainReport": {
      "module": "vb/action/builtin/navigateToPageAction",
      "parameters": {
        "page": "shell/main/main-report"
      }
    },
    "callFunctionPrintObject4": {
      "module": "vb/action/builtin/callModuleFunctionAction",
      "parameters": {
        "module": "[[ $functions ]]",
        "functionName": "printObject",
        "params": [
          "{{ $application.currentPage.id }}",
          "current page name !!!"
        ]
      },
      "outcomes": {
        "success": "switchNavigationMenuClickItemName"
      }
    },
    "callFunctionShowSearchProjectDialog2": {
      "module": "vb/action/builtin/callModuleFunctionAction",
      "parameters": {
        "module": "[[ $functions ]]",
        "functionName": "showSearchProjectDialog"
      }
    },
    "callFunctionShowSearchProjectDialog3": {
      "module": "vb/action/builtin/callModuleFunctionAction",
      "parameters": {
        "module": "[[ $functions ]]",
        "functionName": "showSearchProjectDialog"
      }
    },
    "callFunctionShowSearchProjectDialog4": {
      "module": "vb/action/builtin/callModuleFunctionAction",
      "parameters": {
        "module": "[[ $functions ]]",
        "functionName": "showSearchProjectDialog"
      }
    },
    "navigateToMainTestNavigationMenu2": {
      "module": "vb/action/builtin/navigateToPageAction",
      "parameters": {
        "page": "main/main-test-navigation-menu"
      }
    },
    "navigateToMainTestNavigationMenu3": {
      "module": "vb/action/builtin/navigateToPageAction",
      "parameters": {
        "page": "main/main-test-navigation-menu"
      }
    },
    "navigateToMainTestNavigationMenu6": {
      "module": "vb/action/builtin/navigateToPageAction",
      "parameters": {
        "page": "main/main-test-navigation-menu"
      }
    },
    "navigateToMainTestNavigationMenu7": {
      "module": "vb/action/builtin/navigateToPageAction",
      "parameters": {
        "page": "main/main-test-navigation-menu"
      }
    },
    "navigateToMainTestNavigationMenu8": {
      "module": "vb/action/builtin/navigateToPageAction",
      "parameters": {
        "page": "main/main-test-navigation-menu"
      }
    },
    "navigateToMainTestNavigationMenu9": {
      "module": "vb/action/builtin/navigateToPageAction",
      "parameters": {
        "page": "main/main-test-navigation-menu"
      }
    },
    "navigateToMainTestNavigationMenu10": {
      "module": "vb/action/builtin/navigateToPageAction",
      "parameters": {
        "page": "main/main-test-navigation-menu"
      }
    },
    "navigateToMainTestNavigationMenu11": {
      "module": "vb/action/builtin/navigateToPageAction",
      "parameters": {
        "page": "main/main-test-navigation-menu"
      }
    },
    "navigateToMainTestNavigationMenu12": {
      "module": "vb/action/builtin/navigateToPageAction",
      "parameters": {
        "page": "main/main-test-navigation-menu"
      }
    },
    "navigateToMainTestNavigationMenu13": {
      "module": "vb/action/builtin/navigateToPageAction",
      "parameters": {
        "page": "main/main-test-navigation-menu"
      }
    },
    "navigateToMainTestNavigationMenu14": {
      "module": "vb/action/builtin/navigateToPageAction",
      "parameters": {
        "page": "main/main-test-navigation-menu"
      }
    },
    "ifNavigationMenuClickItemId": {
      "module": "vb/action/builtin/ifAction",
      "parameters": {
        "condition": "[[ $page.variables.navigationMenuClickItemId !== 3 ]]"
      },
      "outcomes": {
        "true": "navigateToMainTestNavigationMenu13"
      }
    }
  },
  "variables": {
    "currentId": {
      "type": "any",
      "required": true,
      "input": "fromCaller"
    },
    "detail": {
      "type": "any",
      "required": true,
      "input": "fromCaller"
    }
  }
}