{
  "description": "",
  "variables": {
    "selection": {
      "required": true,
      "type": "any",
      "input": "fromCaller"
    },
    "performNavigation": {
      "type": "boolean",
      "input": "fromCaller"
    }
  },
  "root": "if1",
  "actions": {
    "navigateToPage": {
      "module": "vb/action/builtin/navigateToPageAction",
      "parameters": {
        "page": "[[ 'shell/' + $variables.selection ]]"
      }
    },
    "if1": {
      "module": "vb/action/builtin/ifAction",
      "parameters": {
        "condition": "{{ $chain.variables.performNavigation }}"
      },
      "outcomes": {
        "true": "navigateToPage"
      }
    }
  }
}