{

  "description": "",
    "routerFlow": "main",
    "variables": {
      "messagesADP": {
        "type": "vb/ArrayDataProvider",
        "defaultValue": {
          "idAttribute": "id",
          "itemType": "page:messageType"
        }
      },
      "messageId": {
        "type": "number",
        "defaultValue": 0
      },
      "navigationMenuClickItemId": {
        "type": "number"
      },
      "navigationMenuClickItemName": {
        "type": "string"
      },
      "pageBackground": {
        "type": "string"
      },
      "searchContextADP": {
        "type": "vb/ArrayDataProvider2",
        "defaultValue": {
          "itemType": "SearchCombType",
          "keyAttributes": "combination_id"
        },
        "rateLimit": {
          "timeout": 500
        }
      },
      "searchNaviPath": {
        "type": "string"
      },
      "searchText": {
        "type": "string"
      },
      "selectedMenuItemPath": {
        "type": "string"
      }
  
    },
    "types": {
      "@decorators.SearchCombType": {
        "endpoint": "getSearch_combinations",
        "service": "ordsBtftapp",
        "path": "response"
      },
      "@decorators.SearchContextType": {
        "endpoint": "getProjectSearchContext",
        "service": "ordsBtftapp",
        "path": "response"
      },
      "messageType": {
        "id": "string",
        "severity": "string",
        "detail": "string",
        "autoTimeout": "number"
      },
      "SearchCombType": { "combination_id": "number"
      },
      "SearchContextType": {
            "label": "string",
            "matching_source": "string",
            "project_num": "string",
            "value": "string"
      }
    },
    "chains": {
  
    },
    "eventListeners": {
    "aboutMouseover": {
      "chains": [
        {
          "chainId": "openCloseAboutUsPopup"
        }
      ]
    },

    "aClick2": {
        "chains": [
          {
            "chainId": "HyperlinkClickChain1"
          }
        ]
      },
      "aClick3": {
        "chains": [
          {
            "chainId": "HyperlinkClickChain2"
          }
        ]
      },
      "aClick4": {
        "chains": [
          {
            "chainId": "HyperlinkClickChain3"
          }
        ]
      },
      "aClick5": {
        "chains": [
          {
            "chainId": "HyperlinkClickChain1"
          }
        ]
      },
      "aClick6": {
        "chains": [
          {
            "chainId": "HyperlinkClickChain1"
          }
        ]
      },
      "aClick7": {
        "chains": [
          {
            "chainId": "HyperlinkClickChain1"
          }
        ]
      },
      "aClick9": {
        "chains": [
          {
            "chainId": "NavigationMenuLinkClickChain",
            "parameters": {
              "detail": "{{ $current.data.name }}",
              "currentId": "{{ $current.data.function_id }}"
            }
          }
        ]
      },
      "btnHomeOjAction": {
        "chains": [
          {
            "chainId": "navigateToMainHomePage",
            "parameters": {
              "detail": "{{ $event.detail }}"
            }
          }
        ]
      },
      "btnSearchOjAction": {
        "chains": [
          {
            "chainId": "searchProjectsActionChain",
            "parameters": {
              "detail": "{{ $event.detail }}"
            }
          }
        ]
      },
      "CurrentDataFunctionIdClick": {
        "chains": [
          {
            "chainId": "menuItemClickChain",
            "parameters": {
              "detail": "{{ $event.detail }}",
              "navigation_path": "shell/main/main-start",
              "category": "DRAFT",
              "count": "5"
            }
          }
        ]
      },
    "hyperlinkClick": {
      "chains": [
        {
          "chain": "HyperlinkClickChain4"
        }
      ]
    },
    "hyperlinkClick2": {
      "chains": [
        {
          "chain": "HyperlinkClickChain5"
        }
      ]
    },
    "menu1OjAction": {
        "chains": [
          {
            "chainId": "MenuActionChain1",
            "parameters": {
              "menuId": "{{$event.target.value}}"
            }
          }
        ]
      },
      "ojButtonOjAction": {
        "chains": [
          {
            "chainId": "ButtonActionChain1"
          }
        ]
      },
      "ojButtonOjAction1": {
        "chains": [
          {
            "chainId": "hideSearchProjectDialog",
            "parameters": {
              "detail": "{{ $event.detail }}"
            }
          }
        ]
      },
      "ojButtonOjAction2": {
        "chains": [
          {
            "chainId": "clickMenuItemActionChain",
            "parameters": {
              "detail": "{{ $event.detail }}",
              "key": "{{ $current.key }}",
              "index": "{{ $current.index }}",
              "current": "{{ $current }}"
            }
          }
        ]
      },
      "ojButtonOjAction3": {
        "chains": [
          {
            "chainId": "hideSearchProjectDialog"
          }
        ]
      },
      "ojButtonOjAction4": {
        "chains": [
          {
            "chainId": "ButtonActionChain1"
          }
        ]
      },
      "ojButtonOjAction5": {
        "chains": [
          {
            "chainId": "menuActionChain"
          }
        ]
      },
    "spanClick": {
      "chains": [
        {
          "chainId": "openCloseAboutUsPopup"
        }
      ]
    },
    "vbNotification": {
        "chains": [
          {
            "chainId": "showNotification",
            "parameters": {
              "eventPayload": "{{ { id: $page.variables.messageId, detail: $event.message, severity: $event.type, autoTimeout: $event.displayMode === 'transient' ? 0 : -1 } }}"
            }
          }
        ]
      },
      "onMessageClose": {
        "chains": [
          {
            "chainId": "closeNotificationHandler",
            "parameters": {
              "eventMessage": "{{ $event.detail.message }}"
            }
          }
        ]
      },
      "ojNavigationListMainSelection": {
        "chains": [
          {
            "chainId": "navigationListSelectionChange",
            "parameters": {
              "selection": "{{ $event.detail.value }}",
              "performNavigation": "{{ $event.detail.updatedFrom !== 'external' }}"
            }
          }
        ]
      },
      "vbEnter": {
        "chains": [
          {
            "chainId": "setInitialTabSelection",
            "parameters": {
              "isInitialLoad": "{{ $application.variables.initialLoad }}"
            }
          },
          {
            "chainId": "initActionChain",
            "parameters": {}
          }
        ]
      },
      "sessionIdle": {
        "chains": [
          {
            "chainId": "sessionIdleActionChain",
            "parameters": {}
          }
        ]
      }
  
    },
    "imports": {
      "components": {
        "oj-avatar": {
          "path": "ojs/ojavatar"
        },
        "oj-button": {
          "path": "ojs/ojbutton"
        },
        "oj-dialog": {
          "path": "ojs/ojdialog"
        },
        "oj-input-text": {
          "path": "ojs/ojinputtext"
        },
        "oj-list-item-layout": {
          "path": "ojs/ojlistitemlayout"
        },
        "oj-list-view": {
          "path": "ojs/ojlistview"
        },
        "oj-messages": {
          "path": "ojs/ojmessages"
        },
        "oj-menu": {
          "path": "ojs/ojmenu"
        },
        "oj-menu-button": {
          "path": "ojs/ojbutton"
        },
        "oj-option": {
          "path": "ojs/ojoption"
        },
      "oj-popup": {
        "path": "ojs/ojpopup"
      },
      "oj-toolbar": {
          "path": "ojs/ojtoolbar"
        },
        "oj-navigation-list": {
          "path": "ojs/ojnavigationlist"
        },
        "oj-offCanvas": {
          "path": "ojs/ojoffcanvas"
        },
        "oj-tree-view": {
          "path": "ojs/ojtreeview"
        }
  
      }
    },
    "events": {
      "sessionIdle": {}
    }
  }