{
    "items": [
        {
            "comment_id": 47698,
            "comment_date": "17-Jan-2025 06:02 PM",
            "user_name": "ashutosh.tomar@oracle.com",
            "person_name": "Ashutosh Tomar",
            "comments": "Budget Reviewed.",
            "status": "Endorsed"
        },
        {
            "comment_id": 47697,
            "comment_date": "17-Jan-2025 03:52 PM",
            "user_name": "ashutosh.tomar@oracle.com",
            "person_name": "Ashutosh Tomar",
            "comments": "JBU is completed",
            "status": "Submitted"
        }
    ],
    "hasMore": false,
    "limit": 500,
    "offset": 0,
    "count": 2,
    "links": [
        {
            "rel": "self",
            "href": "https://apps-preprod-fs.transport.vic.gov.au/ords/btftapp_db/projWBS/getCurrentMonthComments?subProjNum=100531.098&commentLevel=T"
        },
        {
            "rel": "describedby",
            "href": "https://apps-preprod-fs.transport.vic.gov.au/ords/btftapp_db/metadata-catalog/projWBS/item"
        },
        {
            "rel": "first",
            "href": "https://apps-preprod-fs.transport.vic.gov.au/ords/btftapp_db/projWBS/getCurrentMonthComments?subProjNum=100531.098&commentLevel=T"
        }
    ]
}