{
  "root": "callRestGetBudgetProjectActionList",
  "description": "",
  "actions": {
    "fireNotification": {
      "module": "vb/action/builtin/fireNotificationEventAction",
      "parameters": {
        "target": "leaf",
        "summary": "[[ $chain.results.callRestGetBudgetProjectActionList.message.summary ]]",
        "type": "error",
        "displayMode": "persist"
      }
    },
    "callRestGetBudgetProjectActionList": {
      "module": "vb/action/builtin/restAction",
      "parameters": {
        "endpoint": "ordsBtftapp/getBudgetProjectActionList"
      },
      "outcomes": {
        "failure": "fireNotification"
      }
    }
  }
}