{
    "roleMapping": {
        "idcsHostUrl": "https://idcs-ed2c70e18b8a43f299038e55316d9ae3.identity.oraclecloud.com:443",
        "roles": {
            "Organizaton-Dev_Hierarchy_Page_User_Role": {
                "base_configuration": {
                    "users": [
                        {
                            "id": "982eee739b6e4301a03e7d9b7e810862",
                            "displayName": "OIC_DEV_INTEGRATION2 OIC DEV",
                            "userName": "OIC_DEV_INTEGRATION2"
                        }
                    ],
                    "groups": [ ]
                }
            },
            "Organization_Publish_Hierarchy_Page_User_Role": {
                "base_configuration": {
                    "users": [
                        {
                            "id": "982eee739b6e4301a03e7d9b7e810862",
                            "displayName": "OIC_DEV_INTEGRATION2 OIC DEV",
                            "userName": "OIC_DEV_INTEGRATION2"
                        }
                    ],
                    "groups": [ ]
                }
            },
            "Job_Classification_Page_User_Role": {
                "base_configuration": {
                    "users": [
                        {
                            "id": "86738c829fba4af59b9104b44577393d",
                            "displayName": "Hari Prasad",
                            "userName": "hari.prasad@gib.com"
                        },
                        {
                            "id": "982eee739b6e4301a03e7d9b7e810862",
                            "displayName": "OIC_DEV_INTEGRATION2 OIC DEV",
                            "userName": "OIC_DEV_INTEGRATION2"
                        }
                    ],
                    "groups": [ ]
                }
            }
        }
    }
}