{
    "items": [
        {
            "comment_id": 2,
            "comment_date": "29-Apr-2021 12:04 PM",
            "user_name": "Admin",
            "comments": "Data is approving..",
            "status": "APPROVE"
        },
        {
            "comment_id": 1,
            "comment_date": "29-Apr-2021 12:04 PM",
            "user_name": "Admin",
            "comments": "Data submitted for FY21",
            "status": "SUBMIT"
        }
    ],
    "hasMore": false,
    "limit": 500,
    "offset": 0,
    "count": 2,
    "links": [
        {
            "rel": "self",
            "href": "https://coq4hi5ehnacuc6-dotvicadwdev.adb.ap-sydney-1.oraclecloudapps.com/ords/btftapp_db/projWBS/getProjectComments?subProjNum=200073.96"
        },
        {
            "rel": "describedby",
            "href": "https://coq4hi5ehnacuc6-dotvicadwdev.adb.ap-sydney-1.oraclecloudapps.com/ords/btftapp_db/metadata-catalog/projWBS/item"
        },
        {
            "rel": "first",
            "href": "https://coq4hi5ehnacuc6-dotvicadwdev.adb.ap-sydney-1.oraclecloudapps.com/ords/btftapp_db/projWBS/getProjectComments?subProjNum=200073.96"
        }
    ]
}