{
    "openapi": "3.0.0",
    "info": {
        "title": "Ic Api",
        "version": "1.0.0"
    },
    "servers": [
        {
            "url": "https://dotvic-prod-sdkuzeu06hot-sy.integration.ocp.oraclecloud.com/ic/api/integration/v1/flows/rest/INT26_BTFT_PFM_GET_PROJ_USER_ROL/1.0",
            "description": "Ic Api",
            "x-vb": {
                "authentication": {
                    "authenticated": {
                        "type": "basic",
                        "credentials": "vb_8adaf7a2-424f-48b5-bb51-9e6874b2df40"
                    }
                },
                "forceProxy": "cors"
            }
        }
    ],
    "paths": {
        "/GetProjectTaskDetails": {
            "get": {
                "operationId": "getGetProjectTaskDetails",
                "responses": {
                    "default": {
                        "description": "Response for default",
                        "content": {
                            "application/json": {
                                "schema": {
                                    "$ref": "#/components/schemas/GetGetProjectTaskDetails"
                                },
                                "examples": {
                                    "vb": {
                                        "summary": "Example stored by VB User",
                                        "externalValue": "./examples/getGetProjectTaskDetails/response_default_application_json_vb.json"
                                    }
                                }
                            }
                        }
                    }
                },
                "x-vb": {
                    "actionHint": "getMany"
                },
                "parameters": [
                    {
                        "name": "RoleName",
                        "in": "query",
                        "schema": {
                            "type": "string"
                        }
                    },
                    {
                        "name": "UserName",
                        "in": "query",
                        "required": true,
                        "schema": {
                            "type": "string"
                        },
                        "x-vb": {
                            "defaultValue": "KalladM"
                        }
                    },
                    {
                        "name": "ProjectId",
                        "in": "query",
                        "schema": {
                            "type": "string"
                        }
                    }
                ]
            }
        }
    },
    "components": {
        "schemas": {
            "GetGetProjectTaskDetails": {
                "type": "object",
                "properties": {
                    "GetProjectUserRoleResponse": {
                        "type": "object",
                        "properties": {
                            "TotalRecordCount": {
                                "type": "string"
                            },
                            "Status": {
                                "type": "string"
                            },
                            "ProjectUserDetails": {
                                "type": "object",
                                "properties": {
                                    "UserDetails": {
                                        "type": "object",
                                        "properties": {
                                            "EmployeeId": {
                                                "type": "string"
                                            },
                                            "UserId": {
                                                "type": "string"
                                            },
                                            "UserName": {
                                                "type": "string"
                                            },
                                            "FirstName": {
                                                "type": "string"
                                            },
                                            "LastName": {
                                                "type": "string"
                                            },
                                            "FullName": {
                                                "type": "string"
                                            },
                                            "EmailAddress": {
                                                "type": "string"
                                            }
                                        }
                                    },
                                    "UserRoleDetails": {
                                        "type": "array",
                                        "items": {
                                            "type": "object",
                                            "properties": {
                                                "RoleName": {
                                                    "type": "string"
                                                },
                                                "RoleStartDate": {
                                                    "type": "string"
                                                },
                                                "RoleEndDate": {
                                                    "type": "string"
                                                }
                                            }
                                        }
                                    },
                                    "ProjectDetails": {
                                        "type": "array",
                                        "items": {
                                            "type": "object",
                                            "properties": {
                                                "ProjectId": {
                                                    "type": "string"
                                                },
                                                "ProjectNumber": {
                                                    "type": "string"
                                                },
                                                "ProjectName": {
                                                    "type": "string"
                                                },
                                                "ProjectType": {
                                                    "type": "string"
                                                },
                                                "ProjectOrgName": {
                                                    "type": "string"
                                                },
                                                "ProjectStatus": {
                                                    "type": "string"
                                                },
                                                "ProjectStartDate": {
                                                    "type": "string"
                                                },
                                                "ProjectEndDate": {
                                                    "type": "string"
                                                },
                                                "CustomerName": {
                                                    "type": "string"
                                                },
                                                "RoadName": {
                                                    "type": "string"
                                                },
                                                "GeospatialDocumentFlag": {
                                                    "type": "string"
                                                },
                                                "ProjectTeamMembers": {
                                                    "type": "string"
                                                },
                                                "ProjectRoleName": {
                                                    "type": "string"
                                                },
                                                "ProjectRoleStartDate": {
                                                    "type": "string"
                                                },
                                                "ProjectRoleEndDate": {
                                                    "type": "string"
                                                }
                                            }
                                        }
                                    }
                                }
                            }
                        }
                    }
                }
            }
        }
    }
}