{
  "description": "Replace navigateToSelfWorkAround with navigateToSelf when SPECTRAUI-14672 is fixed",
  "root": "navigateToSelfWorkAround",
  "actions": {
    "navigateToSelf": {
      "module": "vb/action/builtin/navigateAction",
      "parameters": {
        "page": "[[ $application.currentPage.id ]]",
        "params": {
          "childView": "{{ $page.variables.selectedChildView }}",
          "currentItemId": "{{ $page.variables.currentItemId}}"
        },
        "history": "replace"
      }
    },
    "navigateToSelfWorkAround": {
      "module": "vb/action/builtin/callModuleFunctionAction",
      "parameters": {
        "module": "{{ $page.functions }}",
        "functionName": "replaceCurrentHistoryEntry",
        "params": [
          "{{ $page.variables.selectedChildView }}"
        ]
      },
      "outcomes": {
        "success": "updateChildViewValue"
      }
    },
    "updateChildViewValue": {
      "module": "vb/action/builtin/assignVariablesAction",
      "parameters": {
        "$page.variables.childView": {
          "source": "{{ $page.variables.selectedChildView }}"
        }
      },
      "outcomes": {
        "success": "navigateToSelf"
      }
    }
  }
}