{
    "action": "SAVE",
    "sub_project_number": "200073.30",
    "budget_type_id": 3,
    "allocation_batch_number": 72357,
    "status": "Draft",
    "period_fy": "FY22",
    "count": 0,
    "updated": "Y",
    "created_by": "hariharasubramanian.vijayakum@oracle.com",
    "period_code": 2022,
    "data": [
        {
            "apr": 0,
            "aug": 0,
            "dec": 0,
            "expenditure_type_id": "300000003483897",
            "expenditure_type_name": "Amortisation Building Leased",
            "feb": 0,
            "jan": 0,
            "jul": 0,
            "jun": 0,
            "mar": 0,
            "may": 0,
            "mcal_year": 2022,
            "nov": 0,
            "oct": 0,
            "period_code": 2022,
            "period_fy": "FY22",
            "project_end_date": "30-JUN-2026",
            "project_start_date": "01-JUL-2016",
            "sep": 0,
            "task_end_date": "30-JUN-2026",
            "task_number": "02.01.01",
            "task_start_date": "01-JUL-2016",
            "fy_total": "0.00",
            "all_fy_total": "0.00",
            "total_budget": "83,000.00",
            "column_total_budget": {
                "jul": 0,
                "aug": 0,
                "sep": 0,
                "oct": 0,
                "nov": 133000,
                "dec": -50000,
                "jan": 0,
                "feb": 0,
                "mar": 0,
                "apr": 0,
                "may": 0,
                "jun": 0
            }
        },
        {
            "apr": 0,
            "aug": 0,
            "dec": 0,
            "expenditure_type_id": "300000003880280",
            "expenditure_type_name": "CAM Operating Exp with GG Current",
            "feb": 0,
            "jan": 0,
            "jul": 0,
            "jun": 0,
            "mar": 0,
            "may": 0,
            "mcal_year": 2022,
            "nov": 0,
            "oct": 0,
            "period_code": 2022,
            "period_fy": "FY22",
            "project_end_date": "30-JUN-2026",
            "project_start_date": "01-JUL-2016",
            "sep": 0,
            "task_end_date": "30-JUN-2026",
            "task_number": "02.01.01",
            "task_start_date": "01-JUL-2016",
            "fy_total": "0.00",
            "all_fy_total": "200,080.00",
            "total_budget": "83,000.00",
            "column_total_budget": {
                "jul": 0,
                "aug": 0,
                "sep": 0,
                "oct": 0,
                "nov": 133000,
                "dec": -50000,
                "jan": 0,
                "feb": 0,
                "mar": 0,
                "apr": 0,
                "may": 0,
                "jun": 0
            }
        },
        {
            "apr": 0,
            "aug": 0,
            "dec": 0,
            "expenditure_type_id": "300000003483959",
            "expenditure_type_name": "Contractors Non Agency",
            "feb": 0,
            "jan": 0,
            "jul": 0,
            "jun": 0,
            "mar": 0,
            "may": 0,
            "mcal_year": 2022,
            "nov": 0,
            "oct": 0,
            "period_code": 2022,
            "period_fy": "FY22",
            "project_end_date": "30-JUN-2026",
            "project_start_date": "01-JUL-2016",
            "sep": 0,
            "task_end_date": "30-JUN-2026",
            "task_number": "02.01.01",
            "task_start_date": "01-JUL-2016",
            "fy_total": "0.00",
            "all_fy_total": "200,000.00",
            "total_budget": "83,000.00",
            "column_total_budget": {
                "jul": 0,
                "aug": 0,
                "sep": 0,
                "oct": 0,
                "nov": 133000,
                "dec": -50000,
                "jan": 0,
                "feb": 0,
                "mar": 0,
                "apr": 0,
                "may": 0,
                "jun": 0
            }
        },
        {
            "apr": 0,
            "aug": 0,
            "dec": 0,
            "expenditure_type_id": "300000003483887",
            "expenditure_type_name": "Depn RoU Buildings GG",
            "feb": 0,
            "jan": 0,
            "jul": 0,
            "jun": 0,
            "mar": 0,
            "may": 0,
            "mcal_year": 2022,
            "nov": 13000,
            "oct": 0,
            "period_code": 2022,
            "period_fy": "FY22",
            "project_end_date": "30-JUN-2026",
            "project_start_date": "01-JUL-2016",
            "sep": 0,
            "task_end_date": "30-JUN-2026",
            "task_number": "02.01.01",
            "task_start_date": "01-JUL-2016",
            "fy_total": "13,000.00",
            "all_fy_total": "213,000.00",
            "total_budget": "83,000.00",
            "column_total_budget": {
                "jul": 0,
                "aug": 0,
                "sep": 0,
                "oct": 0,
                "nov": 133000,
                "dec": -50000,
                "jan": 0,
                "feb": 0,
                "mar": 0,
                "apr": 0,
                "may": 0,
                "jun": 0
            }
        },
        {
            "apr": 0,
            "aug": 0,
            "dec": 0,
            "expenditure_type_id": "300000003483971",
            "expenditure_type_name": "General Cost Recoveries",
            "feb": 0,
            "jan": 0,
            "jul": 0,
            "jun": 0,
            "mar": 0,
            "may": 0,
            "mcal_year": 2022,
            "nov": 0,
            "oct": 0,
            "period_code": 2022,
            "period_fy": "FY22",
            "project_end_date": "30-JUN-2026",
            "project_start_date": "01-JUL-2016",
            "sep": 0,
            "task_end_date": "30-JUN-2026",
            "task_number": "02.01.01",
            "task_start_date": "01-JUL-2016",
            "fy_total": "0.00",
            "all_fy_total": "200,000.00",
            "total_budget": "83,000.00",
            "column_total_budget": {
                "jul": 0,
                "aug": 0,
                "sep": 0,
                "oct": 0,
                "nov": 133000,
                "dec": -50000,
                "jan": 0,
                "feb": 0,
                "mar": 0,
                "apr": 0,
                "may": 0,
                "jun": 0
            }
        },
        {
            "apr": 0,
            "aug": 0,
            "dec": 0,
            "expenditure_type_id": "300000003880168",
            "expenditure_type_name": "Occupancy Recharge",
            "feb": 0,
            "jan": 0,
            "jul": 0,
            "jun": 0,
            "mar": 0,
            "may": 0,
            "mcal_year": 2022,
            "nov": 0,
            "oct": 0,
            "period_code": 2022,
            "period_fy": "FY22",
            "project_end_date": "30-JUN-2026",
            "project_start_date": "01-JUL-2016",
            "sep": 0,
            "task_end_date": "30-JUN-2026",
            "task_number": "02.01.01",
            "task_start_date": "01-JUL-2016",
            "fy_total": "0.00",
            "all_fy_total": "200,000.00",
            "total_budget": "83,000.00",
            "column_total_budget": {
                "jul": 0,
                "aug": 0,
                "sep": 0,
                "oct": 0,
                "nov": 133000,
                "dec": -50000,
                "jan": 0,
                "feb": 0,
                "mar": 0,
                "apr": 0,
                "may": 0,
                "jun": 0
            }
        },
        {
            "apr": 0,
            "aug": 0,
            "dec": 0,
            "expenditure_type_id": "300000003483999",
            "expenditure_type_name": "Occupancy Rent",
            "feb": 0,
            "jan": 0,
            "jul": 0,
            "jun": 0,
            "mar": 0,
            "may": 0,
            "mcal_year": 2022,
            "nov": 0,
            "oct": 0,
            "period_code": 2022,
            "period_fy": "FY22",
            "project_end_date": "30-JUN-2026",
            "project_start_date": "01-JUL-2016",
            "sep": 0,
            "task_end_date": "30-JUN-2026",
            "task_number": "02.01.01",
            "task_start_date": "01-JUL-2016",
            "fy_total": "0.00",
            "all_fy_total": "200,000.00",
            "total_budget": "83,000.00",
            "column_total_budget": {
                "jul": 0,
                "aug": 0,
                "sep": 0,
                "oct": 0,
                "nov": 133000,
                "dec": -50000,
                "jan": 0,
                "feb": 0,
                "mar": 0,
                "apr": 0,
                "may": 0,
                "jun": 0
            }
        },
        {
            "apr": 0,
            "aug": 0,
            "dec": 0,
            "expenditure_type_id": "300000003483862",
            "expenditure_type_name": "Salaries",
            "feb": 0,
            "jan": 0,
            "jul": 0,
            "jun": 0,
            "mar": 0,
            "may": 0,
            "mcal_year": 2022,
            "nov": 0,
            "oct": 0,
            "period_code": 2022,
            "period_fy": "FY22",
            "project_end_date": "30-JUN-2026",
            "project_start_date": "01-JUL-2016",
            "sep": 0,
            "task_end_date": "30-JUN-2026",
            "task_number": "02.01.01",
            "task_start_date": "01-JUL-2016",
            "fy_total": "0.00",
            "all_fy_total": "0.00",
            "total_budget": "83,000.00",
            "column_total_budget": {
                "jul": 0,
                "aug": 0,
                "sep": 0,
                "oct": 0,
                "nov": 133000,
                "dec": -50000,
                "jan": 0,
                "feb": 0,
                "mar": 0,
                "apr": 0,
                "may": 0,
                "jun": 0
            }
        },
        {
            "apr": 0,
            "aug": 0,
            "dec": -50000,
            "expenditure_type_id": "300000003483866",
            "expenditure_type_name": "Salaries Capitalised to Asset",
            "feb": 0,
            "jan": 0,
            "jul": 0,
            "jun": 0,
            "mar": 0,
            "may": 0,
            "mcal_year": 2022,
            "nov": 120000,
            "oct": 0,
            "period_code": 2022,
            "period_fy": "FY22",
            "project_end_date": "30-JUN-2026",
            "project_start_date": "01-JUL-2016",
            "sep": 0,
            "task_end_date": "30-JUN-2026",
            "task_number": "02.01.01",
            "task_start_date": "01-JUL-2016",
            "fy_total": "70,000.00",
            "all_fy_total": "70,000.00",
            "total_budget": "83,000.00",
            "column_total_budget": {
                "jul": 0,
                "aug": 0,
                "sep": 0,
                "oct": 0,
                "nov": 133000,
                "dec": -50000,
                "jan": 0,
                "feb": 0,
                "mar": 0,
                "apr": 0,
                "may": 0,
                "jun": 0
            }
        },
        {
            "apr": 0,
            "aug": 0,
            "dec": 0,
            "expenditure_type_id": "300000003483867",
            "expenditure_type_name": "Salaries Internal Transfers",
            "feb": 0,
            "jan": 0,
            "jul": 0,
            "jun": 0,
            "mar": 0,
            "may": 0,
            "mcal_year": 2022,
            "nov": 0,
            "oct": 0,
            "period_code": 2022,
            "period_fy": "FY22",
            "project_end_date": "30-JUN-2026",
            "project_start_date": "01-JUL-2016",
            "sep": 0,
            "task_end_date": "30-JUN-2026",
            "task_number": "02.01.01",
            "task_start_date": "01-JUL-2016",
            "fy_total": "0.00",
            "all_fy_total": "0.00",
            "total_budget": "83,000.00",
            "column_total_budget": {
                "jul": 0,
                "aug": 0,
                "sep": 0,
                "oct": 0,
                "nov": 133000,
                "dec": -50000,
                "jan": 0,
                "feb": 0,
                "mar": 0,
                "apr": 0,
                "may": 0,
                "jun": 0
            }
        },
        {
            "apr": 0,
            "aug": 0,
            "dec": 0,
            "expenditure_type_id": "300000003483897",
            "expenditure_type_name": "Amortisation Building Leased",
            "feb": 0,
            "jan": 0,
            "jul": 0,
            "jun": 0,
            "mar": 0,
            "may": 0,
            "mcal_year": 2022,
            "nov": 0,
            "oct": 0,
            "period_code": 2022,
            "period_fy": "FY22",
            "project_end_date": "30-JUN-2026",
            "project_start_date": "01-JUL-2016",
            "sep": 0,
            "task_end_date": "30-JUN-2026",
            "task_number": "02.01.02",
            "task_start_date": "01-JUL-2016",
            "fy_total": "0.00",
            "all_fy_total": "0.00",
            "total_budget": "83,000.00",
            "column_total_budget": {
                "jul": 0,
                "aug": 0,
                "sep": 0,
                "oct": 0,
                "nov": 133000,
                "dec": -50000,
                "jan": 0,
                "feb": 0,
                "mar": 0,
                "apr": 0,
                "may": 0,
                "jun": 0
            }
        },
        {
            "apr": 0,
            "aug": 0,
            "dec": 0,
            "expenditure_type_id": "300000003880280",
            "expenditure_type_name": "CAM Operating Exp with GG Current",
            "feb": 0,
            "jan": 0,
            "jul": 0,
            "jun": 0,
            "mar": 0,
            "may": 0,
            "mcal_year": 2022,
            "nov": 0,
            "oct": 0,
            "period_code": 2022,
            "period_fy": "FY22",
            "project_end_date": "30-JUN-2026",
            "project_start_date": "01-JUL-2016",
            "sep": 0,
            "task_end_date": "30-JUN-2026",
            "task_number": "02.01.02",
            "task_start_date": "01-JUL-2016",
            "fy_total": "0.00",
            "all_fy_total": "0.00",
            "total_budget": "83,000.00",
            "column_total_budget": {
                "jul": 0,
                "aug": 0,
                "sep": 0,
                "oct": 0,
                "nov": 133000,
                "dec": -50000,
                "jan": 0,
                "feb": 0,
                "mar": 0,
                "apr": 0,
                "may": 0,
                "jun": 0
            }
        },
        {
            "apr": 0,
            "aug": 0,
            "dec": 0,
            "expenditure_type_id": "300000003483988",
            "expenditure_type_name": "Domestic Other",
            "feb": 0,
            "jan": 0,
            "jul": 0,
            "jun": 0,
            "mar": 0,
            "may": 0,
            "mcal_year": 2022,
            "nov": 0,
            "oct": 0,
            "period_code": 2022,
            "period_fy": "FY22",
            "project_end_date": "30-JUN-2026",
            "project_start_date": "01-JUL-2016",
            "sep": 0,
            "task_end_date": "30-JUN-2026",
            "task_number": "02.01.02",
            "task_start_date": "01-JUL-2016",
            "fy_total": "0.00",
            "all_fy_total": "0.00",
            "total_budget": "83,000.00",
            "column_total_budget": {
                "jul": 0,
                "aug": 0,
                "sep": 0,
                "oct": 0,
                "nov": 133000,
                "dec": -50000,
                "jan": 0,
                "feb": 0,
                "mar": 0,
                "apr": 0,
                "may": 0,
                "jun": 0
            }
        },
        {
            "apr": 0,
            "aug": 0,
            "dec": 0,
            "expenditure_type_id": "300000003483971",
            "expenditure_type_name": "General Cost Recoveries",
            "feb": 0,
            "jan": 0,
            "jul": 0,
            "jun": 0,
            "mar": 0,
            "may": 0,
            "mcal_year": 2022,
            "nov": 0,
            "oct": 0,
            "period_code": 2022,
            "period_fy": "FY22",
            "project_end_date": "30-JUN-2026",
            "project_start_date": "01-JUL-2016",
            "sep": 0,
            "task_end_date": "30-JUN-2026",
            "task_number": "02.01.02",
            "task_start_date": "01-JUL-2016",
            "fy_total": "0.00",
            "all_fy_total": "0.00",
            "total_budget": "83,000.00",
            "column_total_budget": {
                "jul": 0,
                "aug": 0,
                "sep": 0,
                "oct": 0,
                "nov": 133000,
                "dec": -50000,
                "jan": 0,
                "feb": 0,
                "mar": 0,
                "apr": 0,
                "may": 0,
                "jun": 0
            }
        },
        {
            "apr": 0,
            "aug": 0,
            "dec": 0,
            "expenditure_type_id": "300000003483999",
            "expenditure_type_name": "Occupancy Rent",
            "feb": 0,
            "jan": 0,
            "jul": 0,
            "jun": 0,
            "mar": 0,
            "may": 0,
            "mcal_year": 2022,
            "nov": 0,
            "oct": 0,
            "period_code": 2022,
            "period_fy": "FY22",
            "project_end_date": "30-JUN-2026",
            "project_start_date": "01-JUL-2016",
            "sep": 0,
            "task_end_date": "30-JUN-2026",
            "task_number": "02.01.02",
            "task_start_date": "01-JUL-2016",
            "fy_total": "0.00",
            "all_fy_total": "0.00",
            "total_budget": "83,000.00",
            "column_total_budget": {
                "jul": 0,
                "aug": 0,
                "sep": 0,
                "oct": 0,
                "nov": 133000,
                "dec": -50000,
                "jan": 0,
                "feb": 0,
                "mar": 0,
                "apr": 0,
                "may": 0,
                "jun": 0
            }
        },
        {
            "apr": 0,
            "aug": 0,
            "dec": 0,
            "expenditure_type_id": "300000003483866",
            "expenditure_type_name": "Salaries Capitalised to Asset",
            "feb": 0,
            "jan": 0,
            "jul": 0,
            "jun": 0,
            "mar": 0,
            "may": 0,
            "mcal_year": 2022,
            "nov": 0,
            "oct": 0,
            "period_code": 2022,
            "period_fy": "FY22",
            "project_end_date": "30-JUN-2026",
            "project_start_date": "01-JUL-2016",
            "sep": 0,
            "task_end_date": "30-JUN-2026",
            "task_number": "02.01.02",
            "task_start_date": "01-JUL-2016",
            "fy_total": "0.00",
            "all_fy_total": "0.00",
            "total_budget": "83,000.00",
            "column_total_budget": {
                "jul": 0,
                "aug": 0,
                "sep": 0,
                "oct": 0,
                "nov": 133000,
                "dec": -50000,
                "jan": 0,
                "feb": 0,
                "mar": 0,
                "apr": 0,
                "may": 0,
                "jun": 0
            }
        },
        {
            "apr": 0,
            "aug": 0,
            "dec": 0,
            "expenditure_type_id": "300000003483896",
            "expenditure_type_name": "Amortisation Building Leasehold Improvement",
            "feb": 0,
            "jan": 0,
            "jul": 0,
            "jun": 0,
            "mar": 0,
            "may": 0,
            "mcal_year": 2022,
            "nov": 0,
            "oct": 0,
            "period_code": 2022,
            "period_fy": "FY22",
            "project_end_date": "30-JUN-2026",
            "project_start_date": "01-JUL-2016",
            "sep": 0,
            "task_end_date": "30-JUN-2026",
            "task_number": "02.01.03",
            "task_start_date": "01-JUL-2016",
            "fy_total": "0.00",
            "all_fy_total": "0.00",
            "total_budget": "83,000.00",
            "column_total_budget": {
                "jul": 0,
                "aug": 0,
                "sep": 0,
                "oct": 0,
                "nov": 133000,
                "dec": -50000,
                "jan": 0,
                "feb": 0,
                "mar": 0,
                "apr": 0,
                "may": 0,
                "jun": 0
            }
        },
        {
            "apr": 0,
            "aug": 0,
            "dec": 0,
            "expenditure_type_id": "300000003483969",
            "expenditure_type_name": "Assets less than 5000 Non Portable and Attractive",
            "feb": 0,
            "jan": 0,
            "jul": 0,
            "jun": 0,
            "mar": 0,
            "may": 0,
            "mcal_year": 2022,
            "nov": 0,
            "oct": 0,
            "period_code": 2022,
            "period_fy": "FY22",
            "project_end_date": "30-JUN-2026",
            "project_start_date": "01-JUL-2016",
            "sep": 0,
            "task_end_date": "30-JUN-2026",
            "task_number": "02.01.03",
            "task_start_date": "01-JUL-2016",
            "fy_total": "0.00",
            "all_fy_total": "0.00",
            "total_budget": "83,000.00",
            "column_total_budget": {
                "jul": 0,
                "aug": 0,
                "sep": 0,
                "oct": 0,
                "nov": 133000,
                "dec": -50000,
                "jan": 0,
                "feb": 0,
                "mar": 0,
                "apr": 0,
                "may": 0,
                "jun": 0
            }
        },
        {
            "apr": 0,
            "aug": 0,
            "dec": 0,
            "expenditure_type_id": "300000003880280",
            "expenditure_type_name": "CAM Operating Exp with GG Current",
            "feb": 0,
            "jan": 0,
            "jul": 0,
            "jun": 0,
            "mar": 0,
            "may": 0,
            "mcal_year": 2022,
            "nov": 0,
            "oct": 0,
            "period_code": 2022,
            "period_fy": "FY22",
            "project_end_date": "30-JUN-2026",
            "project_start_date": "01-JUL-2016",
            "sep": 0,
            "task_end_date": "30-JUN-2026",
            "task_number": "02.01.03",
            "task_start_date": "01-JUL-2016",
            "fy_total": "0.00",
            "all_fy_total": "0.00",
            "total_budget": "83,000.00",
            "column_total_budget": {
                "jul": 0,
                "aug": 0,
                "sep": 0,
                "oct": 0,
                "nov": 133000,
                "dec": -50000,
                "jan": 0,
                "feb": 0,
                "mar": 0,
                "apr": 0,
                "may": 0,
                "jun": 0
            }
        },
        {
            "apr": 0,
            "aug": 0,
            "dec": 0,
            "expenditure_type_id": "300000003483959",
            "expenditure_type_name": "Contractors Non Agency",
            "feb": 0,
            "jan": 0,
            "jul": 0,
            "jun": 0,
            "mar": 0,
            "may": 0,
            "mcal_year": 2022,
            "nov": 0,
            "oct": 0,
            "period_code": 2022,
            "period_fy": "FY22",
            "project_end_date": "30-JUN-2026",
            "project_start_date": "01-JUL-2016",
            "sep": 0,
            "task_end_date": "30-JUN-2026",
            "task_number": "02.01.03",
            "task_start_date": "01-JUL-2016",
            "fy_total": "0.00",
            "all_fy_total": "0.00",
            "total_budget": "83,000.00",
            "column_total_budget": {
                "jul": 0,
                "aug": 0,
                "sep": 0,
                "oct": 0,
                "nov": 133000,
                "dec": -50000,
                "jan": 0,
                "feb": 0,
                "mar": 0,
                "apr": 0,
                "may": 0,
                "jun": 0
            }
        },
        {
            "apr": 0,
            "aug": 0,
            "dec": 0,
            "expenditure_type_id": "300000003483988",
            "expenditure_type_name": "Domestic Other",
            "feb": 0,
            "jan": 0,
            "jul": 0,
            "jun": 0,
            "mar": 0,
            "may": 0,
            "mcal_year": 2022,
            "nov": 0,
            "oct": 0,
            "period_code": 2022,
            "period_fy": "FY22",
            "project_end_date": "30-JUN-2026",
            "project_start_date": "01-JUL-2016",
            "sep": 0,
            "task_end_date": "30-JUN-2026",
            "task_number": "02.01.03",
            "task_start_date": "01-JUL-2016",
            "fy_total": "0.00",
            "all_fy_total": "0.00",
            "total_budget": "83,000.00",
            "column_total_budget": {
                "jul": 0,
                "aug": 0,
                "sep": 0,
                "oct": 0,
                "nov": 133000,
                "dec": -50000,
                "jan": 0,
                "feb": 0,
                "mar": 0,
                "apr": 0,
                "may": 0,
                "jun": 0
            }
        },
        {
            "apr": 0,
            "aug": 0,
            "dec": 0,
            "expenditure_type_id": "300000003483971",
            "expenditure_type_name": "General Cost Recoveries",
            "feb": 0,
            "jan": 0,
            "jul": 0,
            "jun": 0,
            "mar": 0,
            "may": 0,
            "mcal_year": 2022,
            "nov": 0,
            "oct": 0,
            "period_code": 2022,
            "period_fy": "FY22",
            "project_end_date": "30-JUN-2026",
            "project_start_date": "01-JUL-2016",
            "sep": 0,
            "task_end_date": "30-JUN-2026",
            "task_number": "02.01.03",
            "task_start_date": "01-JUL-2016",
            "fy_total": "0.00",
            "all_fy_total": "0.00",
            "total_budget": "83,000.00",
            "column_total_budget": {
                "jul": 0,
                "aug": 0,
                "sep": 0,
                "oct": 0,
                "nov": 133000,
                "dec": -50000,
                "jan": 0,
                "feb": 0,
                "mar": 0,
                "apr": 0,
                "may": 0,
                "jun": 0
            }
        },
        {
            "apr": 0,
            "aug": 0,
            "dec": 0,
            "expenditure_type_id": "300000003483999",
            "expenditure_type_name": "Occupancy Rent",
            "feb": 0,
            "jan": 0,
            "jul": 0,
            "jun": 0,
            "mar": 0,
            "may": 0,
            "mcal_year": 2022,
            "nov": 0,
            "oct": 0,
            "period_code": 2022,
            "period_fy": "FY22",
            "project_end_date": "30-JUN-2026",
            "project_start_date": "01-JUL-2016",
            "sep": 0,
            "task_end_date": "30-JUN-2026",
            "task_number": "02.01.03",
            "task_start_date": "01-JUL-2016",
            "fy_total": "0.00",
            "all_fy_total": "0.00",
            "total_budget": "83,000.00",
            "column_total_budget": {
                "jul": 0,
                "aug": 0,
                "sep": 0,
                "oct": 0,
                "nov": 133000,
                "dec": -50000,
                "jan": 0,
                "feb": 0,
                "mar": 0,
                "apr": 0,
                "may": 0,
                "jun": 0
            }
        },
        {
            "apr": 0,
            "aug": 0,
            "dec": 0,
            "expenditure_type_id": "300000003880066",
            "expenditure_type_name": "Official Hospitality Non Dept Staff No FBT",
            "feb": 0,
            "jan": 0,
            "jul": 0,
            "jun": 0,
            "mar": 0,
            "may": 0,
            "mcal_year": 2022,
            "nov": 0,
            "oct": 0,
            "period_code": 2022,
            "period_fy": "FY22",
            "project_end_date": "30-JUN-2026",
            "project_start_date": "01-JUL-2016",
            "sep": 0,
            "task_end_date": "30-JUN-2026",
            "task_number": "02.01.03",
            "task_start_date": "01-JUL-2016",
            "fy_total": "0.00",
            "all_fy_total": "0.00",
            "total_budget": "83,000.00",
            "column_total_budget": {
                "jul": 0,
                "aug": 0,
                "sep": 0,
                "oct": 0,
                "nov": 133000,
                "dec": -50000,
                "jan": 0,
                "feb": 0,
                "mar": 0,
                "apr": 0,
                "may": 0,
                "jun": 0
            }
        },
        {
            "apr": 0,
            "aug": 0,
            "dec": 0,
            "expenditure_type_id": "300000003483993",
            "expenditure_type_name": "Overseas Airfares",
            "feb": 0,
            "jan": 0,
            "jul": 0,
            "jun": 0,
            "mar": 0,
            "may": 0,
            "mcal_year": 2022,
            "nov": 0,
            "oct": 0,
            "period_code": 2022,
            "period_fy": "FY22",
            "project_end_date": "30-JUN-2026",
            "project_start_date": "01-JUL-2016",
            "sep": 0,
            "task_end_date": "30-JUN-2026",
            "task_number": "02.01.03",
            "task_start_date": "01-JUL-2016",
            "fy_total": "0.00",
            "all_fy_total": "0.00",
            "total_budget": "83,000.00",
            "column_total_budget": {
                "jul": 0,
                "aug": 0,
                "sep": 0,
                "oct": 0,
                "nov": 133000,
                "dec": -50000,
                "jan": 0,
                "feb": 0,
                "mar": 0,
                "apr": 0,
                "may": 0,
                "jun": 0
            }
        },
        {
            "apr": 0,
            "aug": 0,
            "dec": 0,
            "expenditure_type_id": "300000003483862",
            "expenditure_type_name": "Salaries",
            "feb": 0,
            "jan": 0,
            "jul": 0,
            "jun": 0,
            "mar": 0,
            "may": 0,
            "mcal_year": 2022,
            "nov": 0,
            "oct": 0,
            "period_code": 2022,
            "period_fy": "FY22",
            "project_end_date": "30-JUN-2026",
            "project_start_date": "01-JUL-2016",
            "sep": 0,
            "task_end_date": "30-JUN-2026",
            "task_number": "02.01.03",
            "task_start_date": "01-JUL-2016",
            "fy_total": "0.00",
            "all_fy_total": "0.00",
            "total_budget": "83,000.00",
            "column_total_budget": {
                "jul": 0,
                "aug": 0,
                "sep": 0,
                "oct": 0,
                "nov": 133000,
                "dec": -50000,
                "jan": 0,
                "feb": 0,
                "mar": 0,
                "apr": 0,
                "may": 0,
                "jun": 0
            }
        },
        {
            "apr": 0,
            "aug": 0,
            "dec": 0,
            "expenditure_type_id": "300000003483867",
            "expenditure_type_name": "Salaries Internal Transfers",
            "feb": 0,
            "jan": 0,
            "jul": 0,
            "jun": 0,
            "mar": 0,
            "may": 0,
            "mcal_year": 2022,
            "nov": 0,
            "oct": 0,
            "period_code": 2022,
            "period_fy": "FY22",
            "project_end_date": "30-JUN-2026",
            "project_start_date": "01-JUL-2016",
            "sep": 0,
            "task_end_date": "30-JUN-2026",
            "task_number": "02.01.03",
            "task_start_date": "01-JUL-2016",
            "fy_total": "0.00",
            "all_fy_total": "0.00",
            "total_budget": "83,000.00",
            "column_total_budget": {
                "jul": 0,
                "aug": 0,
                "sep": 0,
                "oct": 0,
                "nov": 133000,
                "dec": -50000,
                "jan": 0,
                "feb": 0,
                "mar": 0,
                "apr": 0,
                "may": 0,
                "jun": 0
            }
        },
        {
            "apr": 0,
            "aug": 0,
            "dec": 0,
            "expenditure_type_id": "300000003880074",
            "expenditure_type_name": "Software Licences",
            "feb": 0,
            "jan": 0,
            "jul": 0,
            "jun": 0,
            "mar": 0,
            "may": 0,
            "mcal_year": 2022,
            "nov": 0,
            "oct": 0,
            "period_code": 2022,
            "period_fy": "FY22",
            "project_end_date": "30-JUN-2026",
            "project_start_date": "01-JUL-2016",
            "sep": 0,
            "task_end_date": "30-JUN-2026",
            "task_number": "02.01.03",
            "task_start_date": "01-JUL-2016",
            "fy_total": "0.00",
            "all_fy_total": "0.00",
            "total_budget": "83,000.00",
            "column_total_budget": {
                "jul": 0,
                "aug": 0,
                "sep": 0,
                "oct": 0,
                "nov": 133000,
                "dec": -50000,
                "jan": 0,
                "feb": 0,
                "mar": 0,
                "apr": 0,
                "may": 0,
                "jun": 0
            }
        },
        {
            "apr": 0,
            "aug": 0,
            "dec": 0,
            "expenditure_type_id": "300000003880280",
            "expenditure_type_name": "CAM Operating Exp with GG Current",
            "feb": 0,
            "jan": 0,
            "jul": 0,
            "jun": 0,
            "mar": 0,
            "may": 0,
            "mcal_year": 2022,
            "nov": 0,
            "oct": 0,
            "period_code": 2022,
            "period_fy": "FY22",
            "project_end_date": "30-JUN-2026",
            "project_start_date": "01-JUL-2016",
            "sep": 0,
            "task_end_date": "30-JUN-2026",
            "task_number": "05.14.01",
            "task_start_date": "01-JUL-2016",
            "fy_total": "0.00",
            "all_fy_total": "0.00",
            "total_budget": "83,000.00",
            "column_total_budget": {
                "jul": 0,
                "aug": 0,
                "sep": 0,
                "oct": 0,
                "nov": 133000,
                "dec": -50000,
                "jan": 0,
                "feb": 0,
                "mar": 0,
                "apr": 0,
                "may": 0,
                "jun": 0
            }
        },
        {
            "apr": 0,
            "aug": 0,
            "dec": 0,
            "expenditure_type_id": "300000003483959",
            "expenditure_type_name": "Contractors Non Agency",
            "feb": 0,
            "jan": 0,
            "jul": 0,
            "jun": 0,
            "mar": 0,
            "may": 0,
            "mcal_year": 2022,
            "nov": 0,
            "oct": 0,
            "period_code": 2022,
            "period_fy": "FY22",
            "project_end_date": "30-JUN-2026",
            "project_start_date": "01-JUL-2016",
            "sep": 0,
            "task_end_date": "30-JUN-2026",
            "task_number": "05.14.01",
            "task_start_date": "01-JUL-2016",
            "fy_total": "0.00",
            "all_fy_total": "0.00",
            "total_budget": "83,000.00",
            "column_total_budget": {
                "jul": 0,
                "aug": 0,
                "sep": 0,
                "oct": 0,
                "nov": 133000,
                "dec": -50000,
                "jan": 0,
                "feb": 0,
                "mar": 0,
                "apr": 0,
                "may": 0,
                "jun": 0
            }
        },
        {
            "apr": 0,
            "aug": 0,
            "dec": 0,
            "expenditure_type_id": "300000003880227",
            "expenditure_type_name": "Sundry Franchise Payments",
            "feb": 0,
            "jan": 0,
            "jul": 0,
            "jun": 0,
            "mar": 0,
            "may": 0,
            "mcal_year": 2022,
            "nov": 0,
            "oct": 0,
            "period_code": 2022,
            "period_fy": "FY22",
            "project_end_date": "30-JUN-2026",
            "project_start_date": "01-JUL-2016",
            "sep": 0,
            "task_end_date": "30-JUN-2026",
            "task_number": "05.14.01",
            "task_start_date": "01-JUL-2016",
            "fy_total": "0.00",
            "all_fy_total": "0.00",
            "total_budget": "83,000.00",
            "column_total_budget": {
                "jul": 0,
                "aug": 0,
                "sep": 0,
                "oct": 0,
                "nov": 133000,
                "dec": -50000,
                "jan": 0,
                "feb": 0,
                "mar": 0,
                "apr": 0,
                "may": 0,
                "jun": 0
            }
        },
        {
            "apr": 0,
            "aug": 0,
            "dec": 0,
            "expenditure_type_id": "300000003880280",
            "expenditure_type_name": "CAM Operating Exp with GG Current",
            "feb": 0,
            "jan": 0,
            "jul": 0,
            "jun": 0,
            "mar": 0,
            "may": 0,
            "mcal_year": 2022,
            "nov": 0,
            "oct": 0,
            "period_code": 2022,
            "period_fy": "FY22",
            "project_end_date": "30-JUN-2026",
            "project_start_date": "01-JUL-2016",
            "sep": 0,
            "task_end_date": "30-JUN-2026",
            "task_number": "05.14.02",
            "task_start_date": "01-JUL-2016",
            "fy_total": "0.00",
            "all_fy_total": "0.00",
            "total_budget": "83,000.00",
            "column_total_budget": {
                "jul": 0,
                "aug": 0,
                "sep": 0,
                "oct": 0,
                "nov": 133000,
                "dec": -50000,
                "jan": 0,
                "feb": 0,
                "mar": 0,
                "apr": 0,
                "may": 0,
                "jun": 0
            }
        },
        {
            "apr": 0,
            "aug": 0,
            "dec": 0,
            "expenditure_type_id": "300000003880227",
            "expenditure_type_name": "Sundry Franchise Payments",
            "feb": 0,
            "jan": 0,
            "jul": 0,
            "jun": 0,
            "mar": 0,
            "may": 0,
            "mcal_year": 2022,
            "nov": 0,
            "oct": 0,
            "period_code": 2022,
            "period_fy": "FY22",
            "project_end_date": "30-JUN-2026",
            "project_start_date": "01-JUL-2016",
            "sep": 0,
            "task_end_date": "30-JUN-2026",
            "task_number": "05.14.02",
            "task_start_date": "01-JUL-2016",
            "fy_total": "0.00",
            "all_fy_total": "0.00",
            "total_budget": "83,000.00",
            "column_total_budget": {
                "jul": 0,
                "aug": 0,
                "sep": 0,
                "oct": 0,
                "nov": 133000,
                "dec": -50000,
                "jan": 0,
                "feb": 0,
                "mar": 0,
                "apr": 0,
                "may": 0,
                "jun": 0
            }
        },
        {
            "apr": 0,
            "aug": 0,
            "dec": 0,
            "expenditure_type_id": "300000003880280",
            "expenditure_type_name": "CAM Operating Exp with GG Current",
            "feb": 0,
            "jan": 0,
            "jul": 0,
            "jun": 0,
            "mar": 0,
            "may": 0,
            "mcal_year": 2022,
            "nov": 0,
            "oct": 0,
            "period_code": 2022,
            "period_fy": "FY22",
            "project_end_date": "30-JUN-2026",
            "project_start_date": "01-JUL-2016",
            "sep": 0,
            "task_end_date": "30-JUN-2026",
            "task_number": "05.14.03",
            "task_start_date": "01-JUL-2016",
            "fy_total": "0.00",
            "all_fy_total": "0.00",
            "total_budget": "83,000.00",
            "column_total_budget": {
                "jul": 0,
                "aug": 0,
                "sep": 0,
                "oct": 0,
                "nov": 133000,
                "dec": -50000,
                "jan": 0,
                "feb": 0,
                "mar": 0,
                "apr": 0,
                "may": 0,
                "jun": 0
            }
        },
        {
            "apr": 0,
            "aug": 0,
            "dec": 0,
            "expenditure_type_id": "300000003483959",
            "expenditure_type_name": "Contractors Non Agency",
            "feb": 0,
            "jan": 0,
            "jul": 0,
            "jun": 0,
            "mar": 0,
            "may": 0,
            "mcal_year": 2022,
            "nov": 0,
            "oct": 0,
            "period_code": 2022,
            "period_fy": "FY22",
            "project_end_date": "30-JUN-2026",
            "project_start_date": "01-JUL-2016",
            "sep": 0,
            "task_end_date": "30-JUN-2026",
            "task_number": "05.14.03",
            "task_start_date": "01-JUL-2016",
            "fy_total": "0.00",
            "all_fy_total": "0.00",
            "total_budget": "83,000.00",
            "column_total_budget": {
                "jul": 0,
                "aug": 0,
                "sep": 0,
                "oct": 0,
                "nov": 133000,
                "dec": -50000,
                "jan": 0,
                "feb": 0,
                "mar": 0,
                "apr": 0,
                "may": 0,
                "jun": 0
            }
        },
        {
            "apr": 0,
            "aug": 0,
            "dec": 0,
            "expenditure_type_id": "300000003880227",
            "expenditure_type_name": "Sundry Franchise Payments",
            "feb": 0,
            "jan": 0,
            "jul": 0,
            "jun": 0,
            "mar": 0,
            "may": 0,
            "mcal_year": 2022,
            "nov": 0,
            "oct": 0,
            "period_code": 2022,
            "period_fy": "FY22",
            "project_end_date": "30-JUN-2026",
            "project_start_date": "01-JUL-2016",
            "sep": 0,
            "task_end_date": "30-JUN-2026",
            "task_number": "05.14.03",
            "task_start_date": "01-JUL-2016",
            "fy_total": "0.00",
            "all_fy_total": "0.00",
            "total_budget": "83,000.00",
            "column_total_budget": {
                "jul": 0,
                "aug": 0,
                "sep": 0,
                "oct": 0,
                "nov": 133000,
                "dec": -50000,
                "jan": 0,
                "feb": 0,
                "mar": 0,
                "apr": 0,
                "may": 0,
                "jun": 0
            }
        },
        {
            "apr": 0,
            "aug": 0,
            "dec": 0,
            "expenditure_type_id": "300000003880280",
            "expenditure_type_name": "CAM Operating Exp with GG Current",
            "feb": 0,
            "jan": 0,
            "jul": 0,
            "jun": 0,
            "mar": 0,
            "may": 0,
            "mcal_year": 2022,
            "nov": 0,
            "oct": 0,
            "period_code": 2022,
            "period_fy": "FY22",
            "project_end_date": "30-JUN-2026",
            "project_start_date": "01-JUL-2016",
            "sep": 0,
            "task_end_date": "30-JUN-2026",
            "task_number": "05.14.04",
            "task_start_date": "01-JUL-2016",
            "fy_total": "0.00",
            "all_fy_total": "0.00",
            "total_budget": "83,000.00",
            "column_total_budget": {
                "jul": 0,
                "aug": 0,
                "sep": 0,
                "oct": 0,
                "nov": 133000,
                "dec": -50000,
                "jan": 0,
                "feb": 0,
                "mar": 0,
                "apr": 0,
                "may": 0,
                "jun": 0
            }
        },
        {
            "apr": 0,
            "aug": 0,
            "dec": 0,
            "expenditure_type_id": "300000003880227",
            "expenditure_type_name": "Sundry Franchise Payments",
            "feb": 0,
            "jan": 0,
            "jul": 0,
            "jun": 0,
            "mar": 0,
            "may": 0,
            "mcal_year": 2022,
            "nov": 0,
            "oct": 0,
            "period_code": 2022,
            "period_fy": "FY22",
            "project_end_date": "30-JUN-2026",
            "project_start_date": "01-JUL-2016",
            "sep": 0,
            "task_end_date": "30-JUN-2026",
            "task_number": "05.14.04",
            "task_start_date": "01-JUL-2016",
            "fy_total": "0.00",
            "all_fy_total": "0.00",
            "total_budget": "83,000.00",
            "column_total_budget": {
                "jul": 0,
                "aug": 0,
                "sep": 0,
                "oct": 0,
                "nov": 133000,
                "dec": -50000,
                "jan": 0,
                "feb": 0,
                "mar": 0,
                "apr": 0,
                "may": 0,
                "jun": 0
            }
        },
        {
            "apr": 0,
            "aug": 0,
            "dec": 0,
            "expenditure_type_id": "300000003483896",
            "expenditure_type_name": "Amortisation Building Leasehold Improvement",
            "feb": 0,
            "jan": 0,
            "jul": 0,
            "jun": 0,
            "mar": 0,
            "may": 0,
            "mcal_year": 2022,
            "nov": 0,
            "oct": 0,
            "period_code": 2022,
            "period_fy": "FY22",
            "project_end_date": "30-JUN-2026",
            "project_start_date": "01-JUL-2016",
            "sep": 0,
            "task_end_date": "30-JUN-2026",
            "task_number": "09.09.01",
            "task_start_date": "01-JUL-2016",
            "fy_total": "0.00",
            "all_fy_total": "0.00",
            "total_budget": "83,000.00",
            "column_total_budget": {
                "jul": 0,
                "aug": 0,
                "sep": 0,
                "oct": 0,
                "nov": 133000,
                "dec": -50000,
                "jan": 0,
                "feb": 0,
                "mar": 0,
                "apr": 0,
                "may": 0,
                "jun": 0
            }
        },
        {
            "apr": 0,
            "aug": 0,
            "dec": 0,
            "expenditure_type_id": "300000003880280",
            "expenditure_type_name": "CAM Operating Exp with GG Current",
            "feb": 0,
            "jan": 0,
            "jul": 0,
            "jun": 0,
            "mar": 0,
            "may": 0,
            "mcal_year": 2022,
            "nov": 0,
            "oct": 0,
            "period_code": 2022,
            "period_fy": "FY22",
            "project_end_date": "30-JUN-2026",
            "project_start_date": "01-JUL-2016",
            "sep": 0,
            "task_end_date": "30-JUN-2026",
            "task_number": "09.09.01",
            "task_start_date": "01-JUL-2016",
            "fy_total": "0.00",
            "all_fy_total": "0.00",
            "total_budget": "83,000.00",
            "column_total_budget": {
                "jul": 0,
                "aug": 0,
                "sep": 0,
                "oct": 0,
                "nov": 133000,
                "dec": -50000,
                "jan": 0,
                "feb": 0,
                "mar": 0,
                "apr": 0,
                "may": 0,
                "jun": 0
            }
        },
        {
            "apr": 0,
            "aug": 0,
            "dec": 0,
            "expenditure_type_id": "300000003483959",
            "expenditure_type_name": "Contractors Non Agency",
            "feb": 0,
            "jan": 0,
            "jul": 0,
            "jun": 0,
            "mar": 0,
            "may": 0,
            "mcal_year": 2022,
            "nov": 0,
            "oct": 0,
            "period_code": 2022,
            "period_fy": "FY22",
            "project_end_date": "30-JUN-2026",
            "project_start_date": "01-JUL-2016",
            "sep": 0,
            "task_end_date": "30-JUN-2026",
            "task_number": "09.09.01",
            "task_start_date": "01-JUL-2016",
            "fy_total": "0.00",
            "all_fy_total": "0.00",
            "total_budget": "83,000.00",
            "column_total_budget": {
                "jul": 0,
                "aug": 0,
                "sep": 0,
                "oct": 0,
                "nov": 133000,
                "dec": -50000,
                "jan": 0,
                "feb": 0,
                "mar": 0,
                "apr": 0,
                "may": 0,
                "jun": 0
            }
        }
    ]
}