{
  "description": "",
  "root": "callComponentTEIwarningdialogueClose",
  "actions": {
    "callChainOpenCommentFormActionChain": {
      "module": "vb/action/builtin/callChainAction",
      "parameters": {
        "id": "OpenCommentFormActionChain",
        "params": {
          "action": "Submit"
        }
      }
    },
    "callComponentTEIwarningdialogueClose": {
      "module": "vb/action/builtin/callComponentMethodAction",
      "parameters": {
        "component": "{{ document.getElementById('TEIwarningdialogue') }}",
        "method": "close"
      },
      "outcomes": {
        "success": "callChainOpenCommentFormActionChain"
      }
    }
  },
  "variables": {}
}