{
  "root": "if",
  "description": "",
  "actions": {
    "if": {
      "module": "vb/action/builtin/ifAction",
      "parameters": {
        "condition": "[[ $page.variables.barChartTEIDataADP.data[0].value !== $page.variables.barChartTEIDataADP.data[1].value ]]"
      },
      "outcomes": {
        "true": "callComponentTEIwarningdialogueOpen",
        "false": "callChainOpenCommentFormActionChain"
      }
    },
    "callComponentTEIwarningdialogueOpen": {
      "module": "vb/action/builtin/callComponentMethodAction",
      "parameters": {
        "component": "{{ document.getElementById('TEIwarningdialogue') }}",
        "method": "open"
      }
    },
    "callChainOpenCommentFormActionChain": {
      "module": "vb/action/builtin/callChainAction",
      "parameters": {
        "id": "OpenCommentFormActionChain",
        "params": {
          "action": "Submit"
        }
      }
    }
  }
}