{
  "description": "",
  "root": "callComponentSaveWarningDialogueClose",
  "actions": {
    "callFunctionGetBudgetDataToSave": {
      "module": "vb/action/builtin/callModuleFunctionAction",
      "parameters": {
        "module": "[[ $functions ]]",
        "functionName": "getBudgetDataToSave",
        "params": [
          "{{ $application.user.username }}",
          "{{ $variables.action }}",
          "{{ $variables.comments }}",
          "{{ $page.variables.currentPeriod }}",
          "{{ $page.variables.subProjectSummary }}",
          "{{ $page.variables.budgetDataGrid }}",
          "{{ $page.variables.origBudgetDataGrid }}",
          "{{ $page.variables.ifPostError }}",
          "{{ $page.variables.currentAssignee }}",
          "{{ $page.variables.endorserOwner }}"          ,
          "{{ $page.variables.escalatorOwner }}"
        ]
      },
      "outcomes": {
        "success": "ifAction"
      }
    },
    "ifAction": {
      "module": "vb/action/builtin/ifAction",
      "parameters": {
        "condition": "[[ $variables.action === 'SAVE' && $chain.results.callFunctionGetBudgetDataToSave.updated === 'N' ]]"
      },
      "outcomes": {
        "true": "fireNotification",
        "false": "callRestPostProjWBSWBSProjectSummary"
      }
    },
    "fireNotification": {
      "module": "vb/action/builtin/fireNotificationEventAction",
      "parameters": {
        "target": "leaf",
        "summary": "No data to update!",
        "message": "No data to update!",
        "type": "info"
      },
      "outcomes": {
        "success": "callFunctionHideLoading"
      }
    },
    "fireNotification2": {
      "module": "vb/action/builtin/fireNotificationEventAction",
      "parameters": {
        "target": "leaf",
        "summary": "[[ $chain.results.callRestPostProjWBSWBSProjectSummary.message.summary ]]",
        "type": "error",
        "displayMode": "persist"
      }
    },
    "if": {
      "module": "vb/action/builtin/ifAction",
      "parameters": {
        "condition": "[[ $chain.results.callRestPostProjWBSWBSProjectSummary.body.message_type === 'info' ]]"
      },
      "outcomes": {
        "true": "if2",
        "false": "fireNotification4"
      }
    },
    "fireNotification4": {
      "module": "vb/action/builtin/fireNotificationEventAction",
      "parameters": {
        "target": "leaf",
        "summary": "[[ $chain.results.callRestPostProjWBSWBSProjectSummary.body.message ]]",
        "message": "[[ $chain.results.callRestPostProjWBSWBSProjectSummary.body.message ]]"
      },
      "outcomes": {
        "success": "callChainLoadPageActionChain"
      }
    },
    "callFunctionShowLoading": {
      "module": "vb/action/builtin/callModuleFunctionAction",
      "parameters": {
        "module": "[[ $application.functions ]]",
        "functionName": "showLoading"
      },
      "outcomes": {
        "success": "callFunctionGetBudgetDataToSave"
      }
    },
    "callChainLoadPageActionChain": {
      "module": "vb/action/builtin/callChainAction",
      "parameters": {
        "id": "loadPageActionChain"
      },
      "outcomes": {
        "success": "callFunctionHideLoading"
      }
    },
    "callFunctionHideLoading": {
      "module": "vb/action/builtin/callModuleFunctionAction",
      "parameters": {
        "module": "[[ $application.functions ]]",
        "functionName": "hideLoading"
      }
    },
    "callComponentSaveWarningDialogueClose": {
      "module": "vb/action/builtin/callComponentMethodAction",
      "parameters": {
        "component": "{{ document.getElementById('saveWarningDialogue') }}",
        "method": "close"
      },
      "outcomes": {
        "success": "callFunctionShowLoading"
      }
    },
    "callRestPostProjWBSWBSProjectSummary": {
      "module": "vb/action/builtin/restAction",
      "parameters": {
        "endpoint": "ordsBtftapp/postProjWBSWBSProjectSummary",
        "body": "{{ $chain.results.callFunctionGetBudgetDataToSave }}"
      },
      "outcomes": {
        "failure": "fireNotification2",
        "success": "if"
      }
    },
    "fireNotification7": {
      "module": "vb/action/builtin/fireNotificationEventAction",
      "parameters": {
        "target": "leaf",
        "summary": "[[ $chain.results.callRestPostINT15BFAOPAPROJEBUDGEWORKF1InvokeOPAWorkFlow2.message.summary ]]",
        "type": "error",
        "displayMode": "persist",
        "message": "Error call service ,please contact administrator"
      },
      "outcomes": {
        "success": "callChainLoadPageActionChain"
      }
    },
    "fireNotification9": {
      "module": "vb/action/builtin/fireNotificationEventAction",
      "parameters": {
        "target": "leaf",
        "summary": "[[ $chain.results.callRestPostINT15BFAOPAPROJEBUDGEWORKF1InvokeOPAWorkFlow2.body.Message ]]",
        "message": "[[ $chain.results.callRestPostINT15BFAOPAPROJEBUDGEWORKF1InvokeOPAWorkFlow2.body.Message ]]"
      },
      "outcomes": {
        "success": "callChainLoadPageActionChain"
      }
    },
    "callFunctionGetOPABudgetFlowSave2": {
      "module": "vb/action/builtin/callModuleFunctionAction",
      "parameters": {
        "module": "[[ $functions ]]",
        "functionName": "getOPABudgetFlowSave",
        "params": [
          "{{ $application.user.email }}",
          "{{ $variables.action }}",
          "{{ $variables.comments }}",
          "{{ $page.variables.currentPeriod }}",
          "{{ $page.variables.subProjectSummary }}",
          "{{ $page.variables.budgetSummaryADP.data }}",
          "{{ $page.variables.originalbudgetSummaryADP.data }}",
          "{{ $page.variables.currentAssignee }}",
          "{{ $page.variables.opaProcessId }}"
        ]
      },
      "outcomes": {
        "success": "callRestPostINT15BFAOPAPROJEBUDGEWORKF1InvokeOPAWorkFlow2"
      }
    },
    "callRestPostINT15BFAOPAPROJEBUDGEWORKF1InvokeOPAWorkFlow2": {
      "module": "vb/action/builtin/restAction",
      "parameters": {
        "endpoint": "invokeBudgetFlow/postINT15_BFA_OPA_PROJE_BUDGE_WORKF1_0InvokeOPAWorkFlow",
        "body": "{{ $chain.results.callFunctionGetOPABudgetFlowSave2 }}"
      },
      "outcomes": {
        "success": "if5",
        "failure": "fireNotification7"
      }
    },
    "if5": {
      "module": "vb/action/builtin/ifAction",
      "parameters": {
        "condition": "[[ $chain.results.callRestPostINT15BFAOPAPROJEBUDGEWORKF1InvokeOPAWorkFlow2.body.Status === 'SUCCESS' ]]"
      },
      "outcomes": {
        "true": "callFunctionGetSuccessMessageBasedOnAction",
        "false": "fireNotification9"
      }
    },
    "if2": {
      "module": "vb/action/builtin/ifAction",
      "parameters": {
        "condition": "[[ $variables.action === 'SAVE' || $variables.action === 'Post' || $variables.action === 'Postederror' ]]"
      },
      "outcomes": {
        "true": "callChainLoadPageActionChain",
        "false": "ifAction2"
      }
    },
    "callRestGetOpaProcessIdByAllocationNumber": {
      "module": "vb/action/builtin/restAction",
      "parameters": {
        "endpoint": "ordsBtftapp/getOpaProcessIdByAllocationNumber",
        "uriParams": {
          "p_allocation_batch_number": "{{ $page.variables.subProjectSummary.allocation_batch_number }}"
        }
      },
      "outcomes": {
        "success": "assignVariablesOpaProcessId",
        "failure": "fireNotification10"
      }
    },
    "fireNotification8": {
      "module": "vb/action/builtin/fireNotificationEventAction",
      "parameters": {
        "target": "leaf",
        "summary": "Success",
        "message": "[[ \"The WBS Budget have been \" + $chain.results.callFunctionGetSuccessMessageBasedOnAction + \" successfully.\" ]]",
        "type": "info",
        "displayMode": "persist"
      },
      "outcomes": {
        "success": "callChainLoadPageActionChain"
      }
    },
    "callFunctionGetSuccessMessageBasedOnAction": {
      "module": "vb/action/builtin/callModuleFunctionAction",
      "parameters": {
        "module": "[[ $functions ]]",
        "functionName": "getSuccessMessageBasedOnAction",
        "params": [
          "{{ $variables.action }}"
        ]
      },
      "outcomes": {
        "success": "fireNotification8"
      }
    },
    "ifAction2": {
      "module": "vb/action/builtin/ifAction",
      "parameters": {
        "condition": "[[ $variables.action === 'Submit' ]]"
      },
      "outcomes": {
        "true": "callFunctionGetOPABudgetFlowSave2",
        "false": "callRestGetOpaProcessIdByAllocationNumber"
      }
    },
    "fireNotification10": {
      "module": "vb/action/builtin/fireNotificationEventAction",
      "parameters": {
        "target": "leaf",
        "summary": "[[ $chain.results.callRestGetOpaProcessIdByAllocationNumber.message.summary ]]",
        "type": "error",
        "displayMode": "persist",
        "message": "[[ $chain.results.callRestGetOpaProcessIdByAllocationNumber.message.summary ]]"
      }
    },
    "assignVariablesOpaProcessId": {
      "module": "vb/action/builtin/assignVariablesAction",
      "parameters": {
        "$page.variables.opaProcessId": {
          "source": "{{ $chain.results.callRestGetOpaProcessIdByAllocationNumber.body.items[0].opa_process_id }}"
        }
      },
      "outcomes": {
        "success": "callFunctionGetOPABudgetFlowSave2"
      }
    }
  },
  "variables": {
    "action": {
      "type": "string",
      "required": true,
      "input": "fromCaller"
    },
    "comments": {
      "type": "string",
      "required": false,
      "input": "fromCaller"
    }
  }
}