{
  "root": "callComponentSaveWarningDialogueClose",
  "description": "",
  "variables": {
    "periodVal": {
      "type": "string",
      "required": false,
      "input": "fromCaller"
    }
  },
  "actions": {
    "assignVariablesCurrentPeriod": {
      "module": "vb/action/builtin/assignVariablesAction",
      "parameters": {
        "$page.variables.currentPeriod": {
          "source": "{{ $variables.periodVal }}"
        }
      },
      "outcomes": {
        "success": "callChainRefreshGridDataActionChain"
      }
    },
    "callChainRefreshGridDataActionChain": {
      "module": "vb/action/builtin/callChainAction",
      "parameters": {
        "id": "RefreshGridDataActionChain"
      },
      "outcomes": {
        "success": "callFunctionHideLoading"
      }
    },
    "callComponentSaveWarningDialogueClose": {
      "module": "vb/action/builtin/callComponentMethodAction",
      "parameters": {
        "component": "{{ document.getElementById('saveWarningDialogue') }}",
        "method": "close"
      },
      "outcomes": {
        "success": "callFunctionShowLoading"
      }
    },
    "callFunctionShowLoading": {
      "module": "vb/action/builtin/callModuleFunctionAction",
      "parameters": {
        "module": "[[ $application.functions ]]",
        "functionName": "showLoading"
      },
      "outcomes": {
        "success": "assignVariablesCurrentPeriod"
      }
    },
    "callFunctionHideLoading": {
      "module": "vb/action/builtin/callModuleFunctionAction",
      "parameters": {
        "module": "[[ $application.functions ]]",
        "functionName": "hideLoading"
      }
    }
  }
}