{
  "root": "if",
  "description": "",
  "actions": {
    "callComponentSubmitDialogWindowClose": {
      "module": "vb/action/builtin/callComponentMethodAction",
      "parameters": {
        "component": "{{ document.getElementById('submitDialogWindow') }}",
        "method": "close"
      },
      "outcomes": {
        "success": "callFunctionShowLoading"
      }
    },
    "callChainBtnSaveDataActionChain": {
      "module": "vb/action/builtin/callChainAction",
      "parameters": {
        "id": "BtnSaveDataActionChain",
        "params": {
          "action": "{{ $page.variables.currentAction }}",
          "comments": "{{ $page.variables.submittedComments }}"
        }
      },
      "outcomes": {
        "success": "callFunctionHideLoading"
      }
    },
    "ifCurrentAction": {
      "module": "vb/action/builtin/ifAction",
      "parameters": {
        "condition": "[[ $page.variables.currentAction === 'Post' ]]"
      },
      "outcomes": {
        "true": "callChainConfirmPostActionChain",
        "false": "callChainBtnSaveDataActionChain"
      }
    },
    "callChainConfirmPostActionChain": {
      "module": "vb/action/builtin/callChainAction",
      "parameters": {
        "id": "ConfirmPostActionChain"
      },
      "outcomes": {
        "success": "callChainBtnSaveDataActionChain"
      }
    },
    "if": {
      "module": "vb/action/builtin/ifAction",
      "parameters": {
        "condition": "[[ $application.functions.isFormValid('CommentForm') ]]"
      },
      "outcomes": {
        "true": "callComponentSubmitDialogWindowClose",
        "false": "callFunctionHideLoading"
      }
    },
    "callFunctionShowLoading": {
      "module": "vb/action/builtin/callModuleFunctionAction",
      "parameters": {
        "module": "[[ $application.functions ]]",
        "functionName": "showLoading"
      },
      "outcomes": {
        "success": "ifCurrentAction"
      }
    },
    "callFunctionHideLoading": {
      "module": "vb/action/builtin/callModuleFunctionAction",
      "parameters": {
        "module": "[[ $application.functions ]]",
        "functionName": "hideLoading"
      }
    }
  }
}