{
  "description": "",
  "root": "callFunctionShowLoading",
  "actions": {
    "callFunctionReadFileContent": {
      "module": "vb/action/builtin/callModuleFunctionAction",
      "parameters": {
        "module": "[[ $functions ]]",
        "functionName": "readFileContent",
        "params": [
          "{{ $variables.files[0] }}"
        ]
      },
      "outcomes": {
        "success": "callFunctionProcessFileContent"
      }
    },
    "callFunctionProcessFileContent": {
      "module": "vb/action/builtin/callModuleFunctionAction",
      "parameters": {
        "module": "[[ $functions ]]",
        "functionName": "processFileContent",
        "params": [
          "{{ $chain.results.callFunctionReadFileContent }}",
          "{{ $application.user.email }}",
          "null",
          "{{ $page.variables.subProjectSummary.sub_project_number }}"
        ]
      },
      "outcomes": {
        "success": "forEachInRetryItemsArray2"
      }
    },
    "fireNotification": {
      "module": "vb/action/builtin/fireNotificationEventAction",
      "parameters": {
        "target": "leaf",
        "summary": "Error in  updating budget. Please try after some time.",
        "type": "error",
        "displayMode": "persist",
        "message": "Error in  updating budget. Please try after some time."
      },
      "outcomes": {
        "success": "assignVariablesShowUploadValErrMsg5"
      }
    },
    "callRestBulkUploadBudget": {
      "module": "vb/action/builtin/restAction",
      "parameters": {
        "endpoint": "ordsBtftapp/bulkUploadBudget",
        "body": "{{ $chain.results.callFunctionProcessFileContent }}"
      },
      "outcomes": {
        "failure": "fireNotification",
        "success": "resetVariablesPostForecastServiceStatus"
      }
    },
    "callFunctionShowLoading": {
      "module": "vb/action/builtin/callModuleFunctionAction",
      "parameters": {
        "module": "[[ $application.functions ]]",
        "functionName": "showLoading"
      },
      "outcomes": {
        "success": "resetVariablesUploadVaErrMsg"
      }
    },
    "callFunctionHideLoading": {
      "module": "vb/action/builtin/callModuleFunctionAction",
      "parameters": {
        "module": "[[ $application.functions ]]",
        "functionName": "hideLoading"
      }
    },
    "callRestGetBulkUplaodErrors": {
      "module": "vb/action/builtin/restAction",
      "parameters": {
        "endpoint": "ordsBtftapp/getBulkUplaodErrors",
        "uriParams": {
          "sub_proj_number_ip": "{{ $page.variables.subProjectSummary.sub_project_number }}",
          "uploaded_by_ip": "{{ $application.user.email }}",
          "budget_type_id": "1"
        }
      },
      "outcomes": {
        "failure": "resetVariablesErrorServiceStatus",
        "success": "resetVariablesBulkUploadErrorCount2"
      }
    },
    "fireDataProviderEventBulkUploadErrorsADP": {
      "module": "vb/action/builtin/fireDataProviderEventAction",
      "parameters": {
        "target": "[[ $page.variables.bulkUploadErrorsADP ]]",
        "add": {
          "data": "{{ $chain.results.callRestGetBulkUplaodErrors.body.items }}"
        }
      },
      "outcomes": {
        "success": "callComponentForecastErrorTableRefresh"
      }
    },
    "assignVariablesBulkUploadErrorCount": {
      "module": "vb/action/builtin/assignVariablesAction",
      "parameters": {
        "$page.variables.bulkUploadErrorCount": {
          "source": "{{ $chain.results.callRestGetBulkUplaodErrors.body.count }}"
        },
        "$variables.errorServiceStatus": {
          "source": "{{ $chain.results.callRestGetBulkUplaodErrors.status }}"
        },
        "$page.variables.UploadVaErrMsg": {
          "source": "Error in  updating budget. Please fix the errors before uploading."
        },
        "$page.variables.showUploadValErrMsg": {
          "source": true
        }
      },
      "outcomes": {
        "success": "if"
      }
    },
    "callComponentForecastErrorTableRefresh": {
      "module": "vb/action/builtin/callComponentMethodAction",
      "parameters": {
        "component": "{{ document.getElementById('forecastErrorTable') }}",
        "method": "refresh"
      },
      "outcomes": {}
    },
    "fireNotification4": {
      "module": "vb/action/builtin/fireNotificationEventAction",
      "parameters": {
        "target": "leaf",
        "summary": "Error in fetching data. Please try after sometime.",
        "type": "error",
        "displayMode": "persist",
        "message": "Error in fetching data. Please try after sometime."
      },
      "outcomes": {
        "success": "assignVariablesShowUploadValErrMsg3"
      }
    },
    "fireNotification6": {
      "module": "vb/action/builtin/fireNotificationEventAction",
      "parameters": {
        "target": "leaf",
        "summary": "Error in fetching data. Please try after sometime.",
        "message": "Error in fetching data. Please try after sometime."
      },
      "outcomes": {
        "success": "assignVariablesShowUploadValErrMsg"
      }
    },
    "callFunctionHideLoading2": {
      "module": "vb/action/builtin/callModuleFunctionAction",
      "parameters": {
        "module": "[[ $application.functions ]]",
        "functionName": "hideLoading"
      }
    },
    "if2": {
      "module": "vb/action/builtin/ifAction",
      "parameters": {
        "condition": "[[ $application.functions.isArraycontainsStr ($application.variables.RetryErrorStatusArray,$variables.errorServiceStatus) ]]"
      },
      "outcomes": {
        "true": "if5",
        "false": "if7"
      }
    },
    "assignVariablesErrorServiceStatus": {
      "module": "vb/action/builtin/assignVariablesAction",
      "parameters": {
        "$variables.errorServiceStatus": {
          "source": "{{ $chain.results.callRestGetBulkUplaodErrors.status }}"
        }
      },
      "outcomes": {
        "success": "ifRetryItemsArray"
      }
    },
    "resetVariablesErrorServiceStatus": {
      "module": "vb/action/builtin/resetVariablesAction",
      "parameters": {
        "variables": [
          "$variables.errorServiceStatus"
        ]
      },
      "outcomes": {
        "success": "assignVariablesErrorServiceStatus"
      }
    },
    "if5": {
      "module": "vb/action/builtin/ifAction",
      "parameters": {
        "condition": "[[ $current.data > 1 ]]"
      },
      "outcomes": {
        "true": "callFunctionChangeLoadingText",
        "false": "callRestGetBulkUplaodErrors"
      }
    },
    "callFunctionChangeLoadingText": {
      "module": "vb/action/builtin/callModuleFunctionAction",
      "parameters": {
        "module": "[[ $application.functions ]]",
        "functionName": "changeLoadingText",
        "params": [
          "Retrying.. Please Wait."
        ]
      },
      "outcomes": {
        "success": "callRestGetBulkUplaodErrors"
      }
    },
    "forEachInRetryItemsArray": {
      "module": "vb/action/builtin/forEachAction",
      "parameters": {
        "items": "{{ $application.variables.retryItemsArray }}",
        "actionId": "if2"
      },
      "outcomes": {
        "success": "callFunctionHideLoading2"
      }
    },
    "if3": {
      "module": "vb/action/builtin/ifAction",
      "parameters": {
        "condition": "[[ $application.functions.isArraycontainsStr ($application.variables.RetryErrorStatusArray,$variables.postServiceStatus) ]]"
      },
      "outcomes": {
        "true": "if9",
        "false": "if8"
      }
    },
    "if7": {
      "module": "vb/action/builtin/ifAction",
      "parameters": {
        "condition": "[[ $variables.errorServiceStatus != 200 && $current.data == $application.variables.retryItemsArray.length ]]"
      },
      "outcomes": {
        "true": "fireNotification6"
      }
    },
    "if8": {
      "module": "vb/action/builtin/ifAction",
      "parameters": {
        "condition": "[[ $variables.postServiceStatus != 200 && $current.data == $application.variables.retryItemsArray.length ]]"
      },
      "outcomes": {
        "true": "fireNotification7"
      }
    },
    "fireNotification7": {
      "module": "vb/action/builtin/fireNotificationEventAction",
      "parameters": {
        "target": "leaf",
        "summary": "Error in fetching data. Please try after sometime.",
        "message": "Error in fetching data. Please try after sometime."
      },
      "outcomes": {
        "success": "assignVariablesShowUploadValErrMsg4"
      }
    },
    "if9": {
      "module": "vb/action/builtin/ifAction",
      "parameters": {
        "condition": "[[ $current.data > 1 ]]"
      },
      "outcomes": {
        "true": "callFunctionChangeLoadingText2",
        "false": "callRestBulkUploadBudget"
      }
    },
    "callFunctionChangeLoadingText2": {
      "module": "vb/action/builtin/callModuleFunctionAction",
      "parameters": {
        "module": "[[ $application.functions ]]",
        "functionName": "changeLoadingText",
        "params": [
          "Retrying.. Please Wait."
        ]
      },
      "outcomes": {
        "success": "callRestBulkUploadBudget"
      }
    },
    "resetVariablesPostForecastServiceStatus": {
      "module": "vb/action/builtin/resetVariablesAction",
      "parameters": {
        "variables": [
          "$variables.postServiceStatus"
        ]
      },
      "outcomes": {
        "success": "assignVariablesPostForecastServiceStatus"
      }
    },
    "assignVariablesPostForecastServiceStatus": {
      "module": "vb/action/builtin/assignVariablesAction",
      "parameters": {
        "$variables.postServiceStatus": {
          "source": "{{ $chain.results.callRestBulkUploadBudget.status }}"
        }
      }
    },
    "ifRetryItemsArray": {
      "module": "vb/action/builtin/ifAction",
      "parameters": {
        "condition": "[[ $current.data == $application.variables.retryItemsArray.length ]]"
      },
      "outcomes": {
        "true": "fireNotification4"
      }
    },
    "ifPostForecastServiceStatus": {
      "module": "vb/action/builtin/ifAction",
      "parameters": {
        "condition": "[[ $chain.results.callRestBulkUploadBudget.body.success_flag == 'true' && $variables.postServiceStatus == 200 ]]"
      },
      "outcomes": {
        "true": "fireNotification2",
        "false": "assignVariablesUploadSaveButton2"
      }
    },
    "forEachInRetryItemsArray2": {
      "module": "vb/action/builtin/forEachAction",
      "parameters": {
        "actionId": "if3",
        "items": "{{ $application.variables.retryItemsArray }}"
      },
      "outcomes": {
        "success": "ifPostForecastServiceStatus"
      }
    },
    "fireNotification3": {
      "module": "vb/action/builtin/fireNotificationEventAction",
      "parameters": {
        "target": "leaf",
        "summary": " Error in  updating budget. Please fix the errors before uploading.",
        "message": " Error in  updating budget. Please fix the errors before uploading."
      },
      "outcomes": {
        "success": "assignVariablesBulkUploadErrorCount"
      }
    },
    "if": {
      "module": "vb/action/builtin/ifAction",
      "parameters": {
        "condition": "[[ $chain.results.callRestGetBulkUplaodErrors.body.items.length > 0 ]]"
      },
      "outcomes": {
        "true": "fireDataProviderEventBulkUploadErrorsADP"
      }
    },
    "resetVariablesBulkUploadErrorCount2": {
      "module": "vb/action/builtin/resetVariablesAction",
      "parameters": {
        "variables": [
          "$page.variables.bulkUploadErrorCount",
          "$page.variables.bulkUploadErrorsADP",
          "$variables.errorServiceStatus"
        ]
      },
      "outcomes": {
        "success": "fireNotification3"
      }
    },
    "fireNotification2": {
      "module": "vb/action/builtin/fireNotificationEventAction",
      "parameters": {
        "target": "current",
        "type": "confirmation",
        "summary": "Budget validated successfully. Please click on save to save the changes.",
        "message": "Budget validated successfully. Please click on save to save the changes.",
        "displayMode": "transient"
      },
      "outcomes": {
        "success": "assignVariablesUploadSaveButton"
      }
    },
    "assignVariablesUploadSaveButton": {
      "module": "vb/action/builtin/assignVariablesAction",
      "parameters": {
        "$page.variables.uploadSaveButton": {
          "source": false
        },
        "$page.variables.showUploadValSuccMsg": {
          "source": true
        }
      },
      "outcomes": {
        "success": "callFunctionHideLoading2"
      }
    },
    "assignVariablesShowUploadValErrMsg": {
      "module": "vb/action/builtin/assignVariablesAction",
      "parameters": {
        "$page.variables.showUploadValErrMsg": {
          "source": true
        },
        "$page.variables.UploadVaErrMsg": {
          "source": "Error in fetching data. Please try after sometime."
        }
      }
    },
    "assignVariablesShowUploadValErrMsg3": {
      "module": "vb/action/builtin/assignVariablesAction",
      "parameters": {
        "$page.variables.showUploadValErrMsg": {
          "source": true
        },
        "$page.variables.UploadVaErrMsg": {
          "source": "Error in fetching data. Please try after sometime."
        }
      }
    },
    "assignVariablesShowUploadValErrMsg4": {
      "module": "vb/action/builtin/assignVariablesAction",
      "parameters": {
        "$page.variables.showUploadValErrMsg": {
          "source": true
        },
        "$page.variables.UploadVaErrMsg": {
          "source": "Error in fetching data. Please try after sometime."
        }
      }
    },
    "assignVariablesShowUploadValErrMsg5": {
      "module": "vb/action/builtin/assignVariablesAction",
      "parameters": {
        "$page.variables.showUploadValErrMsg": {
          "source": true
        },
        "$page.variables.UploadVaErrMsg": {
          "source": "Error in  updating budget. Please try after some time."
        }
      },
      "outcomes": {
        "success": "callFunctionHideLoading"
      }
    },
    "resetVariablesUploadVaErrMsg": {
      "module": "vb/action/builtin/resetVariablesAction",
      "parameters": {
        "variables": [
          "$page.variables.UploadVaErrMsg",
          "$page.variables.showUploadValErrMsg",
          "$page.variables.showUploadValSuccMsg",
          "$page.variables.bulkUploadErrorsADP"
        ]
      },
      "outcomes": {
        "success": "callFunctionReadFileContent"
      }
    },
    "assignVariablesUploadSaveButton2": {
      "module": "vb/action/builtin/assignVariablesAction",
      "parameters": {
        "$page.variables.uploadSaveButton": {
          "source": true
        }
      },
      "outcomes": {
        "success": "forEachInRetryItemsArray"
      }
    }
  },
  "variables": {
    "errorServiceStatus": {
      "type": "number",
      "defaultValue": 503
    },
    "files": {
      "required": true,
      "type": "object[]",
      "input": "fromCaller"
    },
    "postServiceStatus": {
      "type": "number",
      "defaultValue": 503
    }
  }
}