{
  "root": "runInParallel",
  "description": "",
  "actions": {
    "runInParallel": {
      "module": "vb/action/builtin/forkAction",
      "parameters": {
        "actions": {
          "callRest": "callRestGetProjectBudgetCurrentSubProjectSummary",
          "callRest2": "callRestGetProjectBudgetCurrentAllocationSummary",
          "callRest3": "callRestGetProjectBudgetCurrentBudgetData"
        }
    },
      "outcomes": {
        "join": "assignVariablesSubProjectSummary"
      }
    },
    "fireNotification": {
      "module": "vb/action/builtin/fireNotificationEventAction",
      "parameters": {
        "target": "leaf",
        "summary": "[[ $chain.results.callRestGetProjectBudgetCurrentSubProjectSummary.message.summary ]]",
        "type": "error",
        "displayMode": "persist",
        "message": "Failed to get the allocation data. Please try it again or contact DoT VIC IT team."
      },
      "outcomes": {
        "success": "callFunctionHideLoading"
      }
    },
    "fireNotification2": {
      "module": "vb/action/builtin/fireNotificationEventAction",
      "parameters": {
        "target": "leaf",
        "summary": "[[ $chain.results.callRestGetProjectBudgetCurrentAllocationSummary.message.summary ]]",
        "type": "error",
        "displayMode": "persist",
        "message": "Failed to get the allocation data. Please try it again or contact DoT VIC IT team."
      },
      "outcomes": {
        "success": "callFunctionHideLoading2"
      }
    },
    "fireNotification3": {
      "module": "vb/action/builtin/fireNotificationEventAction",
      "parameters": {
        "target": "leaf",
        "summary": "[[ $chain.results.callRestGetProjectBudgetCurrentBudgetData.message.summary ]]",
        "type": "error",
        "displayMode": "persist",
        "message": "Failed to get the allocation data. Please try it again or contact DoT VIC IT team."
      },
      "outcomes": {
        "success": "callFunctionHideLoading3"
      }
    },
    "callRestGetProjectBudgetCurrentSubProjectSummary": {
      "module": "vb/action/builtin/restAction",
      "parameters": {
        "endpoint": "ordsBtftapp/getProjectBudgetCurrentSubProjectSummary",
        "uriParams": {
          "edit_flag": "{{ $page.variables.editFlag === 'Y' ? 1:0 }}",
          "sub_project_number": "{{ $page.variables.subProjNum }}"
        }
      },
      "outcomes": {
        "failure": "fireNotification"
      }
    },
    "callRestGetProjectBudgetCurrentAllocationSummary": {
      "module": "vb/action/builtin/restAction",
      "parameters": {
        "endpoint": "ordsBtftapp/getProjectBudgetCurrentAllocationSummary",
        "uriParams": {
          "edit_flag": "{{ $page.variables.editFlag === 'Y' ? 1:0 }}",
          "sub_project_number": "{{ $page.variables.subProjNum }}"
        }
      },
      "outcomes": {
        "failure": "fireNotification2"
      }
    },
    "callRestGetProjectBudgetCurrentBudgetData": {
      "module": "vb/action/builtin/restAction",
      "parameters": {
        "endpoint": "ordsBtftapp/getProjectBudgetCurrentBudgetData",
        "uriParams": {
          "edit_flag": "{{ $page.variables.editFlag === 'Y' ? 1:0 }}",
          "sub_project_number": "{{ $page.variables.subProjNum }}"
        }
      },
      "outcomes": {
        "failure": "fireNotification3"
      }
    },
    "assignVariablesSubProjectSummary": {
      "module": "vb/action/builtin/assignVariablesAction",
      "parameters": {
        "$page.variables.subProjectSummary": {
          "source": "{{ $chain.results.callRestGetProjectBudgetCurrentSubProjectSummary.body.items[0] }}",
          "auto": "always"
        }
      },
      "outcomes": {
        "success": "assignVariablesArrReviewCompleted"
      }
    },
    "fireDataProviderEventBudgetSummaryADP": {
      "module": "vb/action/builtin/fireDataProviderEventAction",
      "parameters": {
        "target": "[[ $page.variables.budgetSummaryADP ]]",
        "add": {
          "data": "{{ $page.variables.subProjectSummary.budget_summary }}"
        }
      }
    },
    "callFunctionHideLoading": {
      "module": "vb/action/builtin/callModuleFunctionAction",
      "parameters": {
        "module": "[[ $application.functions ]]",
        "functionName": "hideLoading"
      }
    },
    "callFunctionHideLoading2": {
      "module": "vb/action/builtin/callModuleFunctionAction",
      "parameters": {
        "module": "[[ $application.functions ]]",
        "functionName": "hideLoading"
      }
    },
    "callFunctionHideLoading3": {
      "module": "vb/action/builtin/callModuleFunctionAction",
      "parameters": {
        "module": "[[ $application.functions ]]",
        "functionName": "hideLoading"
      }
    },
    "callFunctionGetpriorlockedmonth": {
      "module": "vb/action/builtin/callModuleFunctionAction",
      "parameters": {
        "module": "[[ $functions ]]",
        "functionName": "getpriorlockedmonth",
        "params": [
          "{{ $page.variables.subProjectSummary.prior_locked_month }}",
          "{{ $page.variables.subProjectSummary.open_month }}"          ,
          "{{ $page.variables.subProjectSummary.openallflag }}"
        ]
      },
      "outcomes": {
        "success": "assignVariablesSubProjectSummary3"
      }
    },
    "assignVariablesArrReviewCompleted": {
      "module": "vb/action/builtin/assignVariablesAction",
      "parameters": {
        "$page.variables.arrReviewCompleted": {
          "source": [
            "{{ $page.variables.subProjectSummary.review_completed }}"
          ],
          "reset": "none",
          "auto": "always"
        }
      },
      "outcomes": {
        "success": "callFunctionGetpriorlockedmonth"
      }
    },
    "assignVariablesSubProjectSummary3": {
      "module": "vb/action/builtin/assignVariablesAction",
      "parameters": {
        "$page.variables.subProjectSummary": {
          "source": {
            "budget_summary": "{{ $chain.results.callRestGetProjectBudgetCurrentAllocationSummary.body.items }}",
            "budget_data": "{{ $chain.results.callRestGetProjectBudgetCurrentBudgetData.body.items }}"
          },
          "reset": "none",
          "auto": "always"
        },
        "$page.variables.originalbudgetSummaryADP": {
          "source": {
            "data": "{{ $chain.results.callRestGetProjectBudgetCurrentAllocationSummary.body.items }}"
          },
          "reset": "none",
          "auto": "always"
        }
      },
      "outcomes": {
        "success": "fireDataProviderEventBudgetSummaryADP"
      }
    }
  }
}