{
  "root": "runInParallel",
  "description": "",
  "actions": {
    "runInParallel": {
      "module": "vb/action/builtin/forkAction",
      "parameters": {
        "actions": {
          "callRest": "callRestGetProjectBudgetHistorySubProjectSummary",
          "callRest2": "callRestGetProjectBudgetHistoryAllocationSummary",
          "callRest3": "callRestGetProjectBudgetHistoryBudgetData"
        }
    },
      "outcomes": {
        "join": "assignVariablesSubProjectSummary"
      }
    },
    "fireNotification": {
      "module": "vb/action/builtin/fireNotificationEventAction",
      "parameters": {
        "target": "leaf",
        "summary": "[[ $chain.results.callRestGetProjectBudgetHistorySubProjectSummary.message.summary ]]",
        "type": "error",
        "displayMode": "persist",
        "message": "Failed to get the allocation data. Please try it again or contact DoT VIC IT team."
      },
      "outcomes": {
        "success": "callFunctionHideLoading"
      }
    },
    "fireNotification2": {
      "module": "vb/action/builtin/fireNotificationEventAction",
      "parameters": {
        "target": "leaf",
        "summary": "[[ $chain.results.callRestGetProjectBudgetHistoryAllocationSummary.message.summary ]]",
        "type": "error",
        "displayMode": "persist",
        "message": "Failed to get the allocation data. Please try it again or contact DoT VIC IT team."
      },
      "outcomes": {
        "success": "callFunctionHideLoading2"
      }
    },
    "fireNotification3": {
      "module": "vb/action/builtin/fireNotificationEventAction",
      "parameters": {
        "target": "leaf",
        "summary": "[[ $chain.results.callRestGetProjectBudgetHistoryBudgetData.message.summary ]]",
        "type": "error",
        "displayMode": "persist",
        "message": "Failed to get the allocation data. Please try it again or contact DoT VIC IT team."
      },
      "outcomes": {
        "success": "callFunctionHideLoading3"
      }
    },
    "assignVariablesSubProjectSummary": {
      "module": "vb/action/builtin/assignVariablesAction",
      "parameters": {
        "$page.variables.subProjectSummary": {
          "source": "{{ $chain.results.callRestGetProjectBudgetHistorySubProjectSummary.body.items[0] }}",
          "auto": "always"
        }
      },
      "outcomes": {
        "success": "assignVariablesSubProjectSummary2"
      }
    },
    "assignVariablesSubProjectSummary2": {
      "module": "vb/action/builtin/assignVariablesAction",
      "parameters": {
        "$page.variables.subProjectSummary": {
          "source": {
            "budget_summary": "{{ $chain.results.callRestGetProjectBudgetHistoryAllocationSummary.body.items }}",
            "budget_data": "{{ $chain.results.callRestGetProjectBudgetHistoryBudgetData.body.items }}"          },
          "reset": "none",
          "auto": "always"
        }
      },
      "outcomes": {
        "success": "fireDataProviderEventBudgetSummaryADP"
      }
    },
    "fireDataProviderEventBudgetSummaryADP": {
      "module": "vb/action/builtin/fireDataProviderEventAction",
      "parameters": {
        "target": "[[ $page.variables.budgetSummaryADP ]]",
        "add": {
          "data": "{{ $page.variables.subProjectSummary.budget_summary }}"
        }
      }
    },
    "callFunctionHideLoading": {
      "module": "vb/action/builtin/callModuleFunctionAction",
      "parameters": {
        "module": "[[ $application.functions ]]",
        "functionName": "hideLoading"
      }
    },
    "callFunctionHideLoading2": {
      "module": "vb/action/builtin/callModuleFunctionAction",
      "parameters": {
        "module": "[[ $application.functions ]]",
        "functionName": "hideLoading"
      }
    },
    "callFunctionHideLoading3": {
      "module": "vb/action/builtin/callModuleFunctionAction",
      "parameters": {
        "module": "[[ $application.functions ]]",
        "functionName": "hideLoading"
      }
    },
    "callRestGetProjectBudgetHistorySubProjectSummary": {
      "module": "vb/action/builtin/restAction",
      "parameters": {
        "endpoint": "ordsBtftapp/getProjectBudgetHistorySubProjectSummary",
        "uriParams": {
          "allocation_batch_number": "{{ $page.variables.allocation_batch_number }}",
          "sub_project_number": "{{ $page.variables.subProjNum }}",
          "version_id": "{{ $page.variables.version_id }}"
        }
      },
      "outcomes": {
        "failure": "fireNotification"
      }
    },
    "callRestGetProjectBudgetHistoryAllocationSummary": {
      "module": "vb/action/builtin/restAction",
      "parameters": {
        "endpoint": "ordsBtftapp/getProjectBudgetHistoryAllocationSummary",
        "uriParams": {
          "allocation_batch_number": "{{ $page.variables.allocation_batch_number }}",
          "sub_project_number": "{{ $page.variables.subProjNum }}",
          "version_id": "{{ $page.variables.version_id }}"
        }
      },
      "outcomes": {
        "failure": "fireNotification2"
      }
    },
    "callRestGetProjectBudgetHistoryBudgetData": {
      "module": "vb/action/builtin/restAction",
      "parameters": {
        "endpoint": "ordsBtftapp/getProjectBudgetHistoryBudgetData",
        "uriParams": {
          "allocation_batch_number": "{{ $page.variables.allocation_batch_number }}",
          "sub_project_number": "{{ $page.variables.subProjNum }}",
          "version_id": "{{ $page.variables.version_id }}",
          "edit_flag": "{{ $page.variables.editFlag === 'Y' ? 1:0 }}"
        }
      },
      "outcomes": {
        "failure": "fireNotification3"
      }
    }
  }
}