{
  "description": "",
  "root": "assignVariablesAllocationBatchNumber",
  "actions": {
    "assignVariablesAllocationBatchNumber": {
      "module": "vb/action/builtin/assignVariablesAction",
      "parameters": {
        "$page.variables.allocation_batch_number": {
          "source": "{{ $variables.current.row.allocation_batch_number }}"
        },
        "$page.variables.subProjNum": {
          "source": "{{ $variables.current.row.sub_project }}"
        },
        "$page.variables.version_id": {
          "source": "{{ $variables.current.row.version_id }}"
        }
      },
      "outcomes": {
        "success": "callFunctionShowBudgetAllocationDiv"
      }
    },
    "callChainLoadPageActionChain": {
      "module": "vb/action/builtin/callChainAction",
      "parameters": {
        "id": "loadPageActionChain"
      }
    },
    "callFunctionShowBudgetAllocationDiv": {
      "module": "vb/action/builtin/callModuleFunctionAction",
      "parameters": {
        "module": "[[ $functions ]]",
        "functionName": "showBudgetAllocationDiv"
      },
      "outcomes": {
        "success": "callChainLoadPageActionChain"
      }
    }
  },
  "variables": {
    "key": {
      "required": true,
      "type": "any",
      "input": "fromCaller"
    },
    "index": {
      "required": true,
      "type": "number",
      "input": "fromCaller"
    },
    "current": {
      "required": true,
      "type": "any",
      "input": "fromCaller"
    }
  }
}