{
  "root": "callFunctionShowLoading",
  "description": "",
  "actions": {
    "ifBudgetSummaryADP": {
      "module": "vb/action/builtin/ifAction",
      "parameters": {
        "condition": "[[ $page.variables.budgetSummaryADP.data.length ]]"
      },
      "outcomes": {
        "true": "fireDataProviderEventBudgetSummaryADP",
        "false": "ifAuthorityTotalsADP"
      }
    },
    "fireDataProviderEventBudgetSummaryADP": {
      "module": "vb/action/builtin/fireDataProviderEventAction",
      "parameters": {
        "target": "[[ $page.variables.budgetSummaryADP ]]",
        "remove": {
          "data": "{{ $page.variables.budgetSummaryADP.data }}"
        }
      },
      "outcomes": {
        "success": "ifAuthorityTotalsADP"
      }
    },
    "resetVariablesSubProjectSummary": {
      "module": "vb/action/builtin/resetVariablesAction",
      "parameters": {
        "variables": [
          "$page.variables.subProjectSummary",
          "$page.variables.authorityCBFormattedStr"
        ]
      },
      "outcomes": {
        "success": "ifBudgetSummaryADP"
      }
    },
    "callFunctionShowLoading": {
      "module": "vb/action/builtin/callModuleFunctionAction",
      "parameters": {
        "module": "[[ $application.functions ]]",
        "functionName": "showLoading"
      },
      "outcomes": {
        "success": "callRestGetUserAccessActionAllowed"
      }
    },
    "callFunctionHideLoading": {
      "module": "vb/action/builtin/callModuleFunctionAction",
      "parameters": {
        "module": "[[ $application.functions ]]",
        "functionName": "hideLoading"
      }
    },
    "assignVariablesSelectedPeriod": {
      "module": "vb/action/builtin/assignVariablesAction",
      "parameters": {
        "$page.variables.currentPeriod": {
          "source": "{{ $page.variables.subProjectSummary.budget_summary[1].period_fy }}"
        }
      },
      "outcomes": {
        "success": "resetVariablesIsCheckBoxValueChange"
      }
    },
    "callChainRefreshGridDataActionChain": {
      "module": "vb/action/builtin/callChainAction",
      "parameters": {
        "id": "RefreshGridDataActionChain"
      },
      "outcomes": {
        "success": "callChainRefreshTotalSummaryActionChain"
      }
    },
    "runInParallel": {
      "module": "vb/action/builtin/forkAction",
      "parameters": {
        "actions": {
          "callRestGetProjectForecastProjectTaskSummary": "resetVariablesSubProjectSummary",
          "callFunction": "callRestGetProjectTasks",
          "callRestGetExpenditures": "callRestGetExpenditures"
        }
      },
      "outcomes": {
        "join": "callFunctionHideLoading"
      }
    },
    "fireNotification2": {
      "module": "vb/action/builtin/fireNotificationEventAction",
      "parameters": {
        "target": "leaf",
        "summary": "[[ $chain.results.callRestGetExpenditures.message.summary ]]",
        "type": "error",
        "displayMode": "persist"
      }
    },
    "callRestGetExpenditures": {
      "module": "vb/action/builtin/restAction",
      "parameters": {
        "endpoint": "ordsBtftapp/getExpenditures",
        "uriParams": {
          "sub_project_number": "{{ $page.variables.subProjNum }}"
        }
      },
      "outcomes": {
        "failure": "fireNotification2",
        "success": "assignVariablesExpenditureLOV"
      }
    },
    "fireNotification3": {
      "module": "vb/action/builtin/fireNotificationEventAction",
      "parameters": {
        "target": "leaf",
        "summary": "[[ $chain.results.callRestGetProjectTasks.message.summary ]]",
        "type": "error",
        "displayMode": "persist"
      }
    },
    "callRestGetProjectTasks": {
      "module": "vb/action/builtin/restAction",
      "parameters": {
        "endpoint": "ordsBtftapp/getProjectTasks",
        "uriParams": {
          "sub_project_number": "{{ $page.variables.subProjNum }}"
        }
      },
      "outcomes": {
        "failure": "fireNotification3",
        "success": "assignVariablesProjectTaskLOV"
      }
    },
    "resetVariablesProjectTaskLOV": {
      "module": "vb/action/builtin/resetVariablesAction",
      "parameters": {
        "variables": [
          "$page.variables.projectTaskLOV",
          "$page.variables.expenditureLOV",
          "$page.variables.taskExpenditure"
        ]
      },
      "outcomes": {
        "success": "runInParallel"
      }
    },
    "assignVariablesProjectTaskLOV": {
      "module": "vb/action/builtin/assignVariablesAction",
      "parameters": {
        "$page.variables.projectTaskLOV": {
          "source": "{{ $chain.results.callRestGetProjectTasks.body.items }}"
        }
      }
    },
    "assignVariablesExpenditureLOV": {
      "module": "vb/action/builtin/assignVariablesAction",
      "parameters": {
        "$page.variables.expenditureLOV": {
          "source": "{{ $chain.results.callRestGetExpenditures.body.items }}"
        }
      }
    },
    "callChainRefreshTotalSummaryActionChain": {
      "module": "vb/action/builtin/callChainAction",
      "parameters": {
        "id": "RefreshTotalSummaryActionChain"
      }
    },
    "if": {
      "module": "vb/action/builtin/ifAction",
      "parameters": {
        "condition": "[[ $page.variables.currentPeriod === undefined || $page.variables.currentPeriod === null ]]"
      },
      "outcomes": {
        "true": "assignVariablesSelectedPeriod",
        "false": "resetVariablesIsCheckBoxValueChange"
      }
    },
    "fireNotification4": {
      "module": "vb/action/builtin/fireNotificationEventAction",
      "parameters": {
        "target": "leaf",
        "summary": "[[ $chain.results.callRestGetUserAccessActionAllowed.message.summary ]]",
        "type": "error",
        "displayMode": "persist"
      }
    },
    "callRestGetUserAccessActionAllowed": {
      "module": "vb/action/builtin/restAction",
      "parameters": {
        "endpoint": "ordsBtftapp/getUser_accessAction_allowed",
        "uriParams": {
          "user_name": "{{ $application.user.username }}",
          "page_name": "main-projectbudgeting",
          "sub_project": "{{ $page.variables.subProjNum }}",
          "budget_type_id": "1"
        }
      },
      "outcomes": {
        "failure": "fireNotification4",
        "success": "callFunctionGetUserAccess"
      }
    },
    "callFunctionGetUserAccess": {
      "module": "vb/action/builtin/callModuleFunctionAction",
      "parameters": {
        "module": "[[ $functions ]]",
        "functionName": "getUserAccess",
        "params": [
          "{{ $chain.results.callRestGetUserAccessActionAllowed.body.items }}"
        ]
      },
      "outcomes": {
        "success": "assignVariablesApproveFlag"
      }
    },
    "assignVariablesApproveFlag": {
      "module": "vb/action/builtin/assignVariablesAction",
      "parameters": {
        "$page.variables.approveFlag": {
          "source": "{{ $chain.results.callFunctionGetUserAccess.approveFlag }}"
        },
        "$page.variables.editFlag": {
          "source": "{{ $chain.results.callFunctionGetUserAccess.editFlag }}"
        },
        "$page.variables.pageAccess": {
          "source": "{{ $chain.results.callFunctionGetUserAccess.pageAccess }}"
        },
        "$page.variables.postFlag": {
          "source": "{{ $chain.results.callFunctionGetUserAccess.postFlag }}"
        },
        "$page.variables.endorseFlag": {
          "source": "{{ $chain.results.callFunctionGetUserAccess.endorseFlag }}"
        }
      },
      "outcomes": {
        "success": "ifPageAccess"
      }
    },
    "callFunctionSetDatagridEditMode": {
      "module": "vb/action/builtin/callModuleFunctionAction",
      "parameters": {
        "module": "[[ $functions ]]",
        "functionName": "setDatagridEditMode",
        "params": [
          "{{ $page.variables.subProjectSummary.status }}",
          "{{ $page.variables.editFlag }}",
          "{{ $page.variables.historyFlag }}",
          "{{ $page.variables.subProjectSummary.review_completed }}"
        ]
      },
      "outcomes": {
        "success": "if"
      }
    },
    "ifPageAccess": {
      "module": "vb/action/builtin/ifAction",
      "parameters": {
        "condition": "[[ $page.variables.pageAccess === 'Y' ]]"
      },
      "outcomes": {
        "true": "if3",
        "false": "callFunctionHideLoading"
      }
    },
    "if3": {
      "module": "vb/action/builtin/ifAction",
      "parameters": {
        "condition": "[[ $page.variables.allocation_batch_number === undefined || $page.variables.allocation_batch_number === null || $page.variables.allocation_batch_number === '' ]]"
      },
      "outcomes": {
        "true": "assignVariablesHistoryFlag",
        "false": "assignVariablesHistoryFlag3"
      }
    },
    "assignVariablesHistoryFlag": {
      "module": "vb/action/builtin/assignVariablesAction",
      "parameters": {
        "$page.variables.historyFlag": {
          "source": "false"
        }
      },
      "outcomes": {
        "success": "callFunctionPrintObject"
      }
    },
    "assignVariablesHistoryFlag3": {
      "module": "vb/action/builtin/assignVariablesAction",
      "parameters": {
        "$page.variables.historyFlag": {
          "source": "true"
        }
      },
      "outcomes": {
        "success": "callFunctionPrintObject"
      }
    },
    "ifHistoryFlag": {
      "module": "vb/action/builtin/ifAction",
      "parameters": {
        "condition": "[[ $page.variables.historyFlag ]]"
      },
      "outcomes": {
        "false": "callChainGetCurrentAllocationDataChain",
        "true": "callChainGetHistoryAllocationDataChain"
      }
    },
    "callFunctionGetControllingBudgetObj": {
      "module": "vb/action/builtin/callModuleFunctionAction",
      "parameters": {
        "module": "[[ $functions ]]",
        "functionName": "getControllingBudgetObj",
        "params": [
          "{{ $page.variables.authorityTotalsADP.data }}"
        ]
      },
      "outcomes": {
        "success": "assignVariablesAuthorityCBFormattedStr"
      }
    },
    "assignVariablesAuthorityCBFormattedStr": {
      "module": "vb/action/builtin/assignVariablesAction",
      "parameters": {
        "$page.variables.authorityCBFormattedStr": {
          "source": "{{ $chain.results.callFunctionGetControllingBudgetObj }}"
        }
      },
      "outcomes": {
        "success": "callFunctionSetDatagridEditMode"
      }
    },
    "callFunctionPrintObject": {
      "module": "vb/action/builtin/callModuleFunctionAction",
      "parameters": {
        "module": "[[ $application.functions ]]",
        "functionName": "printObject",
        "params": [
          "{{ $page.variables.historyFlag }}",
          "history flag"
        ]
      },
      "outcomes": {
        "success": "resetVariablesProjectTaskLOV"
      }
    },
    "fireDataProviderEventAuthorityTotalsADP3": {
      "module": "vb/action/builtin/fireDataProviderEventAction",
      "parameters": {
        "target": "[[ $page.variables.authorityTotalsADP ]]",
        "add": {
          "data": "{{ $page.variables.subProjectSummary.authority_totals }}"
        }
      },
      "outcomes": {
        "success": "callFunctionGetControllingBudgetObj"
      }
    },
    "ifSubProjectSummary": {
      "module": "vb/action/builtin/ifAction",
      "parameters": {
        "condition": "[[ $page.variables.subProjectSummary.authority_totals.length > 0 ]]"
      },
      "outcomes": {
        "true": "fireDataProviderEventAuthorityTotalsADP3",
        "false": "callFunctionGetControllingBudgetObj"
      }
    },
    "fireDataProviderEventAuthorityTotalsADP2": {
      "module": "vb/action/builtin/fireDataProviderEventAction",
      "parameters": {
        "target": "[[ $page.variables.authorityTotalsADP ]]",
        "remove": {
          "data": "{{ $page.variables.authorityTotalsADP.data }}"
        }
      },
      "outcomes": {
        "success": "ifHistoryFlag"
      }
    },
    "ifAuthorityTotalsADP": {
      "module": "vb/action/builtin/ifAction",
      "parameters": {
        "condition": "[[ $page.variables.authorityTotalsADP.data.length ]]"
      },
      "outcomes": {
        "true": "fireDataProviderEventAuthorityTotalsADP2",
        "false": "ifHistoryFlag"
      }
    },
    "callChainGetCurrentAllocationDataChain": {
      "module": "vb/action/builtin/callChainAction",
      "parameters": {
        "id": "GetCurrentAllocationDataChain"
      },
      "outcomes": {
        "success": "ifSubProjectSummary"
      }
    },
    "callChainGetHistoryAllocationDataChain": {
      "module": "vb/action/builtin/callChainAction",
      "parameters": {
        "id": "GetHistoryAllocationDataChain"
      },
      "outcomes": {
        "success": "ifSubProjectSummary"
      }
    },
    "resetVariablesIsCheckBoxValueChange": {
      "module": "vb/action/builtin/resetVariablesAction",
      "parameters": {
        "variables": [
          "$page.variables.IsCheckBoxValueChange"
        ]
      },
      "outcomes": {
        "success": "callChainRefreshGridDataActionChain"
      }
    }
  }
}