{
  "root": "assignVariablesTaskExpenditure",
  "description": "",
  "actions": {
    "assignVariablesTaskExpenditure": {
      "module": "vb/action/builtin/assignVariablesAction",
      "parameters": {
        "$page.variables.taskExpenditure": {
          "source": {
            "sub_project_number": "{{ $page.variables.subProjNum }}"
          },
          "reset": "none",
          "auto": "always"
        }
      },
      "outcomes": {
        "success": "callChainLoadTaskExpenditureActionChain"
      }
    },
    "callComponentDialogTaskExpenditureOpen": {
      "module": "vb/action/builtin/callComponentMethodAction",
      "parameters": {
        "component": "{{ document.getElementById('dialogTaskExpenditure') }}",
        "method": "open"
      }
    },
    "callChainLoadTaskExpenditureActionChain": {
      "module": "vb/action/builtin/callChainAction",
      "parameters": {
        "id": "LoadTaskExpenditureActionChain"
      },
      "outcomes": {
        "success": "callComponentDialogTaskExpenditureOpen"
      }
    }
  }
}