{
  "description": "",
  "root": "resetVariablesSubmittedComments",
  "actions": {
    "assignVariablesCurrentAction": {
      "module": "vb/action/builtin/assignVariablesAction",
      "parameters": {
        "$page.variables.currentAction": {
          "source": "{{ $variables.action }}"
        }
      },
      "outcomes": {
        "success": "if"
      }
    },
    "callComponentSubmitDialogWindowOpen": {
      "module": "vb/action/builtin/callComponentMethodAction",
      "parameters": {
        "component": "{{ document.getElementById('submitDialogWindow') }}",
        "method": "open"
      }
    },
    "resetVariablesSubmittedComments": {
      "module": "vb/action/builtin/resetVariablesAction",
      "parameters": {
        "variables": [
          "$page.variables.submittedComments",
          "$page.variables.approverCount",
          "$page.variables.endorserCount"          ,
          "$page.variables.escalatorCount"
        ]
      },
      "outcomes": {
        "success": "assignVariablesCurrentAction"
      }
    },
    "ifAction": {
      "module": "vb/action/builtin/ifAction",
      "parameters": {
        "condition": "[[ $variables.action === 'Endorse' ]]"
      },
      "outcomes": {
        "true": "callComponentSubmitDialogWindowOpen",
        "false": "callRestGetRoleByPageAction2"
      }
    },
    "fireNotification2": {
      "module": "vb/action/builtin/fireNotificationEventAction",
      "parameters": {
        "target": "leaf",
        "summary": "[[ $chain.results.callRestGetRoleByPageAction2.message.summary ]]",
        "type": "error",
        "displayMode": "persist"
      }
    },
    "callRestGetRoleByPageAction2": {
      "module": "vb/action/builtin/restAction",
      "parameters": {
        "endpoint": "ordsBtftapp/getRoleByPageAction",
        "uriParams": {
          "p_action_included": "ENDORSE",
          "p_page_id": "2"
        }
      },
      "outcomes": {
        "success": "assignVariablesEndorserRoleName",
        "failure": "fireNotification2"
      }
    },
    "if": {
      "module": "vb/action/builtin/ifAction",
      "parameters": {
        "condition": "[[ $variables.action === 'Endorse' || $variables.action === 'SUBMIT' || $variables.action === 'Submit' ]]"
      },
      "outcomes": {
        "true": "ifAction",
        "false": "if2"
      }
    },
    "assignVariablesEndorseRejectFlag": {
      "module": "vb/action/builtin/assignVariablesAction",
      "parameters": {
        "$page.variables.endorseRejectFlag": {
          "source": false
        }
      },
      "outcomes": {
        "success": "callComponentSubmitDialogWindowOpen"
      }
    },
    "if2": {
      "module": "vb/action/builtin/ifAction",
      "parameters": {
        "condition": "[[ $variables.action === 'Reject' || $variables.action === 'Withdraw' ]]"
      },
      "outcomes": {
        "true": "assignVariablesEndorseRejectFlag",
        "false": "callComponentSubmitDialogWindowOpen"
      }
    },
    "assignVariablesEndorserRoleName": {
      "module": "vb/action/builtin/assignVariablesAction",
      "parameters": {
        "$page.variables.endorserRoleName": {
          "source": "{{ $chain.results.callRestGetRoleByPageAction2.body.items[2].role_name }}"
        },
        "$page.variables.approverRoleName": {
          "source": "{{ $chain.results.callRestGetRoleByPageAction2.body.items[0].role_name }}"
        },
        "$page.variables.escalatorRoleName": {
          "source": "{{ $chain.results.callRestGetRoleByPageAction2.body.items[1].role_name }}"
        }
      },
      "outcomes": {
        "success": "callComponentSubmitDialogWindowOpen"
      }
    }
  },
  "variables": {
    "action": {
      "type": "string",
      "required": true,
      "input": "fromCaller"
    }
  }
}