{
  "description": "",
  "root": "resetVariablesApproverCount",
  "actions": {
    "callFunctionCheckForDataChange": {
      "module": "vb/action/builtin/callModuleFunctionAction",
      "parameters": {
        "module": "[[ $functions ]]",
        "functionName": "checkForDataChange",
        "params": [
          "{{ $page.variables.budgetDataGrid }}",
          "{{ $page.variables.currentPeriod }}",
          "{{ $page.variables.origBudgetDataGrid }}"
        ]
      },
      "outcomes": {
        "success": "if"
      }
    },
    "if": {
      "module": "vb/action/builtin/ifAction",
      "parameters": {
        "condition": "[[ $chain.results.callFunctionCheckForDataChange.updated_flag ]]"
      },
      "outcomes": {
        "true": "callComponentSaveWarningDialogueOpen",
        "false": "switchFromObject"
      }
    },
    "callComponentSaveWarningDialogueOpen": {
      "module": "vb/action/builtin/callComponentMethodAction",
      "parameters": {
        "component": "{{ document.getElementById('saveWarningDialogue') }}",
        "method": "open"
      }
    },
    "switchFromObject": {
      "module": "vb/action/builtin/switchAction",
      "parameters": {
        "caseValue": "[[ $variables.fromObject ]]",
        "possibleValues": [
          "TILE",
          "ASSIGNRESOURCE",
          "SUBMIT"
        ]
      },
      "outcomes": {
        "TILE": "callChainClickTileActionCahin2",
        "ASSIGNRESOURCE": "callChainOpenTaskExpenditureDialogChain2",
        "SUBMIT": "callChainBtnSubmitActionChain"
      }
    },
    "callChainClickTileActionCahin2": {
      "module": "vb/action/builtin/callChainAction",
      "parameters": {
        "id": "ClickTileActionCahin",
        "params": {
          "periodVal": "{{ $variables.selectedPreiodValue }}"
        }
      }
    },
    "callChainOpenTaskExpenditureDialogChain2": {
      "module": "vb/action/builtin/callChainAction",
      "parameters": {
        "id": "OpenTaskExpenditureDialogChain"
      }
    },
    "callChainBtnSubmitActionChain": {
      "module": "vb/action/builtin/callChainAction",
      "parameters": {
        "id": "BtnSubmitActionChain"
      }
    },
    "resetVariablesApproverCount": {
      "module": "vb/action/builtin/resetVariablesAction",
      "parameters": {
        "variables": [
          "$page.variables.approverCount",
          "$page.variables.endorserCount",
          "$page.variables.escalatorCount"
        ]
      },
      "outcomes": {
        "success": "callFunctionCheckForDataChange"
      }
    }
  },
  "variables": {
    "details": {
      "type": "any",
      "required": false,
      "input": "fromCaller"
    },
    "fromObject": {
      "type": "string",
      "required": false,
      "input": "fromCaller"
    },
    "selectedPreiodValue": {
      "type": "string",
      "required": false,
      "input": "fromCaller"
    }
  }
}