{
  "description": "",
  "root": "callFunctionSetTileSelected",
  "actions": {
    "callFunctionGenerateGridData2": {
      "module": "vb/action/builtin/callModuleFunctionAction",
      "parameters": {
        "module": "[[ $functions ]]",
        "functionName": "generateGridData",
        "params": [
          "{{ $page.variables.budgetDataGrid.data._rows }}",
          "{{ $page.variables.budgetSummaryADP.data }}",
          "{{ $page.variables.currentPeriod?$page.variables.currentPeriod : $page.variables.subProjectSummary.budget_summary[1].period_fy }}",
          "{{ $page.variables.authorityCBFormattedStr }}",
          "{{ $page.variables.authorityTotalsADP.data }}",
          "{{ $page.variables.subProjectSummary.period_open_date }}"
        ]
      },
      "outcomes": {
        "success": "assignVariablesBudgetDataGrid"
      }
    },
    "callFunctionSetTileSelected": {
      "module": "vb/action/builtin/callModuleFunctionAction",
      "parameters": {
        "module": "[[ $functions ]]",
        "functionName": "setTileSelected",
        "params": [
          "{{ $page.variables.currentPeriod }}",
          "{{ $page.variables.budgetSummaryADP.data }}"
        ]
      },
      "outcomes": {
        "success": "callFunctionGenerateGridData2"
      }
    },
    "callChainRefreshBarChartActionChain": {
      "module": "vb/action/builtin/callChainAction",
      "parameters": {
        "id": "RefreshBarChartActionChain"
      },
      "outcomes": {
        "success": "callChainRefreshBudgetValidationActionChain"
      }
    },
    "callChainRefreshBudgetValidationActionChain": {
      "module": "vb/action/builtin/callChainAction",
      "parameters": {
        "id": "RefreshBudgetValidationActionChain"
      }
    },
    "assignVariablesBudgetDataGrid": {
      "module": "vb/action/builtin/assignVariablesAction",
      "parameters": {
        "$page.variables.budgetDataGrid": {
          "source": "{{ $chain.results.callFunctionGenerateGridData2 }}"
        },
        "$page.variables.origBudgetDataGrid": {
          "source": "{{ $page.variables.subProjectSummary.budget_data }}"
        }
      },
      "outcomes": {
        "success": "callFunctionCreateExportDataBudget"
      }
    },
    "callFunctionCreateExportDataBudget": {
      "module": "vb/action/builtin/callModuleFunctionAction",
      "parameters": {
        "module": "[[ $functions ]]",
        "functionName": "createExportDataBudget",
        "params": [
          "{{ $page.variables.budgetSummaryADP.data }}",
          "{{ $page.variables.subProjectSummary.budget_data }}"
        ]
      },
      "outcomes": {
        "success": "assignVariablesExportProjetBudgetDataCSVAnyType2"
      }
    },
    "assignVariablesExportProjetBudgetDataCSVAnyType2": {
      "module": "vb/action/builtin/assignVariablesAction",
      "parameters": {
        "$page.variables.exportProjetBudgetDataCSVAnyType": {
          "source": "{{ $chain.results.callFunctionCreateExportDataBudget }}"
        }
      },
      "outcomes": {
        "success": "callChainRefreshBarChartActionChain"
      }
    }
  }
}