{
  "root": "callFunctionValidateBudgetData",
  "description": "",
  "actions": {
    "callFunctionValidateBudgetData": {
      "module": "vb/action/builtin/callModuleFunctionAction",
      "parameters": {
        "module": "[[ $functions ]]",
        "functionName": "validateBudgetData",
        "params": [
          "{{ $page.variables.currentPeriod }}",
          "{{ $page.variables.authorityTotalsADP.data }}"
        ]
      },
      "outcomes": {
        "success": "assignVariablesBudgetValidFlag"
      }
    },
    "assignVariablesBudgetValidFlag": {
      "module": "vb/action/builtin/assignVariablesAction",
      "parameters": {
        "$page.variables.budgetValidFlag": {
          "source": "{{ $chain.results.callFunctionValidateBudgetData.budgetValidFlag }}"
        },
        "$page.variables.budgetValidFlagFY": {
          "source": "{{ $chain.results.callFunctionValidateBudgetData.budgetValidFlagFY }}"
        }
      }
    }
  }
}