{
    "items": [
        {
            "page_id": 1,
            "page_name": "Subproject page"
        },
        {
            "page_id": 2,
            "page_name": "WBS Allocation page"
        },
        {
            "page_id": 3,
            "page_name": "Home Page"
        },
        {
            "page_id": 4,
            "page_name": "Search Page"
        },
        {
            "page_id": 5,
            "page_name": "Forecast Budget page"
        },
        {
            "page_id": 6,
            "page_name": "Contract Budget Page"
        },
        {
            "page_id": 7,
            "page_name": "Admin Bulk Upload page"
        },
        {
            "page_id": 8,
            "page_name": "Change Alert Report"
        },
        {
            "page_id": 9,
            "page_name": "Change Alert Report"
        },
        {
            "page_id": 10,
            "page_name": "Change Alert Report"
        },
        {
            "page_id": 11,
            "page_name": "Status report"
        }
    ],
    "hasMore": false,
    "limit": 100,
    "offset": 0,
    "count": 11,
    "links": [
        {
            "rel": "self",
            "href": "https://apps-preprod-fs.transport.vic.gov.au/ords/btftapp_db/RoleMapping/getPageNames"
        },
        {
            "rel": "describedby",
            "href": "https://apps-preprod-fs.transport.vic.gov.au/ords/btftapp_db/metadata-catalog/RoleMapping/item"
        },
        {
            "rel": "first",
            "href": "https://apps-preprod-fs.transport.vic.gov.au/ords/btftapp_db/RoleMapping/getPageNames"
        }
    ]
}