{
    "description": "",
    "routerFlow": "main",
    "variables": {
      "messageToast": {
        "type": "string"
      },
      "messagesBannerADP": {
        "type": "vb/ArrayDataProvider2",
        "defaultValue": {
          "itemType": "MessagesBannerType",
          "keyAttributes": "id"
        }
      },
      "messageId": {
        "type": "number",
        "defaultValue": 1
      },
    "navigationADPVar": {
      "type": "vb/ArrayDataProvider2",
      "defaultValue": {
        "itemType": "navigationObject",
        "keyAttributes": "id"
      },
      "@dt": {
        "label": "Navigation ADP"
      }
    },
    "navigationArrayVar": {
      "type": "navigationObject[]",
      "@dt": {
        "label": "Navigation Array"
      },
      "defaultValue": [
        {
          "id":"org-dev-hierarchy",
          "label": "Organizational Development",
          "icon": "oj-ux-ico-home"
        },
        {
          "id":"job-classification-hierarchy",
          "label": "Job Classification",
          "icon": "oj-ux-ico-advanced-create-and-edit-with-anchor-navigator-template"
        },
        {
          "id":"org-publish-hierarchy",
          "label": "Organisation Development Publish",
          "icon": "oj-ux-ico-treemap"
        }
      ]
    },
    "selectedId": {
      "type": "string"
    }
    },
    "metadata": {},
    "types": {
      "MessagesBannerType": {
        "id": "number",
        "messageType": "string",
        "primaryText": "string",
        "primaryActionLabel": "string",
        "secondaryText": "any",
        "secondaryActionLabel": "string"
      },
    "navigationObject": {
      "icon": "string",
      "id": "string",
      "label": "string"
    }
    },
    "eventListeners": {
    "application:spShowToast": {
      "chains": [
        {
          "parameters": {
            "event": "{{ $event }}"
          },
          "chain": "showMessageToast"
        }
      ]
    },
    "inappNavigationSpSelectionAction": {
      "chains": [
        {
          "chain": "InAppNavigationSpSelectionActionChain",
          "parameters": {
            "currentId": "{{$event.detail.currentId}}",
            "previousId": "{{$event.detail.previousId}}"
          }
        }
      ]
    },
    "messagesBannerSpClose": {
      "chains": [
        {
          "parameters": {
            "event": "{{ $event }}"
          },
          "chain": "closeMessageBanner"
        }
      ]
    },
    "vbEnter": {
      "chains": [
        {
          "parameters": {},
          "chain": "vbEnterListenerNavigationAssignmentEvent"
        }
      ]
    },
    "vbNotification": {
      "chains": [
        {
          "parameters": {
            "event": "{{ $event }}"
          },
          "chain": "showNotificationMessage"
        }
      ]
    }

    },
    "imports": {
    "components": {
      "oj-sp-in-app-navigation": {
        "path": "oj-sp/in-app-navigation/loader"
      },
      "oj-sp-messages-banner": {
        "path": "oj-sp/messages-banner/loader"
      },
      "oj-sp-messages-toast": {
        "path": "oj-sp/messages-toast/loader"
      }

    }
    },
    "translations": {}
  }