{
  "description": "",
  "root": "callRestDeleteProjWBSTaskExpenditures",
  "actions": {
    "fireNotification": {
      "module": "vb/action/builtin/fireNotificationEventAction",
      "parameters": {
        "target": "leaf",
        "summary": "[[ $chain.results.callRestDeleteProjWBSTaskExpenditures.message.summary ]]",
        "type": "error",
        "displayMode": "persist"
      }
    },
    "callRestDeleteProjWBSTaskExpenditures": {
      "module": "vb/action/builtin/restAction",
      "parameters": {
        "endpoint": "ordsBtftapp/deleteProjWBSTaskExpenditures",
        "uriParams": {
          "rec_id": "{{ $variables.current.row.rec_id }}",
          "user_name": "{{ $application.user.username }}"
        }
      },
      "outcomes": {
        "failure": "fireNotification",
        "success": "callChainLoadTaskExpenditureActionChain"
      }
    },
    "callChainLoadTaskExpenditureActionChain": {
      "module": "vb/action/builtin/callChainAction",
      "parameters": {
        "id": "LoadTaskExpenditureActionChain"
      }
    }
  },
  "variables": {
    "key": {
      "required": true,
      "type": "any",
      "input": "fromCaller"
    },
    "index": {
      "required": true,
      "type": "number",
      "input": "fromCaller"
    },
    "current": {
      "required": true,
      "type": "any",
      "input": "fromCaller"
    }
  }
}