{
  "description": "",
  "root": "resetVariablesUploadVaErrMsg",
  "actions": {
    "callComponentImportForecastDataPopupOpen": {
      "module": "vb/action/builtin/callComponentMethodAction",
      "parameters": {
        "component": "{{ document.getElementById('importForecastDataPopup') }}",
        "method": "open"
      }
    },
    "resetVariablesUploadVaErrMsg": {
      "module": "vb/action/builtin/resetVariablesAction",
      "parameters": {
        "variables": [
          "$page.variables.UploadVaErrMsg",
          "$page.variables.showUploadValErrMsg",
          "$page.variables.showUploadValSuccMsg",
          "$page.variables.bulkUploadErrorsADP"
        ]
      },
      "outcomes": {
        "success": "callComponentImportForecastDataPopupOpen"
      }
    }
  },
  "variables": {}
}