{
  "description": "",
  "root": "callFunctionShowLoading",
  "actions": {
    "callComponentImportForecastDataPopupClose": {
      "module": "vb/action/builtin/callComponentMethodAction",
      "parameters": {
        "component": "{{ document.getElementById('importForecastDataPopup') }}",
        "method": "close"
      },
      "outcomes": {
        "success": "callChainLoadPageActionChain"
      }
    },
    "fireNotification": {
      "module": "vb/action/builtin/fireNotificationEventAction",
      "parameters": {
        "target": "leaf",
        "summary": "Error in uploading Contract . Please try again later.",
        "type": "error",
        "displayMode": "persist",
        "message": "Error in uploading Contract . Please try again later."
      },
      "outcomes": {
        "success": "callFunctionHideLoading"
      }
    },
    "callRestPostProjWBSBulkUploadBudgetSave": {
      "module": "vb/action/builtin/restAction",
      "parameters": {
        "endpoint": "ordsBtftapp/postProjWBSBulkUploadBudgetSave",
        "uriParams": {
          "l_uploaded_by": "{{ $application.user.email }}",
          "l_sub_project_number": "{{ $page.variables.subProjectSummary.sub_project_number }}",
          "l_budget_typ_id_ip": "3"
        }
      },
      "outcomes": {
        "failure": "fireNotification",
        "success": "if"
      }
    },
    "callFunctionShowLoading": {
      "module": "vb/action/builtin/callModuleFunctionAction",
      "parameters": {
        "module": "[[ $application.functions ]]",
        "functionName": "showLoading"
      },
      "outcomes": {
        "success": "callRestPostProjWBSBulkUploadBudgetSave"
      }
    },
    "if": {
      "module": "vb/action/builtin/ifAction",
      "parameters": {
        "condition": "[[ $chain.results.callRestPostProjWBSBulkUploadBudgetSave.body.serv_result == 'Success' ]]"
      },
      "outcomes": {
        "true": "fireNotification4",
        "false": "fireNotification3"
      }
    },
    "fireNotification3": {
      "module": "vb/action/builtin/fireNotificationEventAction",
      "parameters": {
        "target": "leaf",
        "summary": "Error in uploading Contract . Please correct the errors and try again.",
        "message": "Error in uploading Contract . Please correct the errors and try again."
      },
      "outcomes": {
        "success": "callFunctionHideLoading2"
      }
    },
    "callFunctionHideLoading": {
      "module": "vb/action/builtin/callModuleFunctionAction",
      "parameters": {
        "module": "[[ $application.functions ]]",
        "functionName": "hideLoading"
      }
    },
    "callFunctionHideLoading2": {
      "module": "vb/action/builtin/callModuleFunctionAction",
      "parameters": {
        "module": "[[ $application.functions ]]",
        "functionName": "hideLoading"
      }
    },
    "callChainLoadPageActionChain": {
      "module": "vb/action/builtin/callChainAction",
      "parameters": {
        "id": "loadPageActionChain"
      },
      "outcomes": {
        "success": "callFunctionHideLoading2"
      }
    },
    "fireNotification4": {
      "module": "vb/action/builtin/fireNotificationEventAction",
      "parameters": {
        "target": "leaf",
        "summary": "Contract data saved successfully. ",
        "message": "Contract data saved successfully. ",
        "type": "confirmation",
        "displayMode": "transient"
      },
      "outcomes": {
        "success": "callComponentImportForecastDataPopupClose"
      }
    }
  },
  "variables": {}
}