{
  "root": "runInParallel",
  "description": "",
  "actions": {
    "runInParallel": {
      "module": "vb/action/builtin/forkAction",
      "parameters": {
        "actions": {
          "callRest": "callRestGetProjectContractCurrentSubProjectSummary",
          "callRest2": "callRestGetProjectContractCurrentAllocationSummary",
          "callRest3": "callRestGetProjectContractCurrentContractData",
          "callRest4": "callRestGetProjectContractCurrentWBSBudgetData"
        }
      },
      "outcomes": {
        "join": "assignVariablesSubProjectSummary"
      }
    },
    "fireNotification": {
      "module": "vb/action/builtin/fireNotificationEventAction",
      "parameters": {
        "target": "leaf",
        "summary": "[[ $chain.results.callRestGetProjectContractCurrentSubProjectSummary.message.summary ]]",
        "type": "error",
        "displayMode": "persist",
        "message": "Failed to get the allocation data. Please try it again or contact DoT VIC IT team."
      },
      "outcomes": {
        "success": "callFunctionHideLoading"
      }
    },
    "fireNotification2": {
      "module": "vb/action/builtin/fireNotificationEventAction",
      "parameters": {
        "target": "leaf",
        "summary": "[[ $chain.results.callRestGetProjectContractCurrentAllocationSummary.message.summary ]]",
        "type": "error",
        "displayMode": "persist",
        "message": "Failed to get the allocation data. Please try it again or contact DoT VIC IT team."
      },
      "outcomes": {
        "success": "callFunctionHideLoading2"
      }
    },
    "fireNotification3": {
      "module": "vb/action/builtin/fireNotificationEventAction",
      "parameters": {
        "target": "leaf",
        "summary": "[[ $chain.results.callRestGetProjectContractCurrentContractData.message.summary ]]",
        "type": "error",
        "displayMode": "persist",
        "message": "Failed to get the allocation data. Please try it again or contact DoT VIC IT team."
      },
      "outcomes": {
        "success": "callFunctionHideLoading3"
      }
    },
    "fireNotification4": {
      "module": "vb/action/builtin/fireNotificationEventAction",
      "parameters": {
        "target": "leaf",
        "summary": "[[ $chain.results.callRestGetProjectContractCurrentWBSBudgetData.message.summary ]]",
        "type": "error",
        "displayMode": "persist",
        "message": "Failed to get the allocation data. Please try it again or contact DoT VIC IT team."
      },
      "outcomes": {
        "success": "callFunctionHideLoading4"
      }
    },
    "callRestGetProjectContractCurrentSubProjectSummary": {
      "module": "vb/action/builtin/restAction",
      "parameters": {
        "endpoint": "ordsBtftapp/getProjectContractCurrentSubProjectSummary",
        "uriParams": {
          "sub_project_number": "{{ $page.variables.sub_project_number }}"
        }
      },
      "outcomes": {
        "failure": "fireNotification"
      }
    },
    "callRestGetProjectContractCurrentAllocationSummary": {
      "module": "vb/action/builtin/restAction",
      "parameters": {
        "endpoint": "ordsBtftapp/getProjectContractCurrentAllocationSummary",
        "uriParams": {
          "sub_project_number": "{{ $page.variables.sub_project_number }}",
          "edit_flag": "{{ $page.variables.editFlag ? ($page.variables.editFlag === 'Y' ? 1 :0) :0 }}"
        }
      },
      "outcomes": {
        "failure": "fireNotification2"
      }
    },
    "callRestGetProjectContractCurrentContractData": {
      "module": "vb/action/builtin/restAction",
      "parameters": {
        "endpoint": "ordsBtftapp/getProjectContractCurrentContractData",
        "uriParams": {
          "edit_flag": "{{ $page.variables.editFlag ? ($page.variables.editFlag === 'Y' ? 1 :0) :0 }}",
          "sub_project_number": "{{ $page.variables.sub_project_number }}"
        }
      },
      "outcomes": {
        "failure": "fireNotification3"
      }
    },
    "callRestGetProjectContractCurrentWBSBudgetData": {
      "module": "vb/action/builtin/restAction",
      "parameters": {
        "endpoint": "ordsBtftapp/getProjectContractCurrentWBSBudgetData",
        "uriParams": {
          "edit_flag": "{{ $page.variables.editFlag ? ($page.variables.editFlag === 'Y' ? 1 :0) :0 }}",
          "sub_project_number": "{{ $page.variables.sub_project_number }}"
        }
      },
      "outcomes": {
        "failure": "fireNotification4"
      }
    },
    "assignVariablesSubProjectSummary": {
      "module": "vb/action/builtin/assignVariablesAction",
      "parameters": {
        "$page.variables.subProjectSummary": {
          "source": "{{ $chain.results.callRestGetProjectContractCurrentSubProjectSummary.body.items[0] }}",
          "auto": "always"
        }
      },
      "outcomes": {
        "success": "assignVariablesSubProjectSummary5"
      }
    },
    "assignVariablesSubProjectSummary5": {
      "module": "vb/action/builtin/assignVariablesAction",
      "parameters": {
        "$page.variables.subProjectSummary": {
          "source": {
            "budget_summary": "{{ $chain.results.callRestGetProjectContractCurrentAllocationSummary.body.items }}",
            "budget_data": "{{ $chain.results.callRestGetProjectContractCurrentContractData.body.items }}",
            "wbs_budget_data": "{{ $chain.results.callRestGetProjectContractCurrentWBSBudgetData.body.items }}"
          },
          "reset": "none",
          "auto": "always"
        }
      },
      "outcomes": {
        "success": "fireDataProviderEventBudgetSummaryADP"
      }
    },
    "fireDataProviderEventBudgetSummaryADP": {
      "module": "vb/action/builtin/fireDataProviderEventAction",
      "parameters": {
        "target": "[[ $page.variables.budgetSummaryADP ]]",
        "add": {
          "data": "{{ $page.variables.subProjectSummary.budget_summary }}"
        }
      }
    },
    "callFunctionHideLoading": {
      "module": "vb/action/builtin/callModuleFunctionAction",
      "parameters": {
        "module": "[[ $application.functions ]]",
        "functionName": "hideLoading"
      }
    },
    "callFunctionHideLoading2": {
      "module": "vb/action/builtin/callModuleFunctionAction",
      "parameters": {
        "module": "[[ $application.functions ]]",
        "functionName": "hideLoading"
      }
    },
    "callFunctionHideLoading3": {
      "module": "vb/action/builtin/callModuleFunctionAction",
      "parameters": {
        "module": "[[ $application.functions ]]",
        "functionName": "hideLoading"
      }
    },
    "callFunctionHideLoading4": {
      "module": "vb/action/builtin/callModuleFunctionAction",
      "parameters": {
        "module": "[[ $application.functions ]]",
        "functionName": "hideLoading"
      }
    }
  }
}