{
  "root": "runInParallel",
  "description": "",
  "actions": {
    "runInParallel": {
      "module": "vb/action/builtin/forkAction",
      "parameters": {
        "actions": {
          "callRest": "callRestGetProjectContractHistorySubProjectSummary",
          "callRest2": "callRestGetProjectContractHistoryAllocationSummary",
          "callRest3": "callRestGetProjectContractHistoryContractData",
          "callRest4": "callRestGetProjectContractHistoryWBSBudgetData"
        }
      },
      "outcomes": {
        "join": "assignVariablesSubProjectSummary"
      }
    },
    "fireNotification": {
      "module": "vb/action/builtin/fireNotificationEventAction",
      "parameters": {
        "target": "leaf",
        "summary": "[[ $chain.results.callRestGetProjectContractHistorySubProjectSummary.message.summary ]]",
        "type": "error",
        "displayMode": "persist",
        "message": "Failed to get the allocation data. Please try it again or contact DoT VIC IT team."
      },
      "outcomes": {
        "success": "callFunctionHideLoading"
      }
    },
    "fireNotification2": {
      "module": "vb/action/builtin/fireNotificationEventAction",
      "parameters": {
        "target": "leaf",
        "summary": "[[ $chain.results.callRestGetProjectContractHistoryAllocationSummary.message.summary ]]",
        "type": "error",
        "displayMode": "persist",
        "message": "Failed to get the allocation data. Please try it again or contact DoT VIC IT team."
      },
      "outcomes": {
        "success": "callFunctionHideLoading2"
      }
    },
    "fireNotification3": {
      "module": "vb/action/builtin/fireNotificationEventAction",
      "parameters": {
        "target": "leaf",
        "summary": "[[ $chain.results.callRestGetProjectContractHistoryContractData.message.summary ]]",
        "type": "error",
        "displayMode": "persist",
        "message": "Failed to get the allocation data. Please try it again or contact DoT VIC IT team."
      },
      "outcomes": {
        "success": "callFunctionHideLoading3"
      }
    },
    "fireNotification4": {
      "module": "vb/action/builtin/fireNotificationEventAction",
      "parameters": {
        "target": "leaf",
        "summary": "[[ $chain.results.callRestGetProjectContractHistoryWBSBudgetData.message.summary ]]",
        "type": "error",
        "displayMode": "persist",
        "message": "Failed to get the allocation data. Please try it again or contact DoT VIC IT team."
      },
      "outcomes": {
        "success": "callFunctionHideLoading4"
      }
    },
    "assignVariablesSubProjectSummary": {
      "module": "vb/action/builtin/assignVariablesAction",
      "parameters": {
        "$page.variables.subProjectSummary": {
          "source": "{{ $chain.results.callRestGetProjectContractHistorySubProjectSummary.body.items[0] }}",
          "auto": "always"
        }
      },
      "outcomes": {
        "success": "assignVariablesSubProjectSummary5"
      }
    },
    "assignVariablesSubProjectSummary5": {
      "module": "vb/action/builtin/assignVariablesAction",
      "parameters": {
        "$page.variables.subProjectSummary": {
          "source": {
            "budget_summary": "{{ $chain.results.callRestGetProjectContractHistoryAllocationSummary.body.items }}",
            "budget_data": "{{ $chain.results.callRestGetProjectContractHistoryContractData.body.items }}",
            "wbs_budget_data": "{{ $chain.results.callRestGetProjectContractHistoryWBSBudgetData.body.items }}"
          },
          "reset": "none",
          "auto": "always"
        }
      },
      "outcomes": {
        "success": "fireDataProviderEventBudgetSummaryADP"
      }
    },
    "fireDataProviderEventBudgetSummaryADP": {
      "module": "vb/action/builtin/fireDataProviderEventAction",
      "parameters": {
        "target": "[[ $page.variables.budgetSummaryADP ]]",
        "add": {
          "data": "{{ $page.variables.subProjectSummary.budget_summary }}"
        }
      }
    },
    "callFunctionHideLoading": {
      "module": "vb/action/builtin/callModuleFunctionAction",
      "parameters": {
        "module": "[[ $application.functions ]]",
        "functionName": "hideLoading"
      }
    },
    "callFunctionHideLoading2": {
      "module": "vb/action/builtin/callModuleFunctionAction",
      "parameters": {
        "module": "[[ $application.functions ]]",
        "functionName": "hideLoading"
      }
    },
    "callFunctionHideLoading3": {
      "module": "vb/action/builtin/callModuleFunctionAction",
      "parameters": {
        "module": "[[ $application.functions ]]",
        "functionName": "hideLoading"
      }
    },
    "callFunctionHideLoading4": {
      "module": "vb/action/builtin/callModuleFunctionAction",
      "parameters": {
        "module": "[[ $application.functions ]]",
        "functionName": "hideLoading"
      }
    },
    "callRestGetProjectContractHistorySubProjectSummary": {
      "module": "vb/action/builtin/restAction",
      "parameters": {
        "endpoint": "ordsBtftapp/getProjectContractHistorySubProjectSummary",
        "uriParams": {
          "allocation_batch_number": "{{ $page.variables.allocation_batch_number }}",
          "sub_project_number": "{{ $page.variables.sub_project_number }}",
          "version_id": "{{ $page.variables.version_id }}"
        }
      },
      "outcomes": {
        "failure": "fireNotification"
      }
    },
    "callRestGetProjectContractHistoryAllocationSummary": {
      "module": "vb/action/builtin/restAction",
      "parameters": {
        "endpoint": "ordsBtftapp/getProjectContractHistoryAllocationSummary",
        "uriParams": {
          "allocation_batch_number": "{{ $page.variables.allocation_batch_number }}",
          "sub_project_number": "{{ $page.variables.sub_project_number }}",
          "version_id": "{{ $page.variables.version_id }}"
        }
      },
      "outcomes": {
        "failure": "fireNotification2"
      }
    },
    "callRestGetProjectContractHistoryContractData": {
      "module": "vb/action/builtin/restAction",
      "parameters": {
        "endpoint": "ordsBtftapp/getProjectContractHistoryContractData",
        "uriParams": {
          "allocation_batch_number": "{{ $page.variables.allocation_batch_number }}",
          "sub_project_number": "{{ $page.variables.sub_project_number }}",
          "version_id": "{{ $page.variables.version_id }}"
        }
      },
      "outcomes": {
        "failure": "fireNotification3"
      }
    },
    "callRestGetProjectContractHistoryWBSBudgetData": {
      "module": "vb/action/builtin/restAction",
      "parameters": {
        "endpoint": "ordsBtftapp/getProjectContractHistoryWBSBudgetData",
        "uriParams": {
          "allocation_batch_number": "{{ $page.variables.allocation_batch_number }}",
          "sub_project_number": "{{ $page.variables.sub_project_number }}",
          "version_id": "{{ $page.variables.version_id }}"
        }
      },
      "outcomes": {
        "failure": "fireNotification4"
      }
    }
  }
}