{
  "description": "",
  "root": "resetVariablesSubmittedComments",
  "actions": {
    "assignVariablesCurrentAction": {
      "module": "vb/action/builtin/assignVariablesAction",
      "parameters": {
        "$page.variables.currentAction": {
          "source": "{{ $variables.action }}"
        }
      },
      "outcomes": {
        "success": "callComponentSubmitDialogWindowOpen"
      }
    },
    "callComponentSubmitDialogWindowOpen": {
      "module": "vb/action/builtin/callComponentMethodAction",
      "parameters": {
        "component": "{{ document.getElementById('submitDialogWindow') }}",
        "method": "open"
      }
    },
    "resetVariablesSubmittedComments": {
      "module": "vb/action/builtin/resetVariablesAction",
      "parameters": {
        "variables": [
          "$page.variables.submittedComments"
        ]
      },
      "outcomes": {
        "success": "assignVariablesCurrentAction"
      }
    }
  },
  "variables": {
    "action": {
      "type": "string",
      "required": true,
      "input": "fromCaller"
    }
  }
}