{
  "description": "",
  "root": "callFunctionCheckForDataChange",
  "actions": {
    "callFunctionCheckForDataChange": {
      "module": "vb/action/builtin/callModuleFunctionAction",
      "parameters": {
        "module": "[[ $functions ]]",
        "functionName": "checkForDataChange",
        "params": [
          "{{ $page.variables.budgetDataGrid }}",
          "{{ $page.variables.currentPeriod }}",
          "{{ $page.variables.origBudgetDataGrid }}"
        ]
      },
      "outcomes": {
        "success": "if"
      }
    },
    "if": {
      "module": "vb/action/builtin/ifAction",
      "parameters": {
        "condition": "[[ $chain.results.callFunctionCheckForDataChange ]]"
      },
      "outcomes": {
        "true": "callComponentSaveWarningDialogueOpen",
        "false": "ifFromObject"
      }
    },
    "callComponentSaveWarningDialogueOpen": {
      "module": "vb/action/builtin/callComponentMethodAction",
      "parameters": {
        "component": "{{ document.getElementById('saveWarningDialogue') }}",
        "method": "open"
      }
    },
    "ifFromObject": {
      "module": "vb/action/builtin/ifAction",
      "parameters": {
        "condition": "[[ $variables.fromObject === 'TILE' ]]"
      },
      "outcomes": {
        "true": "callChainClickTileActionCahin",
        "false": "ifFromObject2"
      }
    },
    "callChainClickTileActionCahin": {
      "module": "vb/action/builtin/callChainAction",
      "parameters": {
        "id": "ClickTileActionCahin",
        "params": {
          "periodVal": "{{ $variables.selectedPreiodValue }}"
        }
      },
      "outcomes": {
        "success": "ifFromObject2"
      }
    },
    "ifFromObject2": {
      "module": "vb/action/builtin/ifAction",
      "parameters": {
        "condition": "[[ $variables.fromObject === 'ASSIGNRESOURCE' ]]"
      },
      "outcomes": {
        "true": "callChainOpenTaskExpenditureDialogChain",
        "false": "ifFromObject3"
      }
    },
    "callChainOpenTaskExpenditureDialogChain": {
      "module": "vb/action/builtin/callChainAction",
      "parameters": {
        "id": "OpenTaskExpenditureDialogChain"
      },
      "outcomes": {
        "success": "ifFromObject3"
      }
    },
    "ifFromObject3": {
      "module": "vb/action/builtin/ifAction",
      "parameters": {
        "condition": "[[ $variables.fromObject === 'SUBMIT' ]]"
      },
      "outcomes": {
        "true": "callRestGetRoleByPageAction"
      }
    },
    "callChainOpenCommentFormActionChain": {
      "module": "vb/action/builtin/callChainAction",
      "parameters": {
        "id": "OpenCommentFormActionChain",
        "params": {
          "action": "Submit"
        }
      }
    },
    "fireNotification": {
      "module": "vb/action/builtin/fireNotificationEventAction",
      "parameters": {
        "target": "leaf",
        "summary": "[[ $chain.results.callRestGetRoleByPageAction.message.summary ]]",
        "type": "error",
        "displayMode": "persist"
      }
    },
    "callRestGetRoleByPageAction": {
      "module": "vb/action/builtin/restAction",
      "parameters": {
        "endpoint": "ordsBtftapp/getRoleByPageAction",
        "uriParams": {
          "p_page_id": "6",
          "p_action_included": "APPROVE"
        }
      },
      "outcomes": {
        "success": "assignVariablesContractApproverRoleName",
        "failure": "fireNotification"
      }
    },
    "assignVariablesContractApproverRoleName": {
      "module": "vb/action/builtin/assignVariablesAction",
      "parameters": {
        "$page.variables.contractApproverRoleName": {
          "source": "{{ $chain.results.callRestGetRoleByPageAction.body.items[0].role_name }}"
        },
        "$page.variables.contractEscalatorRoleName": {
          "source": "{{ $chain.results.callRestGetRoleByPageAction.body.items[1].role_name }}"
        }
      },
      "outcomes": {
        "success": "callChainOpenCommentFormActionChain"
      }
    }
  },
  "variables": {
    "details": {
      "type": "any",
      "required": false,
      "input": "fromCaller"
    },
    "fromObject": {
      "type": "string",
      "required": false,
      "input": "fromCaller"
    },
    "selectedPreiodValue": {
      "type": "string",
      "required": false,
      "input": "fromCaller"
    }
  }
}