{
  "description": "",
  "root": "resetVariablesBudgetDataGrid",
  "actions": {
    "callFunctionGenerateGridData": {
      "module": "vb/action/builtin/callModuleFunctionAction",
      "parameters": {
        "module": "[[ $functions ]]",
        "functionName": "generateGridData",
        "params": [
          "{{ $page.variables.subProjectSummary.budget_data }}",
          "{{ $page.variables.budgetSummaryADP.data }}",
          "{{ $page.variables.currentPeriod?$page.variables.currentPeriod : $page.variables.subProjectSummary.budget_summary[1].period_fy }}",
          "{{ $page.variables.subProjectSummary.wbs_budget_data }}"
        ]
      },
      "outcomes": {
        "success": "assignVariablesBudgetDataGrid"
      }
    },
    "assignVariablesBudgetDataGrid": {
      "module": "vb/action/builtin/assignVariablesAction",
      "parameters": {
        "$page.variables.budgetDataGrid": {
          "source": "{{ $chain.results.callFunctionGenerateGridData }}"
        },
        "$page.variables.origBudgetDataGrid": {
          "source": "{{ $page.variables.subProjectSummary.budget_data }}"
        }
      },
      "outcomes": {
        "success": "callFunctionCreateExportDataForecast2"
      }
    },
    "callFunctionSetTileSelected": {
      "module": "vb/action/builtin/callModuleFunctionAction",
      "parameters": {
        "module": "[[ $functions ]]",
        "functionName": "setTileSelected",
        "params": [
          "{{ $page.variables.currentPeriod }}",
          "{{ $page.variables.budgetSummaryADP.data }}"
        ]
      },
      "outcomes": {
        "success": "callFunctionGenerateGridData"
      }
    },
    "callChainRefreshBarChartActionChain": {
      "module": "vb/action/builtin/callChainAction",
      "parameters": {
        "id": "RefreshBarChartActionChain"
      }
    },
    "resetVariablesBudgetDataGrid": {
      "module": "vb/action/builtin/resetVariablesAction",
      "parameters": {
        "variables": [
          "$page.variables.budgetDataGrid",
          "$page.variables.origBudgetDataGrid"
        ]
      },
      "outcomes": {
        "success": "callFunctionSetTileSelected"
      }
    },
    "callFunctionCreateExportDataForecast2": {
      "module": "vb/action/builtin/callModuleFunctionAction",
      "parameters": {
        "module": "[[ $functions ]]",
        "functionName": "createExportDataForecast",
        "params": [
          "{{ $page.variables.budgetSummaryADP.data }}",
          "{{ $page.variables.subProjectSummary.budget_data }}",
          "{{ $page.variables.subProjectSummary.wbs_budget_data }}"
        ]
      },
      "outcomes": {
        "success": "assignVariablesExportProjetForecastDataCSVAnyType2"
      }
    },
    "assignVariablesExportProjetForecastDataCSVAnyType2": {
      "module": "vb/action/builtin/assignVariablesAction",
      "parameters": {
        "$page.variables.exportProjetForecastDataCSVAnyType": {
          "source": "{{ $chain.results.callFunctionCreateExportDataForecast2 }}"
        }
      },
      "outcomes": {
        "success": "callChainRefreshBarChartActionChain"
      }
    }
  }
}