{
  "root": "callFunctionInitTotalSummary",
  "description": "",
  "actions": {
    "callFunctionInitTotalSummary": {
      "module": "vb/action/builtin/callModuleFunctionAction",
      "parameters": {
        "module": "[[ $functions ]]",
        "functionName": "initTotalSummary",
        "params": [
          "{{ $page.variables.subProjectSummary.current_fy_cost }}",
          "{{ $page.variables.budgetSummaryADP.data }}"
        ]
      },
      "outcomes": {
        "success": "resetVariablesTotalSummaryArr"
      }
    },
    "resetVariablesTotalSummaryArr": {
      "module": "vb/action/builtin/resetVariablesAction",
      "parameters": {
        "variables": [
          "$page.variables.totalSummaryArr"
        ]
      },
      "outcomes": {
        "success": "assignVariablesTotalSummaryArr"
      }
    },
    "assignVariablesTotalSummaryArr": {
      "module": "vb/action/builtin/assignVariablesAction",
      "parameters": {
        "$page.variables.totalSummaryArr": {
          "source": "{{ $chain.results.callFunctionInitTotalSummary }}"
        }
      }
    }
  }
}