{
    "items": [
        {
            "ref_id": 71825,
            "batch_id": 11,
            "sub_project_number": "200634.01",
            "budget_type_name": "Forecast",
            "budget_type_id": 2,
            "budget_period": "FY22",
            "task_code": "01.02.01",
            "expenditure_name": "Intangible Produced Assets WIP",
            "jul_budg": null,
            "aug_budg": null,
            "sep_budg": null,
            "oct_budg": null,
            "nov_budg": "9999",
            "dec_budg": null,
            "jan_budg": null,
            "feb_budg": null,
            "mar_budg": null,
            "apr_budg": null,
            "may_budg": null,
            "jun_budg": null,
            "error_message": null,
            "process_status": "S"
        },
        {
            "ref_id": 71835,
            "batch_id": 11,
            "sub_project_number": "200634.01",
            "budget_type_name": "Forecast",
            "budget_type_id": 2,
            "budget_period": "FY22",
            "task_code": "02.04.08",
            "expenditure_name": "Intangible Produced Assets WIP",
            "jul_budg": null,
            "aug_budg": null,
            "sep_budg": null,
            "oct_budg": null,
            "nov_budg": null,
            "dec_budg": null,
            "jan_budg": null,
            "feb_budg": null,
            "mar_budg": null,
            "apr_budg": null,
            "may_budg": null,
            "jun_budg": null,
            "error_message": null,
            "process_status": "S"
        },
        {
            "ref_id": 71845,
            "batch_id": 11,
            "sub_project_number": "200634.01",
            "budget_type_name": "Forecast",
            "budget_type_id": 2,
            "budget_period": "FY22",
            "task_code": "05.02.02",
            "expenditure_name": "Intangible Produced Assets WIP",
            "jul_budg": null,
            "aug_budg": null,
            "sep_budg": null,
            "oct_budg": null,
            "nov_budg": null,
            "dec_budg": null,
            "jan_budg": null,
            "feb_budg": null,
            "mar_budg": null,
            "apr_budg": null,
            "may_budg": null,
            "jun_budg": null,
            "error_message": null,
            "process_status": "S"
        },
        {
            "ref_id": 71855,
            "batch_id": 11,
            "sub_project_number": "200634.01",
            "budget_type_name": "Forecast",
            "budget_type_id": 2,
            "budget_period": "FY22",
            "task_code": "05.03.03",
            "expenditure_name": "Intangible Produced Assets WIP",
            "jul_budg": null,
            "aug_budg": null,
            "sep_budg": null,
            "oct_budg": null,
            "nov_budg": null,
            "dec_budg": null,
            "jan_budg": null,
            "feb_budg": null,
            "mar_budg": null,
            "apr_budg": null,
            "may_budg": null,
            "jun_budg": null,
            "error_message": null,
            "process_status": "S"
        },
        {
            "ref_id": 71865,
            "batch_id": 11,
            "sub_project_number": "200634.01",
            "budget_type_name": "Forecast",
            "budget_type_id": 2,
            "budget_period": "FY22",
            "task_code": "09.01.01",
            "expenditure_name": "Intangible Produced Assets WIP",
            "jul_budg": null,
            "aug_budg": null,
            "sep_budg": null,
            "oct_budg": null,
            "nov_budg": null,
            "dec_budg": null,
            "jan_budg": null,
            "feb_budg": null,
            "mar_budg": null,
            "apr_budg": null,
            "may_budg": null,
            "jun_budg": null,
            "error_message": null,
            "process_status": "S"
        },
        {
            "ref_id": 71875,
            "batch_id": 11,
            "sub_project_number": "200634.01",
            "budget_type_name": "Forecast",
            "budget_type_id": 2,
            "budget_period": "FY22",
            "task_code": "09.03.01",
            "expenditure_name": "Intangible Produced Assets WIP",
            "jul_budg": null,
            "aug_budg": null,
            "sep_budg": null,
            "oct_budg": null,
            "nov_budg": null,
            "dec_budg": null,
            "jan_budg": null,
            "feb_budg": null,
            "mar_budg": null,
            "apr_budg": null,
            "may_budg": null,
            "jun_budg": null,
            "error_message": null,
            "process_status": "S"
        },
        {
            "ref_id": 71885,
            "batch_id": 11,
            "sub_project_number": "200634.01",
            "budget_type_name": "Forecast",
            "budget_type_id": 2,
            "budget_period": "FY22",
            "task_code": "09.09.01",
            "expenditure_name": "Intangible Produced Assets WIP",
            "jul_budg": null,
            "aug_budg": null,
            "sep_budg": "33,560.00",
            "oct_budg": "20,501.00",
            "nov_budg": null,
            "dec_budg": null,
            "jan_budg": null,
            "feb_budg": null,
            "mar_budg": null,
            "apr_budg": null,
            "may_budg": null,
            "jun_budg": null,
            "error_message": null,
            "process_status": "S"
        },
        {
            "ref_id": 71826,
            "batch_id": 11,
            "sub_project_number": "200634.01",
            "budget_type_name": "Forecast",
            "budget_type_id": 2,
            "budget_period": "FY23",
            "task_code": "01.02.01",
            "expenditure_name": "Intangible Produced Assets WIP",
            "jul_budg": null,
            "aug_budg": null,
            "sep_budg": null,
            "oct_budg": null,
            "nov_budg": null,
            "dec_budg": null,
            "jan_budg": null,
            "feb_budg": null,
            "mar_budg": null,
            "apr_budg": null,
            "may_budg": null,
            "jun_budg": null,
            "error_message": null,
            "process_status": "S"
        },
        {
            "ref_id": 71836,
            "batch_id": 11,
            "sub_project_number": "200634.01",
            "budget_type_name": "Forecast",
            "budget_type_id": 2,
            "budget_period": "FY23",
            "task_code": "02.04.08",
            "expenditure_name": "Intangible Produced Assets WIP",
            "jul_budg": null,
            "aug_budg": null,
            "sep_budg": null,
            "oct_budg": null,
            "nov_budg": null,
            "dec_budg": null,
            "jan_budg": null,
            "feb_budg": null,
            "mar_budg": null,
            "apr_budg": null,
            "may_budg": null,
            "jun_budg": null,
            "error_message": null,
            "process_status": "S"
        },
        {
            "ref_id": 71846,
            "batch_id": 11,
            "sub_project_number": "200634.01",
            "budget_type_name": "Forecast",
            "budget_type_id": 2,
            "budget_period": "FY23",
            "task_code": "05.02.02",
            "expenditure_name": "Intangible Produced Assets WIP",
            "jul_budg": null,
            "aug_budg": null,
            "sep_budg": null,
            "oct_budg": null,
            "nov_budg": null,
            "dec_budg": null,
            "jan_budg": null,
            "feb_budg": null,
            "mar_budg": null,
            "apr_budg": null,
            "may_budg": null,
            "jun_budg": null,
            "error_message": null,
            "process_status": "S"
        },
        {
            "ref_id": 71856,
            "batch_id": 11,
            "sub_project_number": "200634.01",
            "budget_type_name": "Forecast",
            "budget_type_id": 2,
            "budget_period": "FY23",
            "task_code": "05.03.03",
            "expenditure_name": "Intangible Produced Assets WIP",
            "jul_budg": null,
            "aug_budg": null,
            "sep_budg": null,
            "oct_budg": null,
            "nov_budg": null,
            "dec_budg": null,
            "jan_budg": null,
            "feb_budg": null,
            "mar_budg": null,
            "apr_budg": null,
            "may_budg": null,
            "jun_budg": null,
            "error_message": null,
            "process_status": "S"
        },
        {
            "ref_id": 71866,
            "batch_id": 11,
            "sub_project_number": "200634.01",
            "budget_type_name": "Forecast",
            "budget_type_id": 2,
            "budget_period": "FY23",
            "task_code": "09.01.01",
            "expenditure_name": "Intangible Produced Assets WIP",
            "jul_budg": null,
            "aug_budg": null,
            "sep_budg": null,
            "oct_budg": null,
            "nov_budg": null,
            "dec_budg": null,
            "jan_budg": null,
            "feb_budg": null,
            "mar_budg": null,
            "apr_budg": null,
            "may_budg": null,
            "jun_budg": null,
            "error_message": null,
            "process_status": "S"
        },
        {
            "ref_id": 71876,
            "batch_id": 11,
            "sub_project_number": "200634.01",
            "budget_type_name": "Forecast",
            "budget_type_id": 2,
            "budget_period": "FY23",
            "task_code": "09.03.01",
            "expenditure_name": "Intangible Produced Assets WIP",
            "jul_budg": null,
            "aug_budg": null,
            "sep_budg": null,
            "oct_budg": null,
            "nov_budg": null,
            "dec_budg": null,
            "jan_budg": null,
            "feb_budg": null,
            "mar_budg": null,
            "apr_budg": null,
            "may_budg": null,
            "jun_budg": null,
            "error_message": null,
            "process_status": "S"
        },
        {
            "ref_id": 71886,
            "batch_id": 11,
            "sub_project_number": "200634.01",
            "budget_type_name": "Forecast",
            "budget_type_id": 2,
            "budget_period": "FY23",
            "task_code": "09.09.01",
            "expenditure_name": "Intangible Produced Assets WIP",
            "jul_budg": null,
            "aug_budg": null,
            "sep_budg": null,
            "oct_budg": null,
            "nov_budg": null,
            "dec_budg": null,
            "jan_budg": null,
            "feb_budg": null,
            "mar_budg": null,
            "apr_budg": null,
            "may_budg": null,
            "jun_budg": null,
            "error_message": null,
            "process_status": "S"
        },
        {
            "ref_id": 71827,
            "batch_id": 11,
            "sub_project_number": "200634.01",
            "budget_type_name": "Forecast",
            "budget_type_id": 2,
            "budget_period": "FY24",
            "task_code": "01.02.01",
            "expenditure_name": "Intangible Produced Assets WIP",
            "jul_budg": null,
            "aug_budg": null,
            "sep_budg": null,
            "oct_budg": null,
            "nov_budg": null,
            "dec_budg": null,
            "jan_budg": null,
            "feb_budg": null,
            "mar_budg": null,
            "apr_budg": null,
            "may_budg": null,
            "jun_budg": null,
            "error_message": null,
            "process_status": "S"
        },
        {
            "ref_id": 71837,
            "batch_id": 11,
            "sub_project_number": "200634.01",
            "budget_type_name": "Forecast",
            "budget_type_id": 2,
            "budget_period": "FY24",
            "task_code": "02.04.08",
            "expenditure_name": "Intangible Produced Assets WIP",
            "jul_budg": null,
            "aug_budg": null,
            "sep_budg": null,
            "oct_budg": null,
            "nov_budg": null,
            "dec_budg": null,
            "jan_budg": null,
            "feb_budg": null,
            "mar_budg": null,
            "apr_budg": null,
            "may_budg": null,
            "jun_budg": null,
            "error_message": null,
            "process_status": "S"
        },
        {
            "ref_id": 71847,
            "batch_id": 11,
            "sub_project_number": "200634.01",
            "budget_type_name": "Forecast",
            "budget_type_id": 2,
            "budget_period": "FY24",
            "task_code": "05.02.02",
            "expenditure_name": "Intangible Produced Assets WIP",
            "jul_budg": null,
            "aug_budg": null,
            "sep_budg": null,
            "oct_budg": null,
            "nov_budg": null,
            "dec_budg": null,
            "jan_budg": null,
            "feb_budg": null,
            "mar_budg": null,
            "apr_budg": null,
            "may_budg": null,
            "jun_budg": null,
            "error_message": null,
            "process_status": "S"
        },
        {
            "ref_id": 71857,
            "batch_id": 11,
            "sub_project_number": "200634.01",
            "budget_type_name": "Forecast",
            "budget_type_id": 2,
            "budget_period": "FY24",
            "task_code": "05.03.03",
            "expenditure_name": "Intangible Produced Assets WIP",
            "jul_budg": null,
            "aug_budg": null,
            "sep_budg": null,
            "oct_budg": null,
            "nov_budg": null,
            "dec_budg": null,
            "jan_budg": null,
            "feb_budg": null,
            "mar_budg": null,
            "apr_budg": null,
            "may_budg": null,
            "jun_budg": null,
            "error_message": null,
            "process_status": "S"
        },
        {
            "ref_id": 71867,
            "batch_id": 11,
            "sub_project_number": "200634.01",
            "budget_type_name": "Forecast",
            "budget_type_id": 2,
            "budget_period": "FY24",
            "task_code": "09.01.01",
            "expenditure_name": "Intangible Produced Assets WIP",
            "jul_budg": null,
            "aug_budg": null,
            "sep_budg": null,
            "oct_budg": null,
            "nov_budg": null,
            "dec_budg": null,
            "jan_budg": null,
            "feb_budg": null,
            "mar_budg": null,
            "apr_budg": null,
            "may_budg": null,
            "jun_budg": null,
            "error_message": null,
            "process_status": "S"
        },
        {
            "ref_id": 71877,
            "batch_id": 11,
            "sub_project_number": "200634.01",
            "budget_type_name": "Forecast",
            "budget_type_id": 2,
            "budget_period": "FY24",
            "task_code": "09.03.01",
            "expenditure_name": "Intangible Produced Assets WIP",
            "jul_budg": null,
            "aug_budg": null,
            "sep_budg": null,
            "oct_budg": null,
            "nov_budg": null,
            "dec_budg": null,
            "jan_budg": null,
            "feb_budg": null,
            "mar_budg": null,
            "apr_budg": null,
            "may_budg": null,
            "jun_budg": null,
            "error_message": null,
            "process_status": "S"
        },
        {
            "ref_id": 71887,
            "batch_id": 11,
            "sub_project_number": "200634.01",
            "budget_type_name": "Forecast",
            "budget_type_id": 2,
            "budget_period": "FY24",
            "task_code": "09.09.01",
            "expenditure_name": "Intangible Produced Assets WIP",
            "jul_budg": null,
            "aug_budg": null,
            "sep_budg": null,
            "oct_budg": null,
            "nov_budg": null,
            "dec_budg": null,
            "jan_budg": null,
            "feb_budg": null,
            "mar_budg": null,
            "apr_budg": null,
            "may_budg": null,
            "jun_budg": null,
            "error_message": null,
            "process_status": "S"
        },
        {
            "ref_id": 71828,
            "batch_id": 11,
            "sub_project_number": "200634.01",
            "budget_type_name": "Forecast",
            "budget_type_id": 2,
            "budget_period": "FY25",
            "task_code": "01.02.01",
            "expenditure_name": "Intangible Produced Assets WIP",
            "jul_budg": null,
            "aug_budg": null,
            "sep_budg": null,
            "oct_budg": null,
            "nov_budg": null,
            "dec_budg": null,
            "jan_budg": null,
            "feb_budg": null,
            "mar_budg": null,
            "apr_budg": null,
            "may_budg": null,
            "jun_budg": null,
            "error_message": null,
            "process_status": "S"
        },
        {
            "ref_id": 71838,
            "batch_id": 11,
            "sub_project_number": "200634.01",
            "budget_type_name": "Forecast",
            "budget_type_id": 2,
            "budget_period": "FY25",
            "task_code": "02.04.08",
            "expenditure_name": "Intangible Produced Assets WIP",
            "jul_budg": null,
            "aug_budg": null,
            "sep_budg": null,
            "oct_budg": null,
            "nov_budg": null,
            "dec_budg": null,
            "jan_budg": null,
            "feb_budg": null,
            "mar_budg": null,
            "apr_budg": null,
            "may_budg": null,
            "jun_budg": null,
            "error_message": null,
            "process_status": "S"
        },
        {
            "ref_id": 71848,
            "batch_id": 11,
            "sub_project_number": "200634.01",
            "budget_type_name": "Forecast",
            "budget_type_id": 2,
            "budget_period": "FY25",
            "task_code": "05.02.02",
            "expenditure_name": "Intangible Produced Assets WIP",
            "jul_budg": null,
            "aug_budg": null,
            "sep_budg": null,
            "oct_budg": null,
            "nov_budg": null,
            "dec_budg": null,
            "jan_budg": null,
            "feb_budg": null,
            "mar_budg": null,
            "apr_budg": null,
            "may_budg": null,
            "jun_budg": null,
            "error_message": null,
            "process_status": "S"
        },
        {
            "ref_id": 71858,
            "batch_id": 11,
            "sub_project_number": "200634.01",
            "budget_type_name": "Forecast",
            "budget_type_id": 2,
            "budget_period": "FY25",
            "task_code": "05.03.03",
            "expenditure_name": "Intangible Produced Assets WIP",
            "jul_budg": null,
            "aug_budg": null,
            "sep_budg": null,
            "oct_budg": null,
            "nov_budg": null,
            "dec_budg": null,
            "jan_budg": null,
            "feb_budg": null,
            "mar_budg": null,
            "apr_budg": null,
            "may_budg": null,
            "jun_budg": null,
            "error_message": null,
            "process_status": "S"
        },
        {
            "ref_id": 71868,
            "batch_id": 11,
            "sub_project_number": "200634.01",
            "budget_type_name": "Forecast",
            "budget_type_id": 2,
            "budget_period": "FY25",
            "task_code": "09.01.01",
            "expenditure_name": "Intangible Produced Assets WIP",
            "jul_budg": null,
            "aug_budg": null,
            "sep_budg": null,
            "oct_budg": null,
            "nov_budg": null,
            "dec_budg": null,
            "jan_budg": null,
            "feb_budg": null,
            "mar_budg": null,
            "apr_budg": null,
            "may_budg": null,
            "jun_budg": null,
            "error_message": null,
            "process_status": "S"
        },
        {
            "ref_id": 71878,
            "batch_id": 11,
            "sub_project_number": "200634.01",
            "budget_type_name": "Forecast",
            "budget_type_id": 2,
            "budget_period": "FY25",
            "task_code": "09.03.01",
            "expenditure_name": "Intangible Produced Assets WIP",
            "jul_budg": null,
            "aug_budg": null,
            "sep_budg": null,
            "oct_budg": null,
            "nov_budg": null,
            "dec_budg": null,
            "jan_budg": null,
            "feb_budg": null,
            "mar_budg": null,
            "apr_budg": null,
            "may_budg": null,
            "jun_budg": null,
            "error_message": null,
            "process_status": "S"
        },
        {
            "ref_id": 71888,
            "batch_id": 11,
            "sub_project_number": "200634.01",
            "budget_type_name": "Forecast",
            "budget_type_id": 2,
            "budget_period": "FY25",
            "task_code": "09.09.01",
            "expenditure_name": "Intangible Produced Assets WIP",
            "jul_budg": null,
            "aug_budg": null,
            "sep_budg": null,
            "oct_budg": null,
            "nov_budg": null,
            "dec_budg": null,
            "jan_budg": null,
            "feb_budg": null,
            "mar_budg": null,
            "apr_budg": null,
            "may_budg": null,
            "jun_budg": null,
            "error_message": null,
            "process_status": "S"
        },
        {
            "ref_id": 71829,
            "batch_id": 11,
            "sub_project_number": "200634.01",
            "budget_type_name": "Forecast",
            "budget_type_id": 2,
            "budget_period": "FY26",
            "task_code": "01.02.01",
            "expenditure_name": "Intangible Produced Assets WIP",
            "jul_budg": null,
            "aug_budg": null,
            "sep_budg": null,
            "oct_budg": null,
            "nov_budg": null,
            "dec_budg": null,
            "jan_budg": null,
            "feb_budg": null,
            "mar_budg": null,
            "apr_budg": null,
            "may_budg": null,
            "jun_budg": null,
            "error_message": null,
            "process_status": "S"
        },
        {
            "ref_id": 71839,
            "batch_id": 11,
            "sub_project_number": "200634.01",
            "budget_type_name": "Forecast",
            "budget_type_id": 2,
            "budget_period": "FY26",
            "task_code": "02.04.08",
            "expenditure_name": "Intangible Produced Assets WIP",
            "jul_budg": null,
            "aug_budg": null,
            "sep_budg": null,
            "oct_budg": null,
            "nov_budg": null,
            "dec_budg": null,
            "jan_budg": null,
            "feb_budg": null,
            "mar_budg": null,
            "apr_budg": null,
            "may_budg": null,
            "jun_budg": null,
            "error_message": null,
            "process_status": "S"
        },
        {
            "ref_id": 71849,
            "batch_id": 11,
            "sub_project_number": "200634.01",
            "budget_type_name": "Forecast",
            "budget_type_id": 2,
            "budget_period": "FY26",
            "task_code": "05.02.02",
            "expenditure_name": "Intangible Produced Assets WIP",
            "jul_budg": null,
            "aug_budg": null,
            "sep_budg": null,
            "oct_budg": null,
            "nov_budg": null,
            "dec_budg": null,
            "jan_budg": null,
            "feb_budg": null,
            "mar_budg": null,
            "apr_budg": null,
            "may_budg": null,
            "jun_budg": null,
            "error_message": null,
            "process_status": "S"
        },
        {
            "ref_id": 71859,
            "batch_id": 11,
            "sub_project_number": "200634.01",
            "budget_type_name": "Forecast",
            "budget_type_id": 2,
            "budget_period": "FY26",
            "task_code": "05.03.03",
            "expenditure_name": "Intangible Produced Assets WIP",
            "jul_budg": null,
            "aug_budg": null,
            "sep_budg": null,
            "oct_budg": null,
            "nov_budg": null,
            "dec_budg": null,
            "jan_budg": null,
            "feb_budg": null,
            "mar_budg": null,
            "apr_budg": null,
            "may_budg": null,
            "jun_budg": null,
            "error_message": null,
            "process_status": "S"
        },
        {
            "ref_id": 71869,
            "batch_id": 11,
            "sub_project_number": "200634.01",
            "budget_type_name": "Forecast",
            "budget_type_id": 2,
            "budget_period": "FY26",
            "task_code": "09.01.01",
            "expenditure_name": "Intangible Produced Assets WIP",
            "jul_budg": null,
            "aug_budg": null,
            "sep_budg": null,
            "oct_budg": null,
            "nov_budg": null,
            "dec_budg": null,
            "jan_budg": null,
            "feb_budg": null,
            "mar_budg": null,
            "apr_budg": null,
            "may_budg": null,
            "jun_budg": null,
            "error_message": null,
            "process_status": "S"
        },
        {
            "ref_id": 71879,
            "batch_id": 11,
            "sub_project_number": "200634.01",
            "budget_type_name": "Forecast",
            "budget_type_id": 2,
            "budget_period": "FY26",
            "task_code": "09.03.01",
            "expenditure_name": "Intangible Produced Assets WIP",
            "jul_budg": null,
            "aug_budg": null,
            "sep_budg": null,
            "oct_budg": null,
            "nov_budg": null,
            "dec_budg": null,
            "jan_budg": null,
            "feb_budg": null,
            "mar_budg": null,
            "apr_budg": null,
            "may_budg": null,
            "jun_budg": null,
            "error_message": null,
            "process_status": "S"
        },
        {
            "ref_id": 71889,
            "batch_id": 11,
            "sub_project_number": "200634.01",
            "budget_type_name": "Forecast",
            "budget_type_id": 2,
            "budget_period": "FY26",
            "task_code": "09.09.01",
            "expenditure_name": "Intangible Produced Assets WIP",
            "jul_budg": null,
            "aug_budg": null,
            "sep_budg": null,
            "oct_budg": null,
            "nov_budg": null,
            "dec_budg": null,
            "jan_budg": null,
            "feb_budg": null,
            "mar_budg": null,
            "apr_budg": null,
            "may_budg": null,
            "jun_budg": null,
            "error_message": null,
            "process_status": "S"
        },
        {
            "ref_id": 71830,
            "batch_id": 11,
            "sub_project_number": "200634.01",
            "budget_type_name": "Forecast",
            "budget_type_id": 2,
            "budget_period": "FY27",
            "task_code": "01.02.01",
            "expenditure_name": "Intangible Produced Assets WIP",
            "jul_budg": null,
            "aug_budg": null,
            "sep_budg": null,
            "oct_budg": null,
            "nov_budg": null,
            "dec_budg": null,
            "jan_budg": null,
            "feb_budg": null,
            "mar_budg": null,
            "apr_budg": null,
            "may_budg": null,
            "jun_budg": null,
            "error_message": null,
            "process_status": "S"
        },
        {
            "ref_id": 71840,
            "batch_id": 11,
            "sub_project_number": "200634.01",
            "budget_type_name": "Forecast",
            "budget_type_id": 2,
            "budget_period": "FY27",
            "task_code": "02.04.08",
            "expenditure_name": "Intangible Produced Assets WIP",
            "jul_budg": null,
            "aug_budg": null,
            "sep_budg": null,
            "oct_budg": null,
            "nov_budg": null,
            "dec_budg": null,
            "jan_budg": null,
            "feb_budg": null,
            "mar_budg": null,
            "apr_budg": null,
            "may_budg": null,
            "jun_budg": null,
            "error_message": null,
            "process_status": "S"
        },
        {
            "ref_id": 71850,
            "batch_id": 11,
            "sub_project_number": "200634.01",
            "budget_type_name": "Forecast",
            "budget_type_id": 2,
            "budget_period": "FY27",
            "task_code": "05.02.02",
            "expenditure_name": "Intangible Produced Assets WIP",
            "jul_budg": null,
            "aug_budg": null,
            "sep_budg": null,
            "oct_budg": null,
            "nov_budg": null,
            "dec_budg": null,
            "jan_budg": null,
            "feb_budg": null,
            "mar_budg": null,
            "apr_budg": null,
            "may_budg": null,
            "jun_budg": null,
            "error_message": null,
            "process_status": "S"
        },
        {
            "ref_id": 71860,
            "batch_id": 11,
            "sub_project_number": "200634.01",
            "budget_type_name": "Forecast",
            "budget_type_id": 2,
            "budget_period": "FY27",
            "task_code": "05.03.03",
            "expenditure_name": "Intangible Produced Assets WIP",
            "jul_budg": null,
            "aug_budg": null,
            "sep_budg": null,
            "oct_budg": null,
            "nov_budg": null,
            "dec_budg": null,
            "jan_budg": null,
            "feb_budg": null,
            "mar_budg": null,
            "apr_budg": null,
            "may_budg": null,
            "jun_budg": null,
            "error_message": null,
            "process_status": "S"
        },
        {
            "ref_id": 71870,
            "batch_id": 11,
            "sub_project_number": "200634.01",
            "budget_type_name": "Forecast",
            "budget_type_id": 2,
            "budget_period": "FY27",
            "task_code": "09.01.01",
            "expenditure_name": "Intangible Produced Assets WIP",
            "jul_budg": null,
            "aug_budg": null,
            "sep_budg": null,
            "oct_budg": null,
            "nov_budg": null,
            "dec_budg": null,
            "jan_budg": null,
            "feb_budg": null,
            "mar_budg": null,
            "apr_budg": null,
            "may_budg": null,
            "jun_budg": null,
            "error_message": null,
            "process_status": "S"
        },
        {
            "ref_id": 71880,
            "batch_id": 11,
            "sub_project_number": "200634.01",
            "budget_type_name": "Forecast",
            "budget_type_id": 2,
            "budget_period": "FY27",
            "task_code": "09.03.01",
            "expenditure_name": "Intangible Produced Assets WIP",
            "jul_budg": null,
            "aug_budg": null,
            "sep_budg": null,
            "oct_budg": null,
            "nov_budg": null,
            "dec_budg": null,
            "jan_budg": null,
            "feb_budg": null,
            "mar_budg": null,
            "apr_budg": null,
            "may_budg": null,
            "jun_budg": null,
            "error_message": null,
            "process_status": "S"
        },
        {
            "ref_id": 71890,
            "batch_id": 11,
            "sub_project_number": "200634.01",
            "budget_type_name": "Forecast",
            "budget_type_id": 2,
            "budget_period": "FY27",
            "task_code": "09.09.01",
            "expenditure_name": "Intangible Produced Assets WIP",
            "jul_budg": null,
            "aug_budg": null,
            "sep_budg": null,
            "oct_budg": null,
            "nov_budg": null,
            "dec_budg": null,
            "jan_budg": null,
            "feb_budg": null,
            "mar_budg": null,
            "apr_budg": null,
            "may_budg": null,
            "jun_budg": null,
            "error_message": null,
            "process_status": "S"
        },
        {
            "ref_id": 71831,
            "batch_id": 11,
            "sub_project_number": "200634.01",
            "budget_type_name": "Forecast",
            "budget_type_id": 2,
            "budget_period": "FY28",
            "task_code": "01.02.01",
            "expenditure_name": "Intangible Produced Assets WIP",
            "jul_budg": null,
            "aug_budg": null,
            "sep_budg": null,
            "oct_budg": null,
            "nov_budg": null,
            "dec_budg": null,
            "jan_budg": null,
            "feb_budg": null,
            "mar_budg": null,
            "apr_budg": null,
            "may_budg": null,
            "jun_budg": null,
            "error_message": null,
            "process_status": "S"
        },
        {
            "ref_id": 71841,
            "batch_id": 11,
            "sub_project_number": "200634.01",
            "budget_type_name": "Forecast",
            "budget_type_id": 2,
            "budget_period": "FY28",
            "task_code": "02.04.08",
            "expenditure_name": "Intangible Produced Assets WIP",
            "jul_budg": null,
            "aug_budg": null,
            "sep_budg": null,
            "oct_budg": null,
            "nov_budg": null,
            "dec_budg": null,
            "jan_budg": null,
            "feb_budg": null,
            "mar_budg": null,
            "apr_budg": null,
            "may_budg": null,
            "jun_budg": null,
            "error_message": null,
            "process_status": "S"
        },
        {
            "ref_id": 71851,
            "batch_id": 11,
            "sub_project_number": "200634.01",
            "budget_type_name": "Forecast",
            "budget_type_id": 2,
            "budget_period": "FY28",
            "task_code": "05.02.02",
            "expenditure_name": "Intangible Produced Assets WIP",
            "jul_budg": null,
            "aug_budg": null,
            "sep_budg": null,
            "oct_budg": null,
            "nov_budg": null,
            "dec_budg": null,
            "jan_budg": null,
            "feb_budg": null,
            "mar_budg": null,
            "apr_budg": null,
            "may_budg": null,
            "jun_budg": null,
            "error_message": null,
            "process_status": "S"
        },
        {
            "ref_id": 71861,
            "batch_id": 11,
            "sub_project_number": "200634.01",
            "budget_type_name": "Forecast",
            "budget_type_id": 2,
            "budget_period": "FY28",
            "task_code": "05.03.03",
            "expenditure_name": "Intangible Produced Assets WIP",
            "jul_budg": null,
            "aug_budg": null,
            "sep_budg": null,
            "oct_budg": null,
            "nov_budg": null,
            "dec_budg": null,
            "jan_budg": null,
            "feb_budg": null,
            "mar_budg": null,
            "apr_budg": null,
            "may_budg": null,
            "jun_budg": null,
            "error_message": null,
            "process_status": "S"
        },
        {
            "ref_id": 71871,
            "batch_id": 11,
            "sub_project_number": "200634.01",
            "budget_type_name": "Forecast",
            "budget_type_id": 2,
            "budget_period": "FY28",
            "task_code": "09.01.01",
            "expenditure_name": "Intangible Produced Assets WIP",
            "jul_budg": null,
            "aug_budg": null,
            "sep_budg": null,
            "oct_budg": null,
            "nov_budg": null,
            "dec_budg": null,
            "jan_budg": null,
            "feb_budg": null,
            "mar_budg": null,
            "apr_budg": null,
            "may_budg": null,
            "jun_budg": null,
            "error_message": null,
            "process_status": "S"
        },
        {
            "ref_id": 71881,
            "batch_id": 11,
            "sub_project_number": "200634.01",
            "budget_type_name": "Forecast",
            "budget_type_id": 2,
            "budget_period": "FY28",
            "task_code": "09.03.01",
            "expenditure_name": "Intangible Produced Assets WIP",
            "jul_budg": null,
            "aug_budg": null,
            "sep_budg": null,
            "oct_budg": null,
            "nov_budg": null,
            "dec_budg": null,
            "jan_budg": null,
            "feb_budg": null,
            "mar_budg": null,
            "apr_budg": null,
            "may_budg": null,
            "jun_budg": null,
            "error_message": null,
            "process_status": "S"
        },
        {
            "ref_id": 71891,
            "batch_id": 11,
            "sub_project_number": "200634.01",
            "budget_type_name": "Forecast",
            "budget_type_id": 2,
            "budget_period": "FY28",
            "task_code": "09.09.01",
            "expenditure_name": "Intangible Produced Assets WIP",
            "jul_budg": null,
            "aug_budg": null,
            "sep_budg": null,
            "oct_budg": null,
            "nov_budg": null,
            "dec_budg": null,
            "jan_budg": null,
            "feb_budg": null,
            "mar_budg": null,
            "apr_budg": null,
            "may_budg": null,
            "jun_budg": null,
            "error_message": null,
            "process_status": "S"
        },
        {
            "ref_id": 71832,
            "batch_id": 11,
            "sub_project_number": "200634.01",
            "budget_type_name": "Forecast",
            "budget_type_id": 2,
            "budget_period": "FY29",
            "task_code": "01.02.01",
            "expenditure_name": "Intangible Produced Assets WIP",
            "jul_budg": null,
            "aug_budg": null,
            "sep_budg": null,
            "oct_budg": null,
            "nov_budg": null,
            "dec_budg": null,
            "jan_budg": null,
            "feb_budg": null,
            "mar_budg": null,
            "apr_budg": null,
            "may_budg": null,
            "jun_budg": null,
            "error_message": null,
            "process_status": "S"
        },
        {
            "ref_id": 71842,
            "batch_id": 11,
            "sub_project_number": "200634.01",
            "budget_type_name": "Forecast",
            "budget_type_id": 2,
            "budget_period": "FY29",
            "task_code": "02.04.08",
            "expenditure_name": "Intangible Produced Assets WIP",
            "jul_budg": null,
            "aug_budg": null,
            "sep_budg": null,
            "oct_budg": null,
            "nov_budg": null,
            "dec_budg": null,
            "jan_budg": null,
            "feb_budg": null,
            "mar_budg": null,
            "apr_budg": null,
            "may_budg": null,
            "jun_budg": null,
            "error_message": null,
            "process_status": "S"
        },
        {
            "ref_id": 71852,
            "batch_id": 11,
            "sub_project_number": "200634.01",
            "budget_type_name": "Forecast",
            "budget_type_id": 2,
            "budget_period": "FY29",
            "task_code": "05.02.02",
            "expenditure_name": "Intangible Produced Assets WIP",
            "jul_budg": null,
            "aug_budg": null,
            "sep_budg": null,
            "oct_budg": null,
            "nov_budg": null,
            "dec_budg": null,
            "jan_budg": null,
            "feb_budg": null,
            "mar_budg": null,
            "apr_budg": null,
            "may_budg": null,
            "jun_budg": null,
            "error_message": null,
            "process_status": "S"
        },
        {
            "ref_id": 71862,
            "batch_id": 11,
            "sub_project_number": "200634.01",
            "budget_type_name": "Forecast",
            "budget_type_id": 2,
            "budget_period": "FY29",
            "task_code": "05.03.03",
            "expenditure_name": "Intangible Produced Assets WIP",
            "jul_budg": null,
            "aug_budg": null,
            "sep_budg": null,
            "oct_budg": null,
            "nov_budg": null,
            "dec_budg": null,
            "jan_budg": null,
            "feb_budg": null,
            "mar_budg": null,
            "apr_budg": null,
            "may_budg": null,
            "jun_budg": null,
            "error_message": null,
            "process_status": "S"
        },
        {
            "ref_id": 71872,
            "batch_id": 11,
            "sub_project_number": "200634.01",
            "budget_type_name": "Forecast",
            "budget_type_id": 2,
            "budget_period": "FY29",
            "task_code": "09.01.01",
            "expenditure_name": "Intangible Produced Assets WIP",
            "jul_budg": null,
            "aug_budg": null,
            "sep_budg": null,
            "oct_budg": null,
            "nov_budg": null,
            "dec_budg": null,
            "jan_budg": null,
            "feb_budg": null,
            "mar_budg": null,
            "apr_budg": null,
            "may_budg": null,
            "jun_budg": null,
            "error_message": null,
            "process_status": "S"
        },
        {
            "ref_id": 71882,
            "batch_id": 11,
            "sub_project_number": "200634.01",
            "budget_type_name": "Forecast",
            "budget_type_id": 2,
            "budget_period": "FY29",
            "task_code": "09.03.01",
            "expenditure_name": "Intangible Produced Assets WIP",
            "jul_budg": null,
            "aug_budg": null,
            "sep_budg": null,
            "oct_budg": null,
            "nov_budg": null,
            "dec_budg": null,
            "jan_budg": null,
            "feb_budg": null,
            "mar_budg": null,
            "apr_budg": null,
            "may_budg": null,
            "jun_budg": null,
            "error_message": null,
            "process_status": "S"
        },
        {
            "ref_id": 71892,
            "batch_id": 11,
            "sub_project_number": "200634.01",
            "budget_type_name": "Forecast",
            "budget_type_id": 2,
            "budget_period": "FY29",
            "task_code": "09.09.01",
            "expenditure_name": "Intangible Produced Assets WIP",
            "jul_budg": null,
            "aug_budg": null,
            "sep_budg": null,
            "oct_budg": null,
            "nov_budg": null,
            "dec_budg": null,
            "jan_budg": null,
            "feb_budg": null,
            "mar_budg": null,
            "apr_budg": null,
            "may_budg": null,
            "jun_budg": null,
            "error_message": null,
            "process_status": "S"
        },
        {
            "ref_id": 71833,
            "batch_id": 11,
            "sub_project_number": "200634.01",
            "budget_type_name": "Forecast",
            "budget_type_id": 2,
            "budget_period": "FY30",
            "task_code": "01.02.01",
            "expenditure_name": "Intangible Produced Assets WIP",
            "jul_budg": null,
            "aug_budg": null,
            "sep_budg": null,
            "oct_budg": null,
            "nov_budg": null,
            "dec_budg": null,
            "jan_budg": null,
            "feb_budg": null,
            "mar_budg": null,
            "apr_budg": null,
            "may_budg": null,
            "jun_budg": null,
            "error_message": null,
            "process_status": "S"
        },
        {
            "ref_id": 71843,
            "batch_id": 11,
            "sub_project_number": "200634.01",
            "budget_type_name": "Forecast",
            "budget_type_id": 2,
            "budget_period": "FY30",
            "task_code": "02.04.08",
            "expenditure_name": "Intangible Produced Assets WIP",
            "jul_budg": null,
            "aug_budg": null,
            "sep_budg": null,
            "oct_budg": null,
            "nov_budg": null,
            "dec_budg": null,
            "jan_budg": null,
            "feb_budg": null,
            "mar_budg": null,
            "apr_budg": null,
            "may_budg": null,
            "jun_budg": null,
            "error_message": null,
            "process_status": "S"
        },
        {
            "ref_id": 71853,
            "batch_id": 11,
            "sub_project_number": "200634.01",
            "budget_type_name": "Forecast",
            "budget_type_id": 2,
            "budget_period": "FY30",
            "task_code": "05.02.02",
            "expenditure_name": "Intangible Produced Assets WIP",
            "jul_budg": null,
            "aug_budg": null,
            "sep_budg": null,
            "oct_budg": null,
            "nov_budg": null,
            "dec_budg": null,
            "jan_budg": null,
            "feb_budg": null,
            "mar_budg": null,
            "apr_budg": null,
            "may_budg": null,
            "jun_budg": null,
            "error_message": null,
            "process_status": "S"
        },
        {
            "ref_id": 71863,
            "batch_id": 11,
            "sub_project_number": "200634.01",
            "budget_type_name": "Forecast",
            "budget_type_id": 2,
            "budget_period": "FY30",
            "task_code": "05.03.03",
            "expenditure_name": "Intangible Produced Assets WIP",
            "jul_budg": null,
            "aug_budg": null,
            "sep_budg": null,
            "oct_budg": null,
            "nov_budg": null,
            "dec_budg": null,
            "jan_budg": null,
            "feb_budg": null,
            "mar_budg": null,
            "apr_budg": null,
            "may_budg": null,
            "jun_budg": null,
            "error_message": null,
            "process_status": "S"
        },
        {
            "ref_id": 71873,
            "batch_id": 11,
            "sub_project_number": "200634.01",
            "budget_type_name": "Forecast",
            "budget_type_id": 2,
            "budget_period": "FY30",
            "task_code": "09.01.01",
            "expenditure_name": "Intangible Produced Assets WIP",
            "jul_budg": null,
            "aug_budg": null,
            "sep_budg": null,
            "oct_budg": null,
            "nov_budg": null,
            "dec_budg": null,
            "jan_budg": null,
            "feb_budg": null,
            "mar_budg": null,
            "apr_budg": null,
            "may_budg": null,
            "jun_budg": null,
            "error_message": null,
            "process_status": "S"
        },
        {
            "ref_id": 71883,
            "batch_id": 11,
            "sub_project_number": "200634.01",
            "budget_type_name": "Forecast",
            "budget_type_id": 2,
            "budget_period": "FY30",
            "task_code": "09.03.01",
            "expenditure_name": "Intangible Produced Assets WIP",
            "jul_budg": null,
            "aug_budg": null,
            "sep_budg": null,
            "oct_budg": null,
            "nov_budg": null,
            "dec_budg": null,
            "jan_budg": null,
            "feb_budg": null,
            "mar_budg": null,
            "apr_budg": null,
            "may_budg": null,
            "jun_budg": null,
            "error_message": null,
            "process_status": "S"
        },
        {
            "ref_id": 71893,
            "batch_id": 11,
            "sub_project_number": "200634.01",
            "budget_type_name": "Forecast",
            "budget_type_id": 2,
            "budget_period": "FY30",
            "task_code": "09.09.01",
            "expenditure_name": "Intangible Produced Assets WIP",
            "jul_budg": null,
            "aug_budg": null,
            "sep_budg": null,
            "oct_budg": null,
            "nov_budg": null,
            "dec_budg": null,
            "jan_budg": null,
            "feb_budg": null,
            "mar_budg": null,
            "apr_budg": null,
            "may_budg": null,
            "jun_budg": null,
            "error_message": null,
            "process_status": "S"
        },
        {
            "ref_id": 71834,
            "batch_id": 11,
            "sub_project_number": "200634.01",
            "budget_type_name": "Forecast",
            "budget_type_id": 2,
            "budget_period": "FY31",
            "task_code": "01.02.01",
            "expenditure_name": "Intangible Produced Assets WIP",
            "jul_budg": null,
            "aug_budg": null,
            "sep_budg": null,
            "oct_budg": null,
            "nov_budg": null,
            "dec_budg": null,
            "jan_budg": null,
            "feb_budg": null,
            "mar_budg": null,
            "apr_budg": null,
            "may_budg": null,
            "jun_budg": null,
            "error_message": null,
            "process_status": "S"
        },
        {
            "ref_id": 71844,
            "batch_id": 11,
            "sub_project_number": "200634.01",
            "budget_type_name": "Forecast",
            "budget_type_id": 2,
            "budget_period": "FY31",
            "task_code": "02.04.08",
            "expenditure_name": "Intangible Produced Assets WIP",
            "jul_budg": null,
            "aug_budg": null,
            "sep_budg": null,
            "oct_budg": null,
            "nov_budg": null,
            "dec_budg": null,
            "jan_budg": null,
            "feb_budg": null,
            "mar_budg": null,
            "apr_budg": null,
            "may_budg": null,
            "jun_budg": null,
            "error_message": null,
            "process_status": "S"
        },
        {
            "ref_id": 71854,
            "batch_id": 11,
            "sub_project_number": "200634.01",
            "budget_type_name": "Forecast",
            "budget_type_id": 2,
            "budget_period": "FY31",
            "task_code": "05.02.02",
            "expenditure_name": "Intangible Produced Assets WIP",
            "jul_budg": null,
            "aug_budg": null,
            "sep_budg": null,
            "oct_budg": null,
            "nov_budg": null,
            "dec_budg": null,
            "jan_budg": null,
            "feb_budg": null,
            "mar_budg": null,
            "apr_budg": null,
            "may_budg": null,
            "jun_budg": null,
            "error_message": null,
            "process_status": "S"
        },
        {
            "ref_id": 71864,
            "batch_id": 11,
            "sub_project_number": "200634.01",
            "budget_type_name": "Forecast",
            "budget_type_id": 2,
            "budget_period": "FY31",
            "task_code": "05.03.03",
            "expenditure_name": "Intangible Produced Assets WIP",
            "jul_budg": null,
            "aug_budg": null,
            "sep_budg": null,
            "oct_budg": null,
            "nov_budg": null,
            "dec_budg": null,
            "jan_budg": null,
            "feb_budg": null,
            "mar_budg": null,
            "apr_budg": null,
            "may_budg": null,
            "jun_budg": null,
            "error_message": null,
            "process_status": "S"
        },
        {
            "ref_id": 71874,
            "batch_id": 11,
            "sub_project_number": "200634.01",
            "budget_type_name": "Forecast",
            "budget_type_id": 2,
            "budget_period": "FY31",
            "task_code": "09.01.01",
            "expenditure_name": "Intangible Produced Assets WIP",
            "jul_budg": null,
            "aug_budg": null,
            "sep_budg": null,
            "oct_budg": null,
            "nov_budg": null,
            "dec_budg": null,
            "jan_budg": null,
            "feb_budg": null,
            "mar_budg": null,
            "apr_budg": null,
            "may_budg": null,
            "jun_budg": null,
            "error_message": null,
            "process_status": "S"
        },
        {
            "ref_id": 71884,
            "batch_id": 11,
            "sub_project_number": "200634.01",
            "budget_type_name": "Forecast",
            "budget_type_id": 2,
            "budget_period": "FY31",
            "task_code": "09.03.01",
            "expenditure_name": "Intangible Produced Assets WIP",
            "jul_budg": null,
            "aug_budg": null,
            "sep_budg": null,
            "oct_budg": null,
            "nov_budg": null,
            "dec_budg": null,
            "jan_budg": null,
            "feb_budg": null,
            "mar_budg": null,
            "apr_budg": null,
            "may_budg": null,
            "jun_budg": null,
            "error_message": null,
            "process_status": "S"
        },
        {
            "ref_id": 71894,
            "batch_id": 11,
            "sub_project_number": "200634.01",
            "budget_type_name": "Forecast",
            "budget_type_id": 2,
            "budget_period": "FY31",
            "task_code": "09.09.01",
            "expenditure_name": "Intangible Produced Assets WIP",
            "jul_budg": null,
            "aug_budg": null,
            "sep_budg": null,
            "oct_budg": null,
            "nov_budg": null,
            "dec_budg": null,
            "jan_budg": null,
            "feb_budg": null,
            "mar_budg": null,
            "apr_budg": null,
            "may_budg": null,
            "jun_budg": null,
            "error_message": null,
            "process_status": "S"
        }
    ],
    "hasMore": false,
    "limit": 10000,
    "offset": 0,
    "count": 70,
    "links": [
        {
            "rel": "self",
            "href": "https://168.138.107.164:8443/ords/btftapp_db/BulkUpload/BulkUploadData?batch_id=11&user_name=helen.miao%40oracle.com"
        },
        {
            "rel": "edit",
            "href": "https://168.138.107.164:8443/ords/btftapp_db/BulkUpload/BulkUploadData?batch_id=11&user_name=helen.miao%40oracle.com"
        },
        {
            "rel": "describedby",
            "href": "https://168.138.107.164:8443/ords/btftapp_db/metadata-catalog/BulkUpload/item"
        },
        {
            "rel": "first",
            "href": "https://168.138.107.164:8443/ords/btftapp_db/BulkUpload/BulkUploadData?batch_id=11&user_name=helen.miao%40oracle.com"
        }
    ]
}