{
  "root": "callFunctionGetBudgetChartComponent",
  "description": "",
  "actions": {
    "if": {
      "module": "vb/action/builtin/ifAction",
      "parameters": {
        "condition": "[[ $chain.results.callFunctionGetBudgetChartComponent ]]"
      },
      "outcomes": {
        "false": "callChainCheckIfBudgetChartRender"
      }
    },
    "callChainCheckIfBudgetChartRender": {
      "module": "vb/action/builtin/callChainAction",
      "parameters": {
        "id": "checkIfBudgetChartRender"
      }
    },
    "callFunctionGetBudgetChartComponent": {
      "module": "vb/action/builtin/callModuleFunctionAction",
      "parameters": {
        "module": "[[ $functions ]]",
        "functionName": "getBudgetChartComponent"
      },
      "outcomes": {
        "success": "if"
      }
    }
  }
}