{
  "description": "",
  "root": "callComponentCreateContractBudgetPopupOpen",
  "actions": {
    "callFunctionShowLoading": {
      "module": "vb/action/builtin/callModuleFunctionAction",
      "parameters": {
        "module": "[[ $application.functions ]]",
        "functionName": "showLoading"
      },
      "outcomes": {
        "success": "resetVariablesProjectLists"
      }
    },
    "resetVariablesProjectLists": {
      "module": "vb/action/builtin/resetVariablesAction",
      "parameters": {
        "variables": [
          "$page.variables.projectLists",
          "$page.variables.currentProject",
          "$page.variables.selectedProject"
        ]
      },
      "outcomes": {
        "success": "callRestGetCommonGetProjects"
      }
    },
    "callComponentCreateContractBudgetPopupOpen": {
      "module": "vb/action/builtin/callComponentMethodAction",
      "parameters": {
        "component": "{{ document.getElementById('createContractBudgetPopup') }}",
        "method": "open"
      },
      "outcomes": {
        "success": "callFunctionShowLoading"
      }
    },
    "fireNotification": {
      "module": "vb/action/builtin/fireNotificationEventAction",
      "parameters": {
        "target": "leaf",
        "summary": "Error in fetching project lists. Please try after sometime.",
        "type": "error",
        "displayMode": "persist",
        "message": "Error in fetching project lists. Please try after sometime."
      },
      "outcomes": {
        "success": "callFunctionHideLoading"
      }
    },
    "callRestGetCommonGetProjects": {
      "module": "vb/action/builtin/restAction",
      "parameters": {
        "endpoint": "ordsBtftapp/getCommonGetProjects",
        "uriParams": {
          "ip_user": "{{ $application.user.email }}"
        }
      },
      "outcomes": {
        "failure": "fireNotification",
        "success": "fireDataProviderEventProjectLists"
      }
    },
    "callFunctionHideLoading": {
      "module": "vb/action/builtin/callModuleFunctionAction",
      "parameters": {
        "module": "[[ $application.functions ]]",
        "functionName": "hideLoading"
      }
    },
    "fireDataProviderEventProjectLists": {
      "module": "vb/action/builtin/fireDataProviderEventAction",
      "parameters": {
        "target": "[[ $page.variables.projectLists ]]",
        "add": {
          "data": "{{ $chain.results.callRestGetCommonGetProjects.body.items }}"
        }
      },
      "outcomes": {
        "success": "callFunctionHideLoading2"
      }
    },
    "callFunctionHideLoading2": {
      "module": "vb/action/builtin/callModuleFunctionAction",
      "parameters": {
        "module": "[[ $application.functions ]]",
        "functionName": "hideLoading"
      }
    }
  },
  "variables": {}
}