{
  "root": "callRestGetGetProjectTaskDetails",
  "description": "",
  "variables": {},
  "actions": {
    "fireNotification": {
      "module": "vb/action/builtin/fireNotificationEventAction",
      "parameters": {
        "target": "leaf",
        "summary": "[[ $chain.results.callRestGetGetProjectTaskDetails.message.summary ]]",
        "type": "error",
        "displayMode": "persist"
      }
    },
    "callRestGetGetProjectTaskDetails": {
      "module": "vb/action/builtin/restAction",
      "parameters": {
        "endpoint": "icApi/getGetProjectTaskDetails",
        "uriParams": {
          "UserName": "{{ $application.user.username }}"
        }
      },
      "outcomes": {
        "failure": "fireNotification",
        "success": "callFunctionExtractAssignedProjects"
      }
    },
    "callFunctionExtractAssignedProjects": {
      "module": "vb/action/builtin/callModuleFunctionAction",
      "parameters": {
        "module": "[[ $application.functions ]]",
        "functionName": "extractAssignedProjects",
        "params": [
          "{{ $chain.results.callRestGetGetProjectTaskDetails.body.GetProjectUserRoleResponse.ProjectUserDetails.ProjectDetails }}"
        ]
      },
      "outcomes": {
        "success": "assignVariables"
      }
    },
    "assignVariables": {
      "module": "vb/action/builtin/assignVariablesAction",
      "parameters": {
        "$application.variables.restrictedProjects": {
          "source": "{{ $chain.results.callFunctionExtractAssignedProjects }}"
        }
      }
    }
  }
}