{
  "root": "callFunctionShowLoading",
  "description": "",
  "variables": {
    "runCount": {
      "type": "number",
      "defaultValue": 1,
      "input": "fromCaller"
    }
  },
  "actions": {
    "fireNotification": {
      "module": "vb/action/builtin/fireNotificationEventAction",
      "parameters": {
        "target": "leaf",
        "summary": "Error in  fetching controlling budget total. Please try after some time.",
        "type": "error",
        "displayMode": "persist",
        "message": "Error in  fetching controlling budget total. Please try after some time."
      },
      "outcomes": {
        "success": "callFunctionHideLoading"
      }
    },
    "callRestGetControllingBudgetTotal": {
      "module": "vb/action/builtin/restAction",
      "parameters": {
        "endpoint": "ordsBtftapp/getControllingBudgetTotal",
        "uriParams": {
          "user_name": "{{ $application.user.username }}"
        }
      },
      "outcomes": {
        "failure": "ifRetryErrorStatusArray",
        "success": "if"
      }
    },
    "if": {
      "module": "vb/action/builtin/ifAction",
      "parameters": {
        "condition": "[[ $chain.results.callRestGetControllingBudgetTotal.body.items.length ]]"
      },
      "outcomes": {
        "true": "assignVariablesControllingBudgetTotal",
        "false": "assignVariablesControllingBudgetTotal2"
      }
    },
    "assignVariablesControllingBudgetTotal": {
      "module": "vb/action/builtin/assignVariablesAction",
      "parameters": {
        "$page.variables.controllingBudgetTotal": {
          "source": "{{ $chain.results.callRestGetControllingBudgetTotal.body.items[0].amount }}"
        }
      },
      "outcomes": {
        "success": "callFunctionHideLoading2"
      }
    },
    "assignVariablesErrorFlagControlBudgetTotal": {
      "module": "vb/action/builtin/assignVariablesAction",
      "parameters": {
        "$page.variables.errorFlag_ControlBudgetTotal": {
          "source": true
        }
      },
      "outcomes": {
        "success": "fireNotification"
      }
    },
    "return": {
      "module": "vb/action/builtin/returnAction",
      "parameters": {
        "outcome": "success"
      }
    },
    "return2": {
      "module": "vb/action/builtin/returnAction",
      "parameters": {
        "outcome": "failure"
      }
    },
    "callFunctionShowLoading": {
      "module": "vb/action/builtin/callModuleFunctionAction",
      "parameters": {
        "module": "[[ $application.functions ]]",
        "functionName": "showLoading"
      },
      "outcomes": {
        "success": "resetVariablesErrorFlagControlBudgetTotal"
      }
    },
    "callFunctionHideLoading": {
      "module": "vb/action/builtin/callModuleFunctionAction",
      "parameters": {
        "module": "[[ $application.functions ]]",
        "functionName": "hideLoading"
      },
      "outcomes": {
        "success": "return2"
      }
    },
    "callFunctionHideLoading2": {
      "module": "vb/action/builtin/callModuleFunctionAction",
      "parameters": {
        "module": "[[ $application.functions ]]",
        "functionName": "hideLoading"
      },
      "outcomes": {
        "success": "return"
      }
    },
    "assignVariablesControllingBudgetTotal2": {
      "module": "vb/action/builtin/assignVariablesAction",
      "parameters": {
        "$page.variables.controllingBudgetTotal": {
          "source": "0"
        }
      },
      "outcomes": {
        "success": "callFunctionHideLoading2"
      }
    },
    "resetVariablesErrorFlagControlBudgetTotal": {
      "module": "vb/action/builtin/resetVariablesAction",
      "parameters": {
        "variables": [
          "$page.variables.errorFlag_ControlBudgetTotal"
        ]
      },
      "outcomes": {
        "success": "callRestGetControllingBudgetTotal"
      }
    },
    "ifRetryErrorStatusArray": {
      "module": "vb/action/builtin/ifAction",
      "parameters": {
        "condition": "[[ $application.variables.RetryErrorStatusArray.includes($chain.results.callRestGetControllingBudgetTotal.status) ]]"
      },
      "outcomes": {
        "true": "if2",
        "false": "callFunctionHideLoading3"
      }
    },
    "if2": {
      "module": "vb/action/builtin/ifAction",
      "parameters": {
        "condition": "[[ $variables.runCount < $application.variables.retryItemsArray.length ]]"
      },
      "outcomes": {
        "false": "assignVariablesErrorFlagControlBudgetTotal",
        "true": "callChainGetBudControlTotalHome"
      }
    },
    "callChainGetBudControlTotalHome": {
      "module": "vb/action/builtin/callChainAction",
      "parameters": {
        "id": "getBudControlTotalHome",
        "params": {
          "runCount": "{{ $variables.runCount + 1 }}"
        }
      }
    },
    "callFunctionHideLoading3": {
      "module": "vb/action/builtin/callModuleFunctionAction",
      "parameters": {
        "module": "[[ $application.functions ]]",
        "functionName": "hideLoading"
      },
      "outcomes": {
        "success": "fireNotification3"
      }
    },
    "return3": {
      "module": "vb/action/builtin/returnAction",
      "parameters": {
        "outcome": "failure"
      }
    },
    "fireNotification3": {
      "module": "vb/action/builtin/fireNotificationEventAction",
      "parameters": {
        "target": "leaf",
        "message": "Error in  fetching controlling budget total. Please try after some time.",
        "summary": "Error in  fetching controlling budget total. Please try after some time."
      },
      "outcomes": {
        "success": "return3"
      }
    }
  }
}