{
  "description": "",
  "variables": {
    "runCount": {
      "type": "number",
      "input": "fromCaller",
      "defaultValue": 1
    }
  },
  "root": "resetVariablesErrorFlagUserNotificationCount",
  "actions": {
    "fireNotification": {
      "module": "vb/action/builtin/fireNotificationEventAction",
      "parameters": {
        "target": "leaf",
        "summary": "Error in  fetching Notifications. Please try after some time.",
        "type": "error",
        "displayMode": "persist",
        "message": "Error in  fetching Notifications. Please try after some time."
      },
      "outcomes": {
        "success": "assignVariablesErrorFlagUserNotificationCount"
      }
    },
    "callFunctionGetUserActionsCountDetails": {
      "module": "vb/action/builtin/callModuleFunctionAction",
      "parameters": {
        "module": "[[ $functions ]]",
        "functionName": "getUserActionsCountDetails",
        "params": [
          "{{ $chain.results.callRestGetProjectSummaryNotificationCount.body.items }}",
          "{{ $page.variables.currentBudgetType }}"
        ]
      },
      "outcomes": {
        "success": "assignVariablesUserActionDetails"
      }
    },
    "assignVariablesUserActionDetails": {
      "module": "vb/action/builtin/assignVariablesAction",
      "parameters": {
        "$page.variables.userNotificationDetails": {
          "source": "{{ $chain.results.callFunctionGetUserActionsCountDetails }}",
          "auto": "always"
        }
      },
      "outcomes": {
        "success": "return"
      }
    },
    "ifuserActionCountLength": {
      "module": "vb/action/builtin/ifAction",
      "parameters": {
        "condition": "[[ $chain.results.callRestGetProjectSummaryNotificationCount.body.items.length ]]"
      },
      "outcomes": {
        "true": "assignVariablesUserActionCountADP",
        "false": "callFunctionGetUserActionsCountDetails"
      }
    },
    "assignVariablesUserActionCountADP": {
      "module": "vb/action/builtin/assignVariablesAction",
      "parameters": {
        "$page.variables.userNotificationCountADP": {
          "source": {
            "data": "{{ $chain.results.callRestGetProjectSummaryNotificationCount.body.items }}"
          },
          "reset": "none",
          "auto": "always"
        }
      },
      "outcomes": {
        "success": "callFunctionGetUserActionsCountDetails"
      }
    },
    "callRestGetProjectSummaryNotificationCount": {
      "module": "vb/action/builtin/restAction",
      "parameters": {
        "endpoint": "ordsBtftapp/getProjectSummaryNotificationCount",
        "uriParams": {
          "user_name": "{{ $application.user.username }}"
        }
      },
      "outcomes": {
        "failure": "ifRetryErrorStatusArray",
        "success": "resetVariablesUserNotificationCountADP"
      }
    },
    "resetVariablesUserNotificationCountADP": {
      "module": "vb/action/builtin/resetVariablesAction",
      "parameters": {
        "variables": [
          "$page.variables.userNotificationCountADP"
        ]
      },
      "outcomes": {
        "success": "ifuserActionCountLength"
      }
    },
    "assignVariablesErrorFlagUserNotificationCount": {
      "module": "vb/action/builtin/assignVariablesAction",
      "parameters": {
        "$page.variables.errorFlag_UserNotificationCount": {
          "source": true
        }
      },
      "outcomes": {
        "success": "callFunctionHideLoading2"
      }
    },
    "resetVariablesErrorFlagUserNotificationCount": {
      "module": "vb/action/builtin/resetVariablesAction",
      "parameters": {
        "variables": [
          "$page.variables.errorFlag_UserNotificationCount"
        ]
      },
      "outcomes": {
        "success": "callRestGetProjectSummaryNotificationCount"
      }
    },
    "ifRetryErrorStatusArray": {
      "module": "vb/action/builtin/ifAction",
      "parameters": {
        "condition": "[[ $application.variables.RetryErrorStatusArray.includes($chain.results.callRestGetProjectSummaryNotificationCount.status) ]]"
      },
      "outcomes": {
        "true": "if",
        "false": "callFunctionHideLoading3"
      }
    },
    "if": {
      "module": "vb/action/builtin/ifAction",
      "parameters": {
        "condition": "[[ $variables.runCount < $application.variables.retryItemsArray.length ]]"
      },
      "outcomes": {
        "false": "fireNotification",
        "true": "callChainGetNotificationsCountHomeOnLoad"
      }
    },
    "return": {
      "module": "vb/action/builtin/returnAction",
      "parameters": {
        "outcome": "success"
      }
    },
    "callFunctionHideLoading2": {
      "module": "vb/action/builtin/callModuleFunctionAction",
      "parameters": {
        "module": "[[ $application.functions ]]",
        "functionName": "hideLoading"
      },
      "outcomes": {
        "success": "return2"
      }
    },
    "return2": {
      "module": "vb/action/builtin/returnAction",
      "parameters": {
        "outcome": "failure"
      }
    },
    "callFunctionHideLoading3": {
      "module": "vb/action/builtin/callModuleFunctionAction",
      "parameters": {
        "module": "[[ $application.functions ]]",
        "functionName": "hideLoading"
      },
      "outcomes": {
        "success": "fireNotification3"
      }
    },
    "return3": {
      "module": "vb/action/builtin/returnAction",
      "parameters": {
        "outcome": "failure"
      }
    },
    "fireNotification3": {
      "module": "vb/action/builtin/fireNotificationEventAction",
      "parameters": {
        "target": "leaf",
        "message": "Error in  fetching Notifications. Please try after some time.",
        "summary": "Error in  fetching Notifications. Please try after some time."
      },
      "outcomes": {
        "success": "return3"
      }
    },
    "callChainGetNotificationsCountHomeOnLoad": {
      "module": "vb/action/builtin/callChainAction",
      "parameters": {
        "id": "getNotificationsCountHomeOnLoad"
      }
    }
  }
}