{
  "root": "resetVariablesErrorFlagPeriodBasedProject",
  "description": "",
  "actions": {
    "fireNotification": {
      "module": "vb/action/builtin/fireNotificationEventAction",
      "parameters": {
        "target": "leaf",
        "summary": "Error in  fetching period based project details. Please try after some time.",
        "type": "error",
        "displayMode": "persist",
        "message": "Error in  fetching period based project details. Please try after some time."
      },
      "outcomes": {
        "success": "assignVariablesErrorFlagPeriodBasedProject"
      }
    },
    "callRestGetPeriodBasedProjectList": {
      "module": "vb/action/builtin/restAction",
      "parameters": {
        "endpoint": "ordsBtftapp/getPeriodBasedProjectList",
        "uriParams": {
          "budget_type_id": "{{ $page.variables.currentBudgetType }}",
          "user_name": "{{ $application.user.username }}"
        }
      },
      "outcomes": {
        "failure": "ifRetryErrorStatusArray",
        "success": "callFunctionFormatperiodProjList"
      }
    },
    "callFunctionFormatperiodProjList": {
      "module": "vb/action/builtin/callModuleFunctionAction",
      "parameters": {
        "module": "[[ $functions ]]",
        "functionName": "formatperiodProjList",
        "params": [
          "{{ $chain.results.callRestGetPeriodBasedProjectList.body.items }}"
        ]
      },
      "outcomes": {
        "success": "assignVariablesGetPeriodAmtList"
      }
    },
    "callFunctionGetProjectDetails": {
      "module": "vb/action/builtin/callModuleFunctionAction",
      "parameters": {
        "module": "[[ $functions ]]",
        "functionName": "getProjectDetails",
        "params": [
          "{{ $page.variables.getPeriodAmtList }}"
        ]
      },
      "outcomes": {
        "success": "assignVariablesProjectDetails"
      }
    },
    "assignVariablesProjectDetails": {
      "module": "vb/action/builtin/assignVariablesAction",
      "parameters": {
        "$page.variables.projectDetails": {
          "source": "{{ $chain.results.callFunctionGetProjectDetails }}",
          "auto": "always"
        }
      },
      "outcomes": {
        "success": "assignVariablesSelectChangedBudgetTypeName"
      }
    },
    "callFunctionHideLoading": {
      "module": "vb/action/builtin/callModuleFunctionAction",
      "parameters": {
        "module": "[[ $application.functions ]]",
        "functionName": "hideLoading"
      },
      "outcomes": {
        "success": "return"
      }
    },
    "resetVariablesErrorFlagPeriodBasedProject": {
      "module": "vb/action/builtin/resetVariablesAction",
      "parameters": {
        "variables": [
          "$page.variables.errorFlag_PeriodBasedProject"
        ]
      },
      "outcomes": {
        "success": "callRestGetPeriodBasedProjectList"
      }
    },
    "assignVariablesErrorFlagPeriodBasedProject": {
      "module": "vb/action/builtin/assignVariablesAction",
      "parameters": {
        "$page.variables.errorFlag_PeriodBasedProject": {
          "source": true
        }
      },
      "outcomes": {
        "success": "callFunctionHideLoading"
      }
    },
    "assignVariablesSelectChangedBudgetTypeName": {
      "module": "vb/action/builtin/assignVariablesAction",
      "parameters": {
        "$page.variables.selectChangedBudgetTypeName": {
          "source": "{{ $page.variables.selectedBudgetType.label }}"
        }
      },
      "outcomes": {
        "success": "return2"
      }
    },
    "ifRetryErrorStatusArray": {
      "module": "vb/action/builtin/ifAction",
      "parameters": {
        "condition": "[[ $application.variables.RetryErrorStatusArray.includes($chain.results.callRestGetPeriodBasedProjectList.status) ]]"
      },
      "outcomes": {
        "true": "if",
        "false": "callFunctionHideLoading3"
      }
    },
    "if": {
      "module": "vb/action/builtin/ifAction",
      "parameters": {
        "condition": "[[ $variables.runCount < $application.variables.retryItemsArray.length ]]"
      },
      "outcomes": {
        "false": "fireNotification",
        "true": "callChainGetPeriodBasedProjListHomeonLoad"
      }
    },
    "return": {
      "module": "vb/action/builtin/returnAction",
      "parameters": {
        "outcome": "failure"
      }
    },
    "return2": {
      "module": "vb/action/builtin/returnAction",
      "parameters": {
        "outcome": "success"
      }
    },
    "callFunctionHideLoading3": {
      "module": "vb/action/builtin/callModuleFunctionAction",
      "parameters": {
        "module": "[[ $application.functions ]]",
        "functionName": "hideLoading"
      },
      "outcomes": {
        "success": "fireNotification3"
      }
    },
    "return3": {
      "module": "vb/action/builtin/returnAction",
      "parameters": {
        "outcome": "failure"
      }
    },
    "fireNotification3": {
      "module": "vb/action/builtin/fireNotificationEventAction",
      "parameters": {
        "target": "leaf",
        "summary": "Error in  fetching period based project details. Please try after some time.",
        "message": "Error in  fetching period based project details. Please try after some time."
      },
      "outcomes": {
        "success": "return3"
      }
    },
    "assignVariablesGetPeriodAmtList": {
      "module": "vb/action/builtin/assignVariablesAction",
      "parameters": {
        "$page.variables.getPeriodAmtList": {
          "source": "{{ $chain.results.callRestGetPeriodBasedProjectList.body.items }}"
        }
      },
      "outcomes": {
        "success": "callFunctionGetProjectDetails"
      }
    },
    "callChainGetPeriodBasedProjListHomeonLoad": {
      "module": "vb/action/builtin/callChainAction",
      "parameters": {
        "id": "getPeriodBasedProjListHomeonLoad"
      }
    }
  },
  "variables": {
    "runCount": {
      "type": "number",
      "defaultValue": 1,
      "input": "fromCaller"
    }
  }
}