{
  "root": "resetVariablesErrorFlagProjStatusDetails",
  "description": "",
  "actions": {
    "fireNotification": {
      "module": "vb/action/builtin/fireNotificationEventAction",
      "parameters": {
        "target": "leaf",
        "summary": "Error in  fetching Project Status Details. Please try after some time.",
        "type": "error",
        "displayMode": "persist",
        "message": "Error in  fetching Project Status Details. Please try after some time."
      },
      "outcomes": {
        "success": "assignVariablesErrorFlagProjStatusDetails"
      }
    },
    "callRestGetProjectStatusDetails": {
      "module": "vb/action/builtin/restAction",
      "parameters": {
        "endpoint": "ordsBtftapp/getProjectStatusDetails",
        "uriParams": {
          "user_name": "{{ $application.user.username }}"
        }
      },
      "outcomes": {
        "failure": "fireNotification",
        "success": "ifGetProjectStatusList"
      }
    },
    "callFunctionHideLoading": {
      "module": "vb/action/builtin/callModuleFunctionAction",
      "parameters": {
        "module": "[[ $application.functions ]]",
        "functionName": "hideLoading"
      }
    },
    "ifGetProjectStatusList": {
      "module": "vb/action/builtin/ifAction",
      "parameters": {
        "condition": "[[ $page.variables.getProjectStatusList.data.length ]]"
      },
      "outcomes": {
        "true": "fireDataProviderEventGetProjectStatusList",
        "false": "resetVariablesGetProjectStatusList"
      }
    },
    "fireDataProviderEventGetProjectStatusList": {
      "module": "vb/action/builtin/fireDataProviderEventAction",
      "parameters": {
        "target": "[[ $page.variables.getProjectStatusList ]]",
        "remove": {
          "data": "{{ $page.variables.getProjectStatusList.data }}"
        }
      },
      "outcomes": {
        "success": "resetVariablesGetProjectStatusList"
      }
    },
    "fireDataProviderEventGetProjectStatusList2": {
      "module": "vb/action/builtin/fireDataProviderEventAction",
      "parameters": {
        "target": "[[ $page.variables.getProjectStatusList ]]",
        "add": {
          "data": "{{ $chain.results.callRestGetProjectStatusDetails.body.items }}"
        }
      }
    },
    "resetVariablesErrorFlagProjStatusDetails": {
      "module": "vb/action/builtin/resetVariablesAction",
      "parameters": {
        "variables": [
          "$page.variables.errorFlag_ProjStatusDetails"
        ]
      },
      "outcomes": {
        "success": "callRestGetProjectStatusDetails"
      }
    },
    "assignVariablesErrorFlagProjStatusDetails": {
      "module": "vb/action/builtin/assignVariablesAction",
      "parameters": {
        "$page.variables.errorFlag_ProjStatusDetails": {
          "source": true
        }
      },
      "outcomes": {
        "success": "callFunctionHideLoading"
      }
    },
    "ifRetryErrorStatusArray": {
      "module": "vb/action/builtin/ifAction",
      "parameters": {
        "condition": "[[ $application.variables.RetryErrorStatusArray.includes($chain.results.callRestGetProjectStatusDetails.status) ]]"
      },
      "outcomes": {
        "true": "if",
        "false": "callFunctionHideLoading3"
      }
    },
    "if": {
      "module": "vb/action/builtin/ifAction",
      "parameters": {
        "condition": "[[ $variables.runCount < $application.variables.retryItemsArray.length ]]"
      },
      "outcomes": {
        "false": "fireNotification",
        "true": "callChainGetProjStatusDetailsHomeOnLoad"
      }
    },
    "callFunctionHideLoading3": {
      "module": "vb/action/builtin/callModuleFunctionAction",
      "parameters": {
        "module": "[[ $application.functions ]]",
        "functionName": "hideLoading"
      },
      "outcomes": {
        "success": "fireNotification3"
      }
    },
    "return3": {
      "module": "vb/action/builtin/returnAction",
      "parameters": {
        "outcome": "failure"
      }
    },
    "fireNotification3": {
      "module": "vb/action/builtin/fireNotificationEventAction",
      "parameters": {
        "target": "leaf",
        "summary": "Error in  fetching Project Status Details. Please try after some time.",
        "message": "Error in  fetching Project Status Details. Please try after some time."
      },
      "outcomes": {
        "success": "return3"
      }
    },
    "resetVariablesGetProjectStatusList": {
      "module": "vb/action/builtin/resetVariablesAction",
      "parameters": {
        "variables": [
          "$page.variables.getProjectStatusList.data"
        ]
      },
      "outcomes": {
        "success": "fireDataProviderEventGetProjectStatusList2"
      }
    },
    "callChainGetProjStatusDetailsHomeOnLoad": {
      "module": "vb/action/builtin/callChainAction",
      "parameters": {
        "id": "getProjStatusDetailsHomeOnLoad",
        "params": {
          "runCount": "{{ $variables.runCount + 1 }}"
        }
      }
    }
  },
  "variables": {
    "runCount": {
      "type": "number",
      "defaultValue": 1,
      "input": "fromCaller"
    }
  }
}