{
  "root": "callRestGetProjectSearchGetBudgetTypes",
  "description": "",
  "variables": {
    "showLoadingFlag": {
      "type": "boolean"
    }
  },
  "actions": {
    "fireNotification": {
      "module": "vb/action/builtin/fireNotificationEventAction",
      "parameters": {
        "target": "leaf",
        "summary": "Error in fetching period budget types. Please try after sometime. ",
        "type": "error",
        "displayMode": "persist",
        "message": "Error in fetching period budget types. Please try after sometime. "
      },
      "outcomes": {
        "success": "assignVariablesErrorFlagProjBudgTyp"
      }
    },
    "callRestGetProjectSearchGetBudgetTypes": {
      "module": "vb/action/builtin/restAction",
      "parameters": {
        "endpoint": "ordsBtftapp/getProjectSearchGetBudgetTypes"
      },
      "outcomes": {
        "failure": "fireNotification",
        "success": "ifBudgetTypeList"
      }
    },
    "ifBudgetTypeList": {
      "module": "vb/action/builtin/ifAction",
      "parameters": {
        "condition": "[[ $page.variables.budgetTypeList.data.length ]]"
      },
      "outcomes": {
        "true": "assignVariablesErrorFlagProjBudgTyp2",
        "false": "fireDataProviderEventBudgetTypeList2"
      }
    },
    "fireDataProviderEventBudgetTypeList2": {
      "module": "vb/action/builtin/fireDataProviderEventAction",
      "parameters": {
        "target": "[[ $page.variables.budgetTypeList ]]",
        "add": {
          "data": "{{ $chain.results.callRestGetProjectSearchGetBudgetTypes.body.items }}"
        }
      }
    },
    "assignVariablesErrorFlagProjBudgTyp": {
      "module": "vb/action/builtin/assignVariablesAction",
      "parameters": {
        "$page.variables.errorFlag_ProjBudgTyp": {
          "source": true
        }
      }
    },
    "assignVariablesErrorFlagProjBudgTyp2": {
      "module": "vb/action/builtin/assignVariablesAction",
      "parameters": {
        "$page.variables.errorFlag_ProjBudgTyp": {
          "source": false
        }
      },
      "outcomes": {
        "success": "resetVariablesBudgetTypeList"
      }
    },
    "resetVariablesBudgetTypeList": {
      "module": "vb/action/builtin/resetVariablesAction",
      "parameters": {
        "variables": [
          "$page.variables.budgetTypeList.data"
        ]
      },
      "outcomes": {
        "success": "fireDataProviderEventBudgetTypeList2"
      }
    }
  }
}