{
  "root": "resetVariablesErrorFlagUserActionCount",
  "description": "",
  "actions": {
    "fireNotification": {
      "module": "vb/action/builtin/fireNotificationEventAction",
      "parameters": {
        "target": "leaf",
        "summary": "Error in  fetching budget change alert. Please try after some time.",
        "type": "error",
        "displayMode": "persist",
        "message": "Error in  fetching budget change alert. Please try after some time."
      },
      "outcomes": {
        "success": "assignVariablesErrorFlagUserActionCount"
      }
    },
    "resetVariablesUserActionCountADP": {
      "module": "vb/action/builtin/resetVariablesAction",
      "parameters": {
        "variables": [
          "$page.variables.userActionCountADP"
        ]
      },
      "outcomes": {
        "success": "ifuserActionCountLength"
      }
    },
    "assignVariablesUserActionCountADP": {
      "module": "vb/action/builtin/assignVariablesAction",
      "parameters": {
        "$page.variables.userActionCountADP": {
          "source": {
            "data": "{{ $chain.results.callRestGetProjectSummaryActionListCount.body.items }}"
          },
          "reset": "none",
          "auto": "always"
        }
      },
      "outcomes": {
        "success": "callFunctionGetUserActionsCountDetails"
      }
    },
    "callFunctionGetUserActionsCountDetails": {
      "module": "vb/action/builtin/callModuleFunctionAction",
      "parameters": {
        "module": "[[ $functions ]]",
        "functionName": "getUserActionsCountDetails",
        "params": [
          "{{ $chain.results.callRestGetProjectSummaryActionListCount.body.items }}",
          "{{ $page.variables.currentBudgetType }}"
        ]
      },
      "outcomes": {
        "success": "assignVariablesUserActionDetails"
      }
    },
    "assignVariablesUserActionDetails": {
      "module": "vb/action/builtin/assignVariablesAction",
      "parameters": {
        "$page.variables.userActionDetails": {
          "source": "{{ $chain.results.callFunctionGetUserActionsCountDetails }}",
          "auto": "always"
        }
      },
      "outcomes": {
        "success": "return2"
      }
    },
    "ifuserActionCountLength": {
      "module": "vb/action/builtin/ifAction",
      "parameters": {
        "condition": "[[ $chain.results.callRestGetProjectSummaryActionListCount.body.items.length ]]"
      },
      "outcomes": {
        "true": "assignVariablesUserActionCountADP",
        "false": "callFunctionGetUserActionsCountDetails"
      }
    },
    "callRestGetProjectSummaryActionListCount": {
      "module": "vb/action/builtin/restAction",
      "parameters": {
        "endpoint": "ordsBtftapp/getProjectSummaryActionListCount",
        "uriParams": {
          "user_name": "{{ $application.user.username }}"
        }
      },
      "outcomes": {
        "failure": "ifRetryErrorStatusArray",
        "success": "resetVariablesUserActionCountADP"
      }
    },
    "assignVariablesErrorFlagUserActionCount": {
      "module": "vb/action/builtin/assignVariablesAction",
      "parameters": {
        "$page.variables.errorFlag_userActionCount": {
          "source": true
        }
      },
      "outcomes": {
        "success": "callFunctionHideLoading2"
      }
    },
    "resetVariablesErrorFlagUserActionCount": {
      "module": "vb/action/builtin/resetVariablesAction",
      "parameters": {
        "variables": [
          "$page.variables.errorFlag_userActionCount"
        ]
      },
      "outcomes": {
        "success": "callRestGetProjectSummaryActionListCount"
      }
    },
    "callFunctionHideLoading2": {
      "module": "vb/action/builtin/callModuleFunctionAction",
      "parameters": {
        "module": "[[ $application.functions ]]",
        "functionName": "hideLoading"
      },
      "outcomes": {
        "success": "return"
      }
    },
    "return": {
      "module": "vb/action/builtin/returnAction",
      "parameters": {
        "outcome": "failure"
      }
    },
    "return2": {
      "module": "vb/action/builtin/returnAction",
      "parameters": {
        "outcome": "success"
      }
    },
    "ifRetryErrorStatusArray": {
      "module": "vb/action/builtin/ifAction",
      "parameters": {
        "condition": "[[ $application.variables.RetryErrorStatusArray.includes($chain.results.callRestGetProjectSummaryActionListCount.status) ]]"
      },
      "outcomes": {
        "true": "if",
        "false": "callFunctionHideLoading3"
      }
    },
    "if": {
      "module": "vb/action/builtin/ifAction",
      "parameters": {
        "condition": "[[ $variables.runCount < $application.variables.retryItemsArray.length ]]"
      },
      "outcomes": {
        "false": "fireNotification",
        "true": "callChainGetUserActiosCountHomeonLoad"
      }
    },
    "callFunctionHideLoading3": {
      "module": "vb/action/builtin/callModuleFunctionAction",
      "parameters": {
        "module": "[[ $application.functions ]]",
        "functionName": "hideLoading"
      },
      "outcomes": {
        "success": "fireNotification3"
      }
    },
    "return3": {
      "module": "vb/action/builtin/returnAction",
      "parameters": {
        "outcome": "failure"
      }
    },
    "fireNotification3": {
      "module": "vb/action/builtin/fireNotificationEventAction",
      "parameters": {
        "target": "leaf",
        "summary": "Error in  fetching budget change alert. Please try after some time.",
        "message": "Error in  fetching budget change alert. Please try after some time."
      },
      "outcomes": {
        "success": "return3"
      }
    },
    "callChainGetUserActiosCountHomeonLoad": {
      "module": "vb/action/builtin/callChainAction",
      "parameters": {
        "id": "getUserActiosCountHomeonLoad",
        "params": {
          "runCount": "{{ $variables.runCount + 1 }}"
        }
      }
    }
  },
  "variables": {
    "runCount": {
      "type": "number",
      "defaultValue": 1,
      "input": "fromCaller"
    }
  }
}