{
  "description": "",
  "root": "callFunctionTestNotif",
  "actions": {
    "if": {
      "module": "vb/action/builtin/ifAction",
      "parameters": {
        "condition": "[[ $variables.count > 0 ]]"
      },
      "outcomes": {
        "true": "navigateToMainStart"
      }
    },
    "navigateToMainStart": {
      "module": "vb/action/builtin/navigateAction",
      "parameters": {
        "page": "main-start",
        "params": {
          "budget_type_id": "{{ $page.variables.currentBudgetType }}",
          "search_category": "NOTIFICATION",
          "searchProjNum": "-1",
          "status": "{{ $chain.results.callFunctionTestNotif }}"
        }
      }
    },
    "callFunctionTestNotif": {
      "module": "vb/action/builtin/callModuleFunctionAction",
      "parameters": {
        "module": "[[ $functions ]]",
        "functionName": "testNotif",
        "params": [
          "{{ $variables.category }}"
        ]
      },
      "outcomes": {
        "success": "if"
      }
    }
  },
  "variables": {
    "category": {
      "type": "string",
      "required": false,
      "input": "fromCaller"
    },
    "count": {
      "type": "number",
      "required": false,
      "input": "fromCaller"
    },
    "detail": {
      "required": true,
      "type": "any",
      "input": "fromCaller"
    }
  }
}