{
  "root": "callRestGetallEnvConfig",
  "description": "",
  "actions": {
    "runInParallel": {
      "module": "vb/action/builtin/forkAction",
      "parameters": {
        "actions": {
          "callRestGetPeriodBasedProjectList": "callChainGetPeriodBasedProjListHomeonLoad",
          "callFunction": "callChainGetProjBudTypesHome",
          "callRestGetControllingBudgetTotal": "callChainGetBudControlTotalHomeOnLoad",
          "callRest": "callChainGetUserActiosCountHomeonLoad",
          "callChain": "callChainGetProjStatusDetailsHomeOnLoad"
        }
      },
      "outcomes": {
        "join": "assignVariablesSelectedBudgetTypeName"
      }
    },
    "if5": {
      "module": "vb/action/builtin/ifAction",
      "parameters": {
        "condition": "[[ $application.variables.fyADP.data.length ]]"
      },
      "outcomes": {
        "true": "fireDataProviderEvent7",
        "false": "if6"
      }
    },
    "fireDataProviderEvent7": {
      "module": "vb/action/builtin/fireDataProviderEventAction",
      "parameters": {
        "remove": {
          "data": "{{ $application.variables.fyADP.data }}"
        },
        "target": "[[ $application.variables.fyADP ]]"
      },
      "outcomes": {
        "success": "if6"
      }
    },
    "if6": {
      "module": "vb/action/builtin/ifAction",
      "parameters": {
        "condition": "[[ $chain.results.callFunctionInitFYArray2.length ]]"
      },
      "outcomes": {
        "true": "fireDataProviderEvent8",
        "false": "callFunctionShowLoading"
      }
    },
    "fireDataProviderEvent8": {
      "module": "vb/action/builtin/fireDataProviderEventAction",
      "parameters": {
        "target": "[[ $application.variables.fyADP ]]",
        "add": {
          "data": "{{ $chain.results.callFunctionInitFYArray2 }}"
        }
      },
      "outcomes": {
        "success": "callFunctionInitFYAddAllYear"
      }
    },
    "assignVariables2": {
      "module": "vb/action/builtin/assignVariablesAction",
      "parameters": {
        "$page.variables.selectedTabItem": {
          "source": "{{ $application.variables.fyADP.data[0].fy_name }}"
        }
      },
      "outcomes": {
        "success": "callFunctionGetBudgetAndPeriodBasedProjectList"
      }
    },
    "callFunctionInitFYArray2": {
      "module": "vb/action/builtin/callModuleFunctionAction",
      "parameters": {
        "module": "[[ $application.functions ]]",
        "functionName": "initFYArray"
      },
      "outcomes": {
        "success": "if5"
      }
    },
    "callComponentListviewthreeRefresh": {
      "module": "vb/action/builtin/callComponentMethodAction",
      "parameters": {
        "component": "{{ document.getElementById('listviewthree') }}",
        "method": "refresh"
      },
      "outcomes": {
        "success": "callComponentBudgetChartRefresh"
      }
    },
    "callFunctionInitFYAddAllYear": {
      "module": "vb/action/builtin/callModuleFunctionAction",
      "parameters": {
        "module": "[[ $functions ]]",
        "functionName": "initFYAddAllYear",
        "params": [
          "{{ $application.variables.fyADP.data }}"
        ]
      },
      "outcomes": {
        "success": "ifNewFyADP"
      }
    },
    "assignVariablesSelectedBudgetTypeName": {
      "module": "vb/action/builtin/assignVariablesAction",
      "parameters": {
        "$page.variables.selectedBudgetTypeName": {
          "source": "{{ $page.variables.selectedBudgetType.label }}"
        }
      },
      "outcomes": {
        "success": "assignVariables2"
      }
    },
    "callComponentProjectStatuslistIDRefresh2": {
      "module": "vb/action/builtin/callComponentMethodAction",
      "parameters": {
        "component": "{{ document.getElementById('projectStatuslistID') }}",
        "method": "refresh"
      },
      "outcomes": {
        "success": "callComponentListviewthreeRefresh"
      }
    },
    "callFunctionShowComponents": {
      "module": "vb/action/builtin/callModuleFunctionAction",
      "parameters": {
        "module": "[[ $functions ]]",
        "functionName": "showComponents"
      },
      "outcomes": {
        "success": "callComponentProjectStatuslistIDRefresh2"
      }
    },
    "callComponentBudgetChartRefresh": {
      "module": "vb/action/builtin/callComponentMethodAction",
      "parameters": {
        "component": "{{ document.getElementById('budget-chart') }}",
        "method": "refresh"
      },
      "outcomes": {
        "success": "callFunctionHideLoading"
      }
    },
    "fireNotification6": {
      "module": "vb/action/builtin/fireNotificationEventAction",
      "parameters": {
        "target": "leaf",
        "summary": "[[ $chain.results.callRestGetUserAccessActionAllowed.message.summary ]]",
        "type": "error",
        "displayMode": "persist"
      },
      "outcomes": {
        "success": "callFunctionHideLoading6"
      }
    },
    "callRestGetUserAccessActionAllowed": {
      "module": "vb/action/builtin/restAction",
      "parameters": {
        "endpoint": "ordsBtftapp/getUser_accessAction_allowed",
        "uriParams": {
          "page_name": "{{ $application.currentPage.id }}",
          "user_name": "{{ $application.user.username }}"
        }
      },
      "outcomes": {
        "failure": "fireNotification6",
        "success": "if9"
      }
    },
    "callFunctionHideLoading6": {
      "module": "vb/action/builtin/callModuleFunctionAction",
      "parameters": {
        "module": "[[ $application.functions ]]",
        "functionName": "hideLoading"
      }
    },
    "if9": {
      "module": "vb/action/builtin/ifAction",
      "parameters": {
        "condition": "[[ $chain.results.callRestGetUserAccessActionAllowed.body.items.length ]]"
      },
      "outcomes": {
        "true": "callRestGetUserAccessAdminAccess2",
        "false": "assignVariablesPageAccess"
      }
    },
    "callFunctionHideLoading7": {
      "module": "vb/action/builtin/callModuleFunctionAction",
      "parameters": {
        "module": "[[ $application.functions ]]",
        "functionName": "hideLoading"
      }
    },
    "assignVariablesPageAccess": {
      "module": "vb/action/builtin/assignVariablesAction",
      "parameters": {
        "$page.variables.pageAccess": {
          "source": false
        }
      },
      "outcomes": {
        "success": "callFunctionHideLoading7"
      }
    },
    "ifNewFyADP": {
      "module": "vb/action/builtin/ifAction",
      "parameters": {
        "condition": "[[ $page.variables.newFyADP.data.length ]]"
      },
      "outcomes": {
        "true": "fireDataProviderEventNewFyADP",
        "false": "fireDataProviderEventNewFyADP2"
      }
    },
    "fireDataProviderEventNewFyADP": {
      "module": "vb/action/builtin/fireDataProviderEventAction",
      "parameters": {
        "remove": {
          "data": "{{ $page.variables.newFyADP.data }}"
        },
        "target": "[[ $page.variables.newFyADP ]]"
      },
      "outcomes": {
        "success": "fireDataProviderEventNewFyADP2"
      }
    },
    "fireDataProviderEventNewFyADP2": {
      "module": "vb/action/builtin/fireDataProviderEventAction",
      "parameters": {
        "target": "[[ $page.variables.newFyADP ]]",
        "add": {
          "data": "{{ $chain.results.callFunctionInitFYAddAllYear.data }}"
        }
      },
      "outcomes": {
        "success": "callFunctionShowLoading"
      }
    },
    "callChainGetProjBudTypesHome": {
      "module": "vb/action/builtin/callChainAction",
      "parameters": {
        "id": "getProjBudTypesHome"
      }
    },
    "fireNotification": {
      "module": "vb/action/builtin/fireNotificationEventAction",
      "parameters": {
        "target": "leaf",
        "summary": "[[ $chain.results.callRestGetallEnvConfig.message.summary ]]",
        "type": "error",
        "displayMode": "persist"
      },
      "outcomes": {
        "success": "callFunctionInitFYArray2"
      }
    },
    "callRestGetallEnvConfig": {
      "module": "vb/action/builtin/restAction",
      "parameters": {
        "endpoint": "businessObjects/getall_EnvConfig",
        "uriParams": {
          "q": "fieldName='globalConf'"
        }
      },
      "outcomes": {
        "failure": "fireNotification",
        "success": "assignVariablesConfigVal"
      }
    },
    "assignVariablesConfigVal": {
      "module": "vb/action/builtin/assignVariablesAction",
      "parameters": {
        "$application.variables.configVal": {
          "source": "{{ JSON.parse($chain.results.callRestGetallEnvConfig.body.items[0].fieldValue) }}",
          "auto": "always"
        },
        "$page.variables.budgetTypeClicked": {
          "source": false
        },
        "$page.variables.yearTabClicked": {
          "source": false
        }
      },
      "outcomes": {
        "success": "callFunctionInitFYArray2"
      }
    },
    "navigateToMainStart": {
      "module": "vb/action/builtin/navigateAction",
      "parameters": {
        "page": "main-start",
        "params": {
          "searchProjNum": "{{ $chain.results.callFunctionConvertCombinations }}"
        }
      }
    },
    "assignVariablesComingFromShell": {
      "module": "vb/action/builtin/assignVariablesAction",
      "parameters": {
        "$application.variables.comingFromShell": {
          "source": false
        }
      },
      "outcomes": {
        "success": "callFunctionConvertCombinations"
      }
    },
    "callFunctionConvertCombinations": {
      "module": "vb/action/builtin/callModuleFunctionAction",
      "parameters": {
        "module": "[[ $functions ]]",
        "functionName": "convertCombinations",
        "params": [
          "{{ $application.variables.searchContextADP.data }}"
        ]
      },
      "outcomes": {
        "success": "navigateToMainStart"
      }
    },
    "ifComingFromShell": {
      "module": "vb/action/builtin/ifAction",
      "parameters": {
        "condition": "[[ $application.variables.comingFromShell ]]"
      },
      "outcomes": {
        "true": "assignVariablesComingFromShell",
        "false": "runInParallel"
      }
    },
    "callChainGetProjStatusDetailsHomeOnLoad": {
      "module": "vb/action/builtin/callChainAction",
      "parameters": {
        "id": "getProjStatusDetailsHomeOnLoad"
      }
    },
    "callChainGetPeriodBasedProjListHomeonLoad": {
      "module": "vb/action/builtin/callChainAction",
      "parameters": {
        "id": "getPeriodBasedProjListHomeonLoad"
      }
    },
    "callFunctionGetBudgetAndPeriodBasedProjectList": {
      "module": "vb/action/builtin/callModuleFunctionAction",
      "parameters": {
        "module": "[[ $functions ]]",
        "functionName": "getBudgetAndPeriodBasedProjectList",
        "params": [
          "{{ $page.variables.selectedBudgetTypeName }}",
          "{{ $page.variables.selectedTabItem }}",
          "{{ $page.variables.getPeriodAmtList }}",
          "{{ $page.variables.getProjectStatusList.data }}",
          "{{ $application.variables.configVal.budgetTypes }}"
        ]
      },
      "outcomes": {
        "success": "assignVariablesBudgetBasedProjectStatusList"
      }
    },
    "assignVariablesBudgetBasedProjectStatusList": {
      "module": "vb/action/builtin/assignVariablesAction",
      "parameters": {
        "$page.variables.budgetBasedProjectStatusList": {
          "source": {
            "data": "{{ $chain.results.callFunctionGetBudgetAndPeriodBasedProjectList.status_data }}"
          },
          "reset": "none",
          "auto": "always"
        },
        "$page.variables.getOnePeriodAmtList": {
          "source": {
            "data": "{{ $chain.results.callFunctionGetBudgetAndPeriodBasedProjectList.data }}"
          },
          "reset": "none",
          "auto": "always"
        },
        "$page.variables.selectedFYApprovedTotal": {
          "source": {
            "amount": "{{ $chain.results.callFunctionGetBudgetAndPeriodBasedProjectList.total_controlling_amount }}",
            "exists": "{{ $chain.results.callFunctionGetBudgetAndPeriodBasedProjectList.approvedBudgetExists }}"
          },
          "reset": "none",
          "auto": "always"
        },
        "$page.variables.selectedFYContractTotal": {
          "source": {
            "amount": "$chain.results.callFunctionGetBudgetAndPeriodBasedProjectList.total_contract_amount",
            "exists": "{{ $chain.results.callFunctionGetBudgetAndPeriodBasedProjectList.contractBudgetExists }}"
          },
          "reset": "none",
          "auto": "always"
        },
        "$page.variables.selectedFYForecastTotal": {
          "source": {
            "amount": "{{ $chain.results.callFunctionGetBudgetAndPeriodBasedProjectList.total_forecast_amount }}",
            "exists": "{{ $chain.results.callFunctionGetBudgetAndPeriodBasedProjectList.forecastBudgetExists }}"
          },
          "reset": "none",
          "auto": "always"
        }
      },
      "outcomes": {
        "success": "callFunctionShowComponents"
      }
    },
    "callFunctionHideLoading": {
      "module": "vb/action/builtin/callModuleFunctionAction",
      "parameters": {
        "module": "[[ $application.functions ]]",
        "functionName": "hideLoading"
      }
    },
    "callChainGetUserActiosCountHomeonLoad": {
      "module": "vb/action/builtin/callChainAction",
      "parameters": {
        "id": "getUserActiosCountHomeonLoad"
      },
      "outcomes": {
        "success": "callChainGetNotificationsCountHomeOnLoad"
      }
    },
    "callChainGetNotificationsCountHomeOnLoad": {
      "module": "vb/action/builtin/callChainAction",
      "parameters": {
        "id": "getNotificationsCountHomeOnLoad"
      }
    },
    "callChainGetBudControlTotalHomeOnLoad": {
      "module": "vb/action/builtin/callChainAction",
      "parameters": {
        "id": "getBudControlTotalHomeOnLoad"
      }
    },
    "callFunctionShowLoading": {
      "module": "vb/action/builtin/callModuleFunctionAction",
      "parameters": {
        "module": "[[ $application.functions ]]",
        "functionName": "showLoading"
      },
      "outcomes": {
        "success": "callRestGetUserAccessActionAllowed"
      }
    },
    "fireNotification2": {
      "module": "vb/action/builtin/fireNotificationEventAction",
      "parameters": {
        "target": "leaf",
        "summary": "[[ $chain.results.callRestGetUserAccessAdminAccess2.message.summary ]]",
        "type": "error",
        "displayMode": "persist"
      }
    },
    "callRestGetUserAccessAdminAccess2": {
      "module": "vb/action/builtin/restAction",
      "parameters": {
        "endpoint": "ordsBtftapp/getUser_accessAdmin_access2",
        "uriParams": {
          "user_name": "{{ $application.user.username }}"
        }
      },
      "outcomes": {
        "success": "assignVariablesPageAccess2",
        "failure": "fireNotification2"
      }
    },
    "assignVariablesPageAccess2": {
      "module": "vb/action/builtin/assignVariablesAction",
      "parameters": {
        "$page.variables.pageAccess": {
          "source": true
        },
        "$application.variables.appAccess": {
          "source": true
        },
        "$application.variables.adminAccess": {
          "source": "{{ $chain.results.callRestGetUserAccessAdminAccess2.body.items[0].access_allowed }}"
        }
      },
      "outcomes": {
        "success": "ifComingFromShell"
      }
    }
    
  }
}