{
  "description": "",
  "variables": {
    "detail": {
      "required": true,
      "type": "any",
      "input": "fromCaller"
    },
    "key": {
      "required": true,
      "type": "any",
      "input": "fromCaller"
    },
    "index": {
      "required": true,
      "type": "number",
      "input": "fromCaller"
    },
    "current": {
      "required": true,
      "type": "any",
      "input": "fromCaller"
    }
  },
  "root": "switchCurrentBudgetType",
  "actions": {
    "assignVariablesIsPerformMode": {
      "module": "vb/action/builtin/assignVariablesAction",
      "parameters": {
        "$application.variables.isPerformMode": {
          "source": true
        }
      },
      "outcomes": {
        "success": "navigateToMainProjectbudgeting2"
      }
    },
    "switchCurrentBudgetType": {
      "module": "vb/action/builtin/switchAction",
      "parameters": {
        "caseValue": "[[ $page.variables.currentBudgetType ]]",
        "possibleValues": [
          "1",
          "2",
          "3"
        ]
      },
      "outcomes": {
        "1": "assignVariablesIsPerformMode",
        "2": "navigateToMainProjectForecast2",
        "3": "navigateToMainProjectContract"
      }
    },
    "navigateToMainProjectForecast2": {
      "module": "vb/action/builtin/navigateAction",
      "@dt": {
        "targetType": "page"
      },
      "parameters": {
        "page": "main-project-forecast",
        "params": {
          "sub_project_number": "{{ $variables.current.data.proj_number }}"
        }
      }
    },
    "navigateToMainProjectbudgeting2": {
      "module": "vb/action/builtin/navigateAction",
      "parameters": {
        "page": "main-projectbudgeting",
        "params": {
          "subProjNum": "{{ $variables.current.data.proj_number }}"
        }
      }
    },
    "navigateToMainProjectContract": {
      "module": "vb/action/builtin/navigateAction",
      "parameters": {
        "page": "main-project-contract",
        "params": {
          "sub_project_number": "{{ $variables.current.data.proj_number }}"
        }
      }
    }
  }
}