{
  "root": "callComponentBudgetChartGetContextByNode",
  "description": "",
  "variables": {},
  "actions": {
    "callChainCheckIfBudgetChartRender": {
      "module": "vb/action/builtin/callChainAction",
      "parameters": {
        "id": "checkIfBudgetChartRender"
      }
    },
    "callComponentBudgetChartGetContextByNode": {
      "module": "vb/action/builtin/callComponentMethodAction",
      "parameters": {
        "component": "{{ document.getElementById('budget-chart') }}",
        "method": "getContextByNode"
      },
      "outcomes": {
        "success": "assignVariablesBudgetChartComponent"
      }
    },
    "callFunctionPrintObject": {
      "module": "vb/action/builtin/callModuleFunctionAction",
      "parameters": {
        "module": "[[ $application.functions ]]",
        "functionName": "printObject",
        "params": [
          "{{ $chain.results.callComponentBudgetChartGetContextByNode }}",
          "budget chart get context by node caught you!!!"
        ]
      },
      "outcomes": {
        "success": "callChainCheckIfBudgetChartRender"
      }
    },
    "assignVariablesBudgetChartComponent": {
      "module": "vb/action/builtin/assignVariablesAction",
      "parameters": {
        "$page.variables.budgetChartComponent": {
          "source": "{{ $chain.results.callComponentBudgetChartGetContextByNode }}"
        }
      },
      "outcomes": {
        "success": "callFunctionPrintObject"
      }
    }
  }
}