{
  "description": "",
  "root": "ifYearTabClicked",
  "actions": {
    "assignVariables": {
      "module": "vb/action/builtin/assignVariablesAction",
      "parameters": {
        "$page.variables.selectedTab": {
          "source": "{{ $variables.selection }}"
        }
      },
      "outcomes": {
        "success": "callFunctionGetBudgetAndPeriodBasedProjectList"
      }
    },
    "assignVariablesGetOnePeriodAmtList": {
      "module": "vb/action/builtin/assignVariablesAction",
      "parameters": {
        "$page.variables.getOnePeriodAmtList": {
          "source": {
            "data": "{{ $chain.results.callFunctionGetBudgetAndPeriodBasedProjectList.data }}"
          },
          "reset": "empty",
          "auto": "always",
          "mapping": {
            "$target.data": {
              "source": "$source.data",
              "reset": "empty"
            }
          }
        },
        "$page.variables.selectedFYApprovedTotal": {
          "source": {
            "amount": "{{ $chain.results.callFunctionGetBudgetAndPeriodBasedProjectList.total_controlling_amount }}",
            "exists": "{{ $chain.results.callFunctionGetBudgetAndPeriodBasedProjectList.approvedBudgetExists }}"
          },
          "reset": "none",
          "auto": "always"
        },
        "$page.variables.selectedFYContractTotal": {
          "source": {
            "amount": "{{ $chain.results.callFunctionGetBudgetAndPeriodBasedProjectList.total_contract_amount }}",
            "exists": "{{ $chain.results.callFunctionGetBudgetAndPeriodBasedProjectList.contractBudgetExists }}"
          },
          "reset": "none",
          "auto": "always"
        },
        "$page.variables.selectedFYForecastTotal": {
          "source": {
            "amount": "{{ $chain.results.callFunctionGetBudgetAndPeriodBasedProjectList.total_forecast_amount }}",
            "exists": "{{ $chain.results.callFunctionGetBudgetAndPeriodBasedProjectList.forecastBudgetExists }}"
          },
          "reset": "none",
          "auto": "always"
        }
      },
      "outcomes": {
        "success": "callComponentListviewthreeRefresh"
      }
    },
    "callFunctionGetBudgetAndPeriodBasedProjectList": {
      "module": "vb/action/builtin/callModuleFunctionAction",
      "parameters": {
        "module": "[[ $functions ]]",
        "functionName": "getBudgetAndPeriodBasedProjectList",
        "params": [
          "{{ $page.variables.selectedBudgetType.label }}",
          "{{ $variables.selection }}",
          "{{ $page.variables.getPeriodAmtList }}",
          "{{ $page.variables.getProjectStatusList.data }}",
          "{{ $application.variables.configVal.budgetTypes }}"
        ]
      },
      "outcomes": {
        "success": "callFunctionPrintObject"
      }
    },
    "callFunctionPrintObject": {
      "module": "vb/action/builtin/callModuleFunctionAction",
      "parameters": {
        "module": "[[ $application.functions ]]",
        "functionName": "printObject",
        "params": [
          "{{ $chain.results.callFunctionGetBudgetAndPeriodBasedProjectList }}",
          "period tab bar changed!!!"
        ]
      },
      "outcomes": {
        "success": "assignVariablesGetOnePeriodAmtList"
      }
    },
    "callComponentListviewthreeRefresh": {
      "module": "vb/action/builtin/callComponentMethodAction",
      "parameters": {
        "component": "{{ document.getElementById('listviewthree') }}",
        "method": "refresh"
      },
      "outcomes": {
        "success": "assignVariablesYearTabClicked"
      }
    },
    "ifYearTabClicked": {
      "module": "vb/action/builtin/ifAction",
      "parameters": {
        "condition": "[[ $page.variables.yearTabClicked ]]"
      },
      "outcomes": {
        "true": "assignVariables"
      }
    },
    "assignVariablesYearTabClicked": {
      "module": "vb/action/builtin/assignVariablesAction",
      "parameters": {
        "$page.variables.yearTabClicked": {
          "source": false
        }
      }
    }
  },
  "variables": {
    "selection": {
      "required": true,
      "type": "any",
      "input": "fromCaller"
    }
  }
}