{
  "description": "",
  "variables": {
    "category": {
      "required": false,
      "type": "string",
      "input": "fromCaller"
    },
    "count": {
      "required": false,
      "type": "number",
      "input": "fromCaller"
    },
    "detail": {
      "required": true,
      "type": "any",
      "input": "fromCaller"
    },
    "transaction_type": {
      "type": "string",
      "required": false,
      "input": "fromCaller"
    }
  },
  "root": "if",
  "actions": {
    "navigateToMainStart": {
      "module": "vb/action/builtin/navigateAction",
      "parameters": {
        "page": "main-start",
        "params": {
          "search_category": "-1",
          "status": "-1",
          "searchProjNum": "0",
          "budget_type_id": "{{ $variables.category }}",
          "transaction_type": "{{ $variables.transaction_type }}"
        }
      }
    },
    "if": {
      "module": "vb/action/builtin/ifAction",
      "parameters": {
        "condition": "[[ $variables.count > 0 ]]"
      },
      "outcomes": {
        "true": "callFunctionSetProjectList"
      }
    },
    "callFunctionSetProjectList": {
      "module": "vb/action/builtin/callModuleFunctionAction",
      "parameters": {
        "module": "[[ $functions ]]",
        "functionName": "setProjectList",
        "params": [
          "{{ $page.variables.getProjectStatusList.data }}",
          "{{ $variables.category }}"
        ]
      },
      "outcomes": {
        "success": "callFunctionPrintObject"
      }
    },
    "callFunctionPrintObject": {
      "module": "vb/action/builtin/callModuleFunctionAction",
      "parameters": {
        "module": "[[ $application.functions ]]",
        "functionName": "printObject",
        "params": [
          "{{ $chain.results.callFunctionSetProjectList }}",
          "all projects list"
        ]
      },
      "outcomes": {
        "success": "navigateToMainStart"
      }
    }
  }
}