{
    "items": [
        {
            "function_id": 1,
            "name": "Notifications",
            "nevigation_path": "shell/main/main-notifications",
            "enabled": "Y",
            "image_path": "resources/images/signal-stream.svg"
        },
        {
            "function_id": 2,
            "name": "Action List",
            "nevigation_path": "shell/main/main-start",
            "enabled": "Y",
            "image_path": "resources/images/Rocket.svg"
        },
        {
            "function_id": 3,
            "name": "Controlling Budget",
            "nevigation_path": "shell/main/main-start",
            "enabled": "Y",
            "image_path": "resources/images/wallet.svg"
        }
    ],
    "hasMore": false,
    "limit": 25,
    "offset": 0,
    "count": 3,
    "links": [
        {
            "rel": "self",
            "href": "https://coq4hi5ehnacuc6-dotvicadwdev.adb.ap-sydney-1.oraclecloudapps.com/ords/btftapp_db/ProjectSearch/menu_functions"
        },
        {
            "rel": "describedby",
            "href": "https://coq4hi5ehnacuc6-dotvicadwdev.adb.ap-sydney-1.oraclecloudapps.com/ords/btftapp_db/metadata-catalog/ProjectSearch/item"
        },
        {
            "rel": "first",
            "href": "https://coq4hi5ehnacuc6-dotvicadwdev.adb.ap-sydney-1.oraclecloudapps.com/ords/btftapp_db/ProjectSearch/menu_functions"
        }
    ]
}