{
  "description": "",
  "root": "callFunctionPrintLog",
  "actions": {
    "fireNotification": {
      "module": "vb/action/builtin/fireNotificationEventAction",
      "parameters": {
        "target": "leaf",
        "summary": "[[ $chain.results.callRestGetProjectSearchCompareReports.message.summary ]]",
        "type": "error",
        "displayMode": "persist"
      },
      "outcomes": {
        "success": "callFunctionHideLoading"
      }
    },
    "callRestGetProjectSearchCompareReports": {
      "module": "vb/action/builtin/restAction",
      "parameters": {
        "endpoint": "ordsBtftapp/getProjectSearchCompare_reports",
        "headers": {
          "authority_code": "{{ $page.variables.selectedAuthCode == undefined ? -1 : $page.variables.selectedAuthCode }}",
          "costcentre_code": "{{ $page.variables.selectedCostCentreCode == undefined ? -1 : $page.variables.selectedCostCentreCode }}",
          "initiative_code": "{{ $page.variables.selectedInitCode == undefined ? -1 : $page.variables.selectedInitCode }}",
          "project_code": "{{ $page.variables.selectedProj == undefined ? -1 : $page.variables.selectedProj }}"
        },
        "uriParams": {
          "authority_code": "{{ $page.variables.selectedAuthCode == undefined ? -1 : $page.variables.selectedAuthCode }}",
          "costcentre_code": "{{ $page.variables.selectedCostCentreCode == undefined ? -1 : $page.variables.selectedCostCentreCode }}",
          "initiative_code": "{{ $page.variables.selectedInitCode == undefined ? -1 : $page.variables.selectedInitCode }}",
          "project_code": "{{ $page.variables.selectedProj == undefined ? -1 : $page.variables.selectedProj }}"
        }
      },
      "outcomes": {
        "failure": "fireNotification",
        "success": "callFunctionFormatReportData"
      }
    },
    "callFunctionFormatReportData": {
      "module": "vb/action/builtin/callModuleFunctionAction",
      "parameters": {
        "module": "[[ $functions ]]",
        "functionName": "formatReportData",
        "params": [
          "{{ $chain.results.callRestGetProjectSearchCompareReports.body.items }}",
          "{{ $page.variables.selBudgetTypeByDefault }}",
          "{{ $page.variables.selectedType }}",
          "{{ $page.variables.codeDescObj }}",
          "{{ $page.variables.budgetTypeObj }}"
        ]
      },
      "outcomes": {
        "success": "assignVariablesReportDataArr3"
      }
    },
    "fireNotification3": {
      "module": "vb/action/builtin/fireNotificationEventAction",
      "parameters": {
        "target": "leaf",
        "summary": "[[ $chain.results.callRestGetProjectSearchCompareReportsForecast.message.summary ]]",
        "type": "error",
        "displayMode": "persist"
      },
      "outcomes": {
        "success": "callFunctionHideLoading2"
      }
    },
    "callRestGetProjectSearchCompareReportsForecast": {
      "module": "vb/action/builtin/restAction",
      "parameters": {
        "endpoint": "ordsBtftapp/getProjectSearchCompareReportsForecast",
        "headers": {
          "authority_code": "{{ $page.variables.selectedAuthCode == undefined ? -1 : $page.variables.selectedAuthCode }}",
          "costcentre_code": "{{ $page.variables.selectedCostCentreCode == undefined ? -1 : $page.variables.selectedCostCentreCode }}",
          "initiative_code": "{{ $page.variables.selectedInitCode == undefined ? -1 : $page.variables.selectedInitCode }}",
          "project_code": "{{ $page.variables.selectedProj == undefined ? -1 : $page.variables.selectedProj }}"
        }
      },
      "outcomes": {
        "failure": "fireNotification3",
        "success": "callFunctionFormatReportData2"
      }
    },
    "callFunctionFormatReportData2": {
      "module": "vb/action/builtin/callModuleFunctionAction",
      "parameters": {
        "module": "[[ $functions ]]",
        "functionName": "formatReportData",
        "params": [
          "{{ $chain.results.callRestGetProjectSearchCompareReportsForecast.body.items }}",
          "$page.variables.selBudgetTypeByDefault",
          "{{ $page.variables.selectedType }}",
          "{{ $page.variables.codeDescObj }}",
          "{{ $page.variables.budgetTypeObj }}"
        ]
      },
      "outcomes": {
        "success": "callFunctionPrintLog5"
      }
    },
    "callFunctionPrintLog5": {
      "module": "vb/action/builtin/callModuleFunctionAction",
      "parameters": {
        "module": "[[ $functions ]]",
        "functionName": "printLog",
        "params": [
          "{{ $page.variables.displayType }}"
        ]
      },
      "outcomes": {
        "success": "assignVariablesReportDataArr"
      }
    },
    "callFunctionShowLoading": {
      "module": "vb/action/builtin/callModuleFunctionAction",
      "parameters": {
        "module": "[[ $application.functions ]]",
        "functionName": "showLoading"
      },
      "outcomes": {
        "success": "callRestGetProjectSearchCompareReports"
      }
    },
    "callFunctionHideLoading": {
      "module": "vb/action/builtin/callModuleFunctionAction",
      "parameters": {
        "module": "[[ $application.functions ]]",
        "functionName": "hideLoading"
      }
    },
    "callFunctionHideLoading2": {
      "module": "vb/action/builtin/callModuleFunctionAction",
      "parameters": {
        "module": "[[ $application.functions ]]",
        "functionName": "hideLoading"
      }
    },
    "callFunctionHideLoading3": {
      "module": "vb/action/builtin/callModuleFunctionAction",
      "parameters": {
        "module": "[[ $application.functions ]]",
        "functionName": "hideLoading"
      }
    },
    "callFunctionHideLoading4": {
      "module": "vb/action/builtin/callModuleFunctionAction",
      "parameters": {
        "module": "[[ $application.functions ]]",
        "functionName": "hideLoading"
      },
      "outcomes": {}
    },
    "callFunctionShowLoading2": {
      "module": "vb/action/builtin/callModuleFunctionAction",
      "parameters": {
        "module": "[[ $application.functions ]]",
        "functionName": "showLoading"
      },
      "outcomes": {
        "success": "callRestGetProjectSearchCompareReportsForecast"
      }
    },
    "assignVariablesReportDataArr": {
      "module": "vb/action/builtin/assignVariablesAction",
      "parameters": {
        "$page.variables.reportDataArr": {
          "source": "{{ $chain.results.callFunctionFormatReportData2.mainData }}"
        },
        "$page.variables.mainReportData": {
          "source": "{{ $chain.results.callFunctionFormatReportData2.mainData }}"
        },
        "$page.variables.diffReportData": {
          "source": "{{ $chain.results.callFunctionFormatReportData2.diffData }}"
        },
        "$page.variables.pagingDataProvider": {
          "source": "{{ $chain.results.callFunctionFormatReportData2.pagingDataProv }}"
        }
      },
      "outcomes": {
        "success": "callFunctionExportData2"
      }
    },
    "assignVariablesReportDataArr3": {
      "module": "vb/action/builtin/assignVariablesAction",
      "parameters": {
        "$page.variables.reportDataArr": {
          "source": "{{ $chain.results.callFunctionFormatReportData.mainData }}"
        },
        "$page.variables.mainReportData": {
          "source": "{{ $chain.results.callFunctionFormatReportData.mainData }}"
        },
        "$page.variables.diffReportData": {
          "source": "{{ $chain.results.callFunctionFormatReportData.diffData }}"
        },
        "$page.variables.pagingDataProvider": {
          "source": "{{ $chain.results.callFunctionFormatReportData.pagingDataProv }}"
        }
      },
      "outcomes": {
        "success": "callFunctionExportData"
      }
    },
    "callFunctionExportData": {
      "module": "vb/action/builtin/callModuleFunctionAction",
      "parameters": {
        "module": "[[ $functions ]]",
        "functionName": "exportData",
        "params": [
          "{{ $page.variables.reportDataArr }}",
          "{{ $application.variables.configVal.csvHeaderLabels }}",
          "{{ $page.variables.selectedType }}",
          "{{ $application.variables.configVal.budgetTypes }}"
        ]
      },
      "outcomes": {
        "success": "assignVariablesExportData"
      }
    },
    "assignVariablesExportData": {
      "module": "vb/action/builtin/assignVariablesAction",
      "parameters": {
        "$page.variables.exportData": {
          "source": "{{ $chain.results.callFunctionExportData }}"
        }
      },
      "outcomes": {
        "success": "callFunctionHideLoading4"
      }
    },
    "callFunctionExportData2": {
      "module": "vb/action/builtin/callModuleFunctionAction",
      "parameters": {
        "module": "[[ $functions ]]",
        "functionName": "exportData",
        "params": [
          "{{ $page.variables.reportDataArr }}",
          "{{ $application.variables.configVal.csvHeaderLabels }}",
          "{{ $page.variables.selectedType }}",
          "{{ $application.variables.configVal.budgetTypes }}"
        ]
      },
      "outcomes": {
        "success": "assignVariablesExportData2"
      }
    },
    "switchSelectedType": {
      "module": "vb/action/builtin/switchAction",
      "parameters": {
        "caseValue": "[[ $page.variables.selectedType ]]",
        "possibleValues": [
          "1",
          "2"
        ]
      },
      "outcomes": {
        "1": "callFunctionShowLoading",
        "2": "callFunctionShowLoading2"
      }
    },
    "callFunctionPrintLog": {
      "module": "vb/action/builtin/callModuleFunctionAction",
      "parameters": {
        "module": "[[ $functions ]]",
        "functionName": "printLog",
        "params": [
          "{{ $page.variables.selBudgetType }}",
          "{{ $page.variables.selectedType }}"
        ]
      },
      "outcomes": {
        "success": "switchSelectedType"
      }
    },
    "assignVariablesExportData2": {
      "module": "vb/action/builtin/assignVariablesAction",
      "parameters": {
        "$page.variables.exportData": {
          "source": "{{ $chain.results.callFunctionExportData2 }}"
        }
      },
      "outcomes": {
        "success": "callFunctionHideLoading3"
      }
    }
  },
  "variables": {}
}