{
  "description": "",
  "root": "callFunctionShowLoading",
  "actions": {
    "callFunctionShowLoading": {
      "module": "vb/action/builtin/callModuleFunctionAction",
      "parameters": {
        "module": "[[ $application.functions ]]",
        "functionName": "showLoading"
      },
      "outcomes": {
        "success": "callFunctionGetTaskData"
      }
    },
    "callFunctionGetTaskData": {
      "module": "vb/action/builtin/callModuleFunctionAction",
      "parameters": {
        "module": "[[ $functions ]]",
        "functionName": "getTaskData",
        "params": [
          "{{ $variables.dataObj }}",
          "{{ $variables.id }}"
        ]
      },
      "outcomes": {
        "success": "callFunctionHideLoading"
      }
    },
    "callFunctionHideLoading": {
      "module": "vb/action/builtin/callModuleFunctionAction",
      "parameters": {
        "module": "[[ $application.functions ]]",
        "functionName": "hideLoading"
      }
    }
  },
  "variables": {
    "dataObj": {
      "type": "string",
      "required": false,
      "input": "fromCaller"
    },
    "expanded": {
      "required": true,
      "type": "any",
      "input": "fromCaller"
    },
    "id": {
      "type": "string",
      "required": false,
      "input": "fromCaller"
    }
  }
}