{
  "root": "callRestGetUserAccessActionAllowed",
  "description": "",
  "variables": {},
  "actions": {
    "runInParallel": {
      "module": "vb/action/builtin/forkAction",
      "parameters": {
        "actions": {
          "callRest": "callFunctionShowLoading",
          "callRestGetCommonGetPastBasePeriodCodes": "callRestGetProjectSearchGetBudgetTypes",
          "callRestGetCommonGetPastBasePeriodCodes2": "callRestGetCommonGetPastBasePeriodCodes2"
        }
      },
      "outcomes": {
        "join": "callComponentBudgettypeRefresh"
      }
    },
    "fireNotification": {
      "module": "vb/action/builtin/fireNotificationEventAction",
      "parameters": {
        "target": "leaf",
        "summary": "[[ $chain.results.callRestGetProjectSearchGetBudgetTypes.message.summary ]]",
        "type": "error",
        "displayMode": "persist"
      }
    },
    "callFunctionReadAndLoadLovsForDropDowns": {
      "module": "vb/action/builtin/callModuleFunctionAction",
      "parameters": {
        "module": "[[ $functions ]]",
        "functionName": "readAndLoadLovsForDropDowns",
        "params": [
          "{{ $chain.results.callRestGetProjectSearchGetBudgetTypes.body.items }}",
          "{{ $chain.results.callRestGetProjectSearchGetBudgetTypes.body.items }}",
          "budgetType"
        ]
      },
      "outcomes": {
        "success": "assignVariablesBudgetTypes"
      }
    },
    "fireNotification2": {
      "module": "vb/action/builtin/fireNotificationEventAction",
      "parameters": {
        "target": "leaf",
        "summary": "[[ $chain.results.callRestGetCommonGetPastBasePeriodCodes2.message.summary ]]",
        "type": "error",
        "displayMode": "persist"
      }
    },
    "callFunctionReadAndLoadLovsForDropDowns2": {
      "module": "vb/action/builtin/callModuleFunctionAction",
      "parameters": {
        "module": "[[ $functions ]]",
        "functionName": "readAndLoadLovsForDropDowns",
        "params": [
          "{{ $chain.results.callRestGetCommonGetPastBasePeriodCodes2.body.items }}",
          "{{ $chain.results.callRestGetCommonGetPastBasePeriodCodes2.body.items }}",
          "pastBasedPeriodCode"
        ]
      },
      "outcomes": {
        "success": "assignVariablesGetPastBasedPeriodCodes"
      }
    },
    "assignVariablesGetPastBasedPeriodCodes": {
      "module": "vb/action/builtin/assignVariablesAction",
      "parameters": {
        "$page.variables.selBudgetYear": {
          "source": "{{ $functions.defaultYear() }}"
        },
        "$page.variables.getPastBasedPeriodCodes": {
          "source": "{{ $chain.results.callFunctionReadAndLoadLovsForDropDowns2.pastBasedPerCodeArray }}"
        }
      }
    },
    "assignVariablesBudgetTypes": {
      "module": "vb/action/builtin/assignVariablesAction",
      "parameters": {
        "$page.variables.budgetTypes": {
          "source": "{{ $chain.results.callFunctionReadAndLoadLovsForDropDowns.budgetTypeArray }}"
        },
        "$page.variables.budgetTypeObj": {
          "source": "{{ $chain.results.callFunctionReadAndLoadLovsForDropDowns.budgetTypeObj }}",
          "auto": "always"
        }
      },
      "outcomes": {
        "success": "assignVariablesSelBudgetType"
      }
    },
    "callRestGetCommonGetPastBasePeriodCodes2": {
      "module": "vb/action/builtin/restAction",
      "parameters": {
        "endpoint": "ordsBtftapp/getCommonGetPastBasePeriodCodes"
      },
      "outcomes": {
        "failure": "fireNotification2",
        "success": "callFunctionReadAndLoadLovsForDropDowns2"
      }
    },
    "callRestGetProjectSearchGetBudgetTypes": {
      "module": "vb/action/builtin/restAction",
      "parameters": {
        "endpoint": "ordsBtftapp/getProjectSearchGetBudgetTypes"
      },
      "outcomes": {
        "failure": "fireNotification",
        "success": "callFunctionReadAndLoadLovsForDropDowns"
      }
    },
    "callFunctionShowLoading": {
      "module": "vb/action/builtin/callModuleFunctionAction",
      "parameters": {
        "module": "[[ $application.functions ]]",
        "functionName": "showLoading"
      },
      "outcomes": {
        "success": "callRestGetCommonGetSegmentCodes"
      }
    },
    "callFunctionHideLoading2": {
      "module": "vb/action/builtin/callModuleFunctionAction",
      "parameters": {
        "module": "[[ $application.functions ]]",
        "functionName": "hideLoading"
      }
    },
    "fireNotification4": {
      "module": "vb/action/builtin/fireNotificationEventAction",
      "parameters": {
        "target": "leaf",
        "summary": "[[ $chain.results.callRestGetCommonGetSegmentCodes.message.summary ]]",
        "type": "error",
        "displayMode": "persist"
      }
    },
    "callRestGetCommonGetSegmentCodes": {
      "module": "vb/action/builtin/restAction",
      "parameters": {
        "endpoint": "ordsBtftapp/getCommonGetSegmentCodes"
      },
      "outcomes": {
        "failure": "fireNotification4",
        "success": "callFunctionReadAndLoadLovsForDropDowns3"
      }
    },
    "callFunctionReadAndLoadLovsForDropDowns3": {
      "module": "vb/action/builtin/callModuleFunctionAction",
      "parameters": {
        "module": "[[ $functions ]]",
        "functionName": "readAndLoadLovsForDropDowns",
        "params": [
          null,
          null,
          "segementCode",
          "{{ $chain.results.callRestGetCommonGetSegmentCodes.body.items }}"
        ]
      },
      "outcomes": {
        "success": "assignVariablesInitCodeArr"
      }
    },
    "assignVariablesInitCodeArr": {
      "module": "vb/action/builtin/assignVariablesAction",
      "parameters": {
        "$page.variables.initCodeArr": {
          "source": "{{ $chain.results.callFunctionReadAndLoadLovsForDropDowns3.inicodeArray }}"
        },
        "$page.variables.authorityCodeArr": {
          "source": "{{ $chain.results.callFunctionReadAndLoadLovsForDropDowns3.authcodeArray }}"
        },
        "$page.variables.costCentreArr": {
          "source": "{{ $chain.results.callFunctionReadAndLoadLovsForDropDowns3.costcodeArray }}"
        },
        "$page.variables.projArr": {
          "source": "{{ $chain.results.callFunctionReadAndLoadLovsForDropDowns3.baseProjArray }}"
        },
        "$page.variables.codeDescObj": {
          "source": "{{ $chain.results.callFunctionReadAndLoadLovsForDropDowns3.codeDescObj }}",
          "auto": "always"
        }
      },
      "outcomes": {
        "success": "callComponentAuthorityRefresh"
      }
    },
    "callComponentAuthorityRefresh": {
      "module": "vb/action/builtin/callComponentMethodAction",
      "parameters": {
        "component": "{{ document.getElementById('authority') }}",
        "method": "refresh"
      },
      "outcomes": {
        "success": "callComponentInitiativeCodeRefresh"
      }
    },
    "callComponentCostcenterRefresh": {
      "module": "vb/action/builtin/callComponentMethodAction",
      "parameters": {
        "component": "{{ document.getElementById('costcenter') }}",
        "method": "refresh"
      },
      "outcomes": {
        "success": "callComponentProjectRefresh"
      }
    },
    "callComponentProjectRefresh": {
      "module": "vb/action/builtin/callComponentMethodAction",
      "parameters": {
        "component": "{{ document.getElementById('project') }}",
        "method": "refresh"
      },
      "outcomes": {
        "success": "assignVariablesSelectedAuthCode"
      }
    },
    "callComponentInitiativeCodeRefresh": {
      "module": "vb/action/builtin/callComponentMethodAction",
      "parameters": {
        "component": "{{ document.getElementById('initiativeCode') }}",
        "method": "refresh"
      },
      "outcomes": {
        "success": "callComponentCostcenterRefresh"
      }
    },
    "assignVariablesSelectedAuthCode": {
      "module": "vb/action/builtin/assignVariablesAction",
      "parameters": {
        "$page.variables.selectedAuthCode": {
          "source": "-1"
        },
        "$page.variables.selectedCostCentreCode": {
          "source": "-1"
        },
        "$page.variables.selectedInitCode": {
          "source": "-1"
        },
        "$page.variables.selectedProj": {
          "source": "-1"
        }
      },
      "outcomes": {
        "success": "callFunctionHideLoading2"
      }
    },
    "assignVariablesSelBudgetType": {
      "module": "vb/action/builtin/assignVariablesAction",
      "parameters": {
        "$page.variables.selBudgetType": {
          "source": "{{ $chain.results.callFunctionReadAndLoadLovsForDropDowns.selBudgetTypeByDefault }}"
        }
      }
    },
    "callComponentBudgettypeRefresh": {
      "module": "vb/action/builtin/callComponentMethodAction",
      "parameters": {
        "component": "{{ document.getElementById('budgettype') }}",
        "method": "refresh"
      },
      "outcomes": {
        "success": "assignVariablesSelectedType"
      }
    },
    "assignVariablesSelectedType": {
      "module": "vb/action/builtin/assignVariablesAction",
      "parameters": {
        "$page.variables.selectedType": {
          "source": "1"
        }
      }
    },
    "fireNotification3": {
      "module": "vb/action/builtin/fireNotificationEventAction",
      "parameters": {
        "target": "leaf",
        "summary": "[[ $chain.results.callRestGetUserAccessActionAllowed.message.summary ]]",
        "type": "error",
        "displayMode": "persist"
      }
    },
    "callRestGetUserAccessActionAllowed": {
      "module": "vb/action/builtin/restAction",
      "parameters": {
        "endpoint": "ordsBtftapp/getUser_accessAction_allowed",
        "uriParams": {
          "page_name": "{{ $application.currentPage.id }}",
          "user_name": "{{ $application.user.username }}"
        }
      },
      "outcomes": {
        "failure": "assignVariables",
        "success": "if"
      }
    },
    "assignVariables": {
      "module": "vb/action/builtin/assignVariablesAction",
      "parameters": {
        "$page.variables.pageAccess": {
          "source": false
        }
      },
      "outcomes": {
        "success": "fireNotification3"
      }
    },
    "if": {
      "module": "vb/action/builtin/ifAction",
      "parameters": {
        "condition": "[[ $chain.results.callRestGetUserAccessActionAllowed.body.count ]]"
      },
      "outcomes": {
        "false": "assignVariablesPageAccess",
        "true": "assignVariablesPageAccess2"
      }
    },
    "assignVariablesPageAccess": {
      "module": "vb/action/builtin/assignVariablesAction",
      "parameters": {
        "$page.variables.pageAccess": {
          "source": false
        }
      }
    },
    "assignVariablesPageAccess2": {
      "module": "vb/action/builtin/assignVariablesAction",
      "parameters": {
        "$page.variables.pageAccess": {
          "source": true
        }
      },
      "outcomes": {
        "success": "runInParallel"
      }
    }
  }
}