{
  "root": "callFunctionShowToolTip",
  "description": "to show different amount",
  "variables": {
    "id": {
      "type": "string",
      "required": false,
      "input": "fromCaller"
    },
    "id1": {
      "type": "string",
      "required": false,
      "input": "fromCaller"
    }
  },
  "actions": {
    "callFunctionShowToolTip": {
      "module": "vb/action/builtin/callModuleFunctionAction",
      "parameters": {
        "module": "[[ $functions ]]",
        "functionName": "showToolTip",
        "params": [
          "{{ $variables.id }}",
          "{{ $variables.id1 }}"
        ]
      }
    }
  }
}