{
    "items": [
        {
            "segment_code3": "200439",
            "budget_type_name": "Controlling Budget",
            "created_date": "2021-05-02T17:07:24Z"
        },
        {
            "segment_code3": "200346",
            "budget_type_name": "Controlling Budget",
            "created_date": "2021-05-02T17:07:24Z"
        },
        {
            "segment_code3": "200381",
            "budget_type_name": "Controlling Budget",
            "created_date": "2021-05-02T17:07:24Z"
        },
        {
            "segment_code3": "200519",
            "budget_type_name": "Controlling Budget",
            "created_date": "2021-05-02T17:07:24Z"
        },
        {
            "segment_code3": "200500",
            "budget_type_name": "Controlling Budget",
            "created_date": "2021-05-02T17:07:24Z"
        },
        {
            "segment_code3": "200415",
            "budget_type_name": "Controlling Budget",
            "created_date": "2021-05-02T17:07:24Z"
        },
        {
            "segment_code3": "200091",
            "budget_type_name": "Controlling Budget",
            "created_date": "2021-05-02T17:07:20Z"
        },
        {
            "segment_code3": "100068",
            "budget_type_name": "Controlling Budget",
            "created_date": "2021-05-02T17:07:20Z"
        },
        {
            "segment_code3": "200008",
            "budget_type_name": "Controlling Budget",
            "created_date": "2021-05-02T17:07:20Z"
        },
        {
            "segment_code3": "200076",
            "budget_type_name": "Controlling Budget",
            "created_date": "2021-05-02T17:07:20Z"
        },
        {
            "segment_code3": "200003",
            "budget_type_name": "Controlling Budget",
            "created_date": "2021-05-02T17:07:20Z"
        },
        {
            "segment_code3": "200173",
            "budget_type_name": "Controlling Budget",
            "created_date": "2021-05-02T17:07:21Z"
        },
        {
            "segment_code3": "200178",
            "budget_type_name": "Controlling Budget",
            "created_date": "2021-05-02T17:07:21Z"
        },
        {
            "segment_code3": "200179",
            "budget_type_name": "Controlling Budget",
            "created_date": "2021-05-02T17:07:21Z"
        },
        {
            "segment_code3": "200191",
            "budget_type_name": "Controlling Budget",
            "created_date": "2021-05-02T17:07:21Z"
        },
        {
            "segment_code3": "200013",
            "budget_type_name": "Controlling Budget",
            "created_date": "2021-05-02T17:07:21Z"
        },
        {
            "segment_code3": "200215",
            "budget_type_name": "Controlling Budget",
            "created_date": "2021-05-02T17:07:21Z"
        },
        {
            "segment_code3": "200015",
            "budget_type_name": "Controlling Budget",
            "created_date": "2021-05-02T17:07:21Z"
        },
        {
            "segment_code3": "100037",
            "budget_type_name": "Controlling Budget",
            "created_date": "2021-05-02T17:07:21Z"
        },
        {
            "segment_code3": "200221",
            "budget_type_name": "Controlling Budget",
            "created_date": "2021-05-02T17:07:21Z"
        },
        {
            "segment_code3": "200133",
            "budget_type_name": "Controlling Budget",
            "created_date": "2021-05-02T17:07:21Z"
        },
        {
            "segment_code3": "200027",
            "budget_type_name": "Controlling Budget",
            "created_date": "2021-05-02T17:07:21Z"
        },
        {
            "segment_code3": "200086",
            "budget_type_name": "Controlling Budget",
            "created_date": "2021-05-02T17:07:21Z"
        },
        {
            "segment_code3": "200074",
            "budget_type_name": "Controlling Budget",
            "created_date": "2021-05-02T17:07:21Z"
        },
        {
            "segment_code3": "100598",
            "budget_type_name": "Controlling Budget",
            "created_date": "2021-05-02T17:07:22Z"
        },
        {
            "segment_code3": "100563",
            "budget_type_name": "Controlling Budget",
            "created_date": "2021-05-02T17:07:22Z"
        },
        {
            "segment_code3": "100471",
            "budget_type_name": "Controlling Budget",
            "created_date": "2021-05-02T17:07:22Z"
        },
        {
            "segment_code3": "200240",
            "budget_type_name": "Controlling Budget",
            "created_date": "2021-05-02T17:07:22Z"
        },
        {
            "segment_code3": "200272",
            "budget_type_name": "Controlling Budget",
            "created_date": "2021-05-02T17:07:22Z"
        },
        {
            "segment_code3": "200263",
            "budget_type_name": "Controlling Budget",
            "created_date": "2021-05-02T17:07:22Z"
        },
        {
            "segment_code3": "100285",
            "budget_type_name": "Controlling Budget",
            "created_date": "2021-05-02T17:07:22Z"
        },
        {
            "segment_code3": "200255",
            "budget_type_name": "Controlling Budget",
            "created_date": "2021-05-02T17:07:22Z"
        },
        {
            "segment_code3": "200249",
            "budget_type_name": "Controlling Budget",
            "created_date": "2021-05-02T17:07:22Z"
        },
        {
            "segment_code3": "100581",
            "budget_type_name": "Controlling Budget",
            "created_date": "2021-05-02T17:07:23Z"
        },
        {
            "segment_code3": "200038",
            "budget_type_name": "Controlling Budget",
            "created_date": "2021-05-02T17:07:23Z"
        },
        {
            "segment_code3": "100537",
            "budget_type_name": "Controlling Budget",
            "created_date": "2021-05-02T17:07:23Z"
        },
        {
            "segment_code3": "100268",
            "budget_type_name": "Controlling Budget",
            "created_date": "2021-05-02T17:07:23Z"
        },
        {
            "segment_code3": "200035",
            "budget_type_name": "Controlling Budget",
            "created_date": "2021-05-02T17:07:23Z"
        },
        {
            "segment_code3": "200260",
            "budget_type_name": "Controlling Budget",
            "created_date": "2021-05-02T17:07:23Z"
        },
        {
            "segment_code3": "100271",
            "budget_type_name": "Controlling Budget",
            "created_date": "2021-05-02T17:07:23Z"
        },
        {
            "segment_code3": "200331",
            "budget_type_name": "Controlling Budget",
            "created_date": "2021-05-02T17:07:23Z"
        },
        {
            "segment_code3": "200333",
            "budget_type_name": "Controlling Budget",
            "created_date": "2021-05-02T17:07:23Z"
        },
        {
            "segment_code3": "200341",
            "budget_type_name": "Controlling Budget",
            "created_date": "2021-05-02T17:07:24Z"
        },
        {
            "segment_code3": "100076",
            "budget_type_name": "Controlling Budget",
            "created_date": "2021-05-02T17:07:24Z"
        },
        {
            "segment_code3": "100283",
            "budget_type_name": "Controlling Budget",
            "created_date": "2021-05-02T17:07:24Z"
        },
        {
            "segment_code3": "200474",
            "budget_type_name": "Controlling Budget",
            "created_date": "2021-05-02T17:07:24Z"
        },
        {
            "segment_code3": "200491",
            "budget_type_name": "Controlling Budget",
            "created_date": "2021-05-02T17:07:24Z"
        },
        {
            "segment_code3": "200495",
            "budget_type_name": "Controlling Budget",
            "created_date": "2021-05-02T17:07:24Z"
        },
        {
            "segment_code3": "200116",
            "budget_type_name": "Controlling Budget",
            "created_date": "2021-05-02T17:07:24Z"
        },
        {
            "segment_code3": "200227",
            "budget_type_name": "Controlling Budget",
            "created_date": "2021-05-02T17:07:24Z"
        },
        {
            "segment_code3": "200401",
            "budget_type_name": "Controlling Budget",
            "created_date": "2021-05-02T17:07:24Z"
        },
        {
            "segment_code3": "200528",
            "budget_type_name": "Controlling Budget",
            "created_date": "2021-05-02T17:07:24Z"
        },
        {
            "segment_code3": "200413",
            "budget_type_name": "Controlling Budget",
            "created_date": "2021-05-02T17:07:24Z"
        },
        {
            "segment_code3": "200501",
            "budget_type_name": "Controlling Budget",
            "created_date": "2021-05-02T17:07:24Z"
        },
        {
            "segment_code3": "200502",
            "budget_type_name": "Controlling Budget",
            "created_date": "2021-05-02T17:07:24Z"
        },
        {
            "segment_code3": "200505",
            "budget_type_name": "Controlling Budget",
            "created_date": "2021-05-02T17:07:24Z"
        },
        {
            "segment_code3": "200508",
            "budget_type_name": "Controlling Budget",
            "created_date": "2021-05-02T17:07:24Z"
        },
        {
            "segment_code3": "200494",
            "budget_type_name": "Controlling Budget",
            "created_date": "2021-05-02T17:07:24Z"
        },
        {
            "segment_code3": "200516",
            "budget_type_name": "Controlling Budget",
            "created_date": "2021-05-02T17:07:24Z"
        },
        {
            "segment_code3": "200093",
            "budget_type_name": "Controlling Budget",
            "created_date": "2021-05-02T17:07:20Z"
        },
        {
            "segment_code3": "200061",
            "budget_type_name": "Controlling Budget",
            "created_date": "2021-05-02T17:07:20Z"
        },
        {
            "segment_code3": "200062",
            "budget_type_name": "Controlling Budget",
            "created_date": "2021-05-02T17:07:20Z"
        },
        {
            "segment_code3": "200064",
            "budget_type_name": "Controlling Budget",
            "created_date": "2021-05-02T17:07:20Z"
        },
        {
            "segment_code3": "100530",
            "budget_type_name": "Controlling Budget",
            "created_date": "2021-05-02T17:07:20Z"
        },
        {
            "segment_code3": "200094",
            "budget_type_name": "Controlling Budget",
            "created_date": "2021-05-02T17:07:20Z"
        },
        {
            "segment_code3": "200002",
            "budget_type_name": "Controlling Budget",
            "created_date": "2021-05-02T17:07:21Z"
        },
        {
            "segment_code3": "100278",
            "budget_type_name": "Controlling Budget",
            "created_date": "2021-05-02T17:07:21Z"
        },
        {
            "segment_code3": "200176",
            "budget_type_name": "Controlling Budget",
            "created_date": "2021-05-02T17:07:21Z"
        },
        {
            "segment_code3": "200177",
            "budget_type_name": "Controlling Budget",
            "created_date": "2021-05-02T17:07:21Z"
        },
        {
            "segment_code3": "200188",
            "budget_type_name": "Controlling Budget",
            "created_date": "2021-05-02T17:07:21Z"
        },
        {
            "segment_code3": "200082",
            "budget_type_name": "Controlling Budget",
            "created_date": "2021-05-02T17:07:21Z"
        },
        {
            "segment_code3": "200199",
            "budget_type_name": "Controlling Budget",
            "created_date": "2021-05-02T17:07:21Z"
        },
        {
            "segment_code3": "200202",
            "budget_type_name": "Controlling Budget",
            "created_date": "2021-05-02T17:07:21Z"
        },
        {
            "segment_code3": "100447",
            "budget_type_name": "Controlling Budget",
            "created_date": "2021-05-02T17:07:21Z"
        },
        {
            "segment_code3": "200028",
            "budget_type_name": "Controlling Budget",
            "created_date": "2021-05-02T17:07:21Z"
        },
        {
            "segment_code3": "100286",
            "budget_type_name": "Controlling Budget",
            "created_date": "2021-05-02T17:07:21Z"
        },
        {
            "segment_code3": "100038",
            "budget_type_name": "Controlling Budget",
            "created_date": "2021-05-02T17:07:21Z"
        },
        {
            "segment_code3": "200032",
            "budget_type_name": "Controlling Budget",
            "created_date": "2021-05-02T17:07:21Z"
        },
        {
            "segment_code3": "200072",
            "budget_type_name": "Controlling Budget",
            "created_date": "2021-05-02T17:07:21Z"
        },
        {
            "segment_code3": "200090",
            "budget_type_name": "Controlling Budget",
            "created_date": "2021-05-02T17:07:21Z"
        },
        {
            "segment_code3": "100550",
            "budget_type_name": "Controlling Budget",
            "created_date": "2021-05-02T17:07:22Z"
        },
        {
            "segment_code3": "100585",
            "budget_type_name": "Controlling Budget",
            "created_date": "2021-05-02T17:07:22Z"
        },
        {
            "segment_code3": "200211",
            "budget_type_name": "Controlling Budget",
            "created_date": "2021-05-02T17:07:22Z"
        },
        {
            "segment_code3": "200304",
            "budget_type_name": "Controlling Budget",
            "created_date": "2021-05-02T17:07:22Z"
        },
        {
            "segment_code3": "200282",
            "budget_type_name": "Controlling Budget",
            "created_date": "2021-05-02T17:07:22Z"
        },
        {
            "segment_code3": "200305",
            "budget_type_name": "Controlling Budget",
            "created_date": "2021-05-02T17:07:22Z"
        },
        {
            "segment_code3": "200283",
            "budget_type_name": "Controlling Budget",
            "created_date": "2021-05-02T17:07:22Z"
        },
        {
            "segment_code3": "200245",
            "budget_type_name": "Controlling Budget",
            "created_date": "2021-05-02T17:07:22Z"
        },
        {
            "segment_code3": "200314",
            "budget_type_name": "Controlling Budget",
            "created_date": "2021-05-02T17:07:22Z"
        },
        {
            "segment_code3": "200317",
            "budget_type_name": "Controlling Budget",
            "created_date": "2021-05-02T17:07:23Z"
        },
        {
            "segment_code3": "100067",
            "budget_type_name": "Controlling Budget",
            "created_date": "2021-05-02T17:07:23Z"
        },
        {
            "segment_code3": "100500",
            "budget_type_name": "Controlling Budget",
            "created_date": "2021-05-02T17:07:23Z"
        },
        {
            "segment_code3": "100568",
            "budget_type_name": "Controlling Budget",
            "created_date": "2021-05-02T17:07:23Z"
        },
        {
            "segment_code3": "200236",
            "budget_type_name": "Controlling Budget",
            "created_date": "2021-05-02T17:07:23Z"
        },
        {
            "segment_code3": "200130",
            "budget_type_name": "Controlling Budget",
            "created_date": "2021-05-02T17:07:23Z"
        },
        {
            "segment_code3": "200131",
            "budget_type_name": "Controlling Budget",
            "created_date": "2021-05-02T17:07:23Z"
        },
        {
            "segment_code3": "100605",
            "budget_type_name": "Controlling Budget",
            "created_date": "2021-05-02T17:07:23Z"
        },
        {
            "segment_code3": "200325",
            "budget_type_name": "Controlling Budget",
            "created_date": "2021-05-02T17:07:23Z"
        },
        {
            "segment_code3": "200065",
            "budget_type_name": "Controlling Budget",
            "created_date": "2021-05-02T17:07:23Z"
        },
        {
            "segment_code3": "100213",
            "budget_type_name": "Controlling Budget",
            "created_date": "2021-05-02T17:07:24Z"
        },
        {
            "segment_code3": "200438",
            "budget_type_name": "Controlling Budget",
            "created_date": "2021-05-02T17:07:24Z"
        },
        {
            "segment_code3": "100000",
            "budget_type_name": "Controlling Budget",
            "created_date": "2021-05-02T17:07:24Z"
        },
        {
            "segment_code3": "200057",
            "budget_type_name": "Controlling Budget",
            "created_date": "2021-05-02T17:07:24Z"
        },
        {
            "segment_code3": "200480",
            "budget_type_name": "Controlling Budget",
            "created_date": "2021-05-02T17:07:24Z"
        },
        {
            "segment_code3": "200488",
            "budget_type_name": "Controlling Budget",
            "created_date": "2021-05-02T17:07:24Z"
        },
        {
            "segment_code3": "200523",
            "budget_type_name": "Controlling Budget",
            "created_date": "2021-05-02T17:07:24Z"
        },
        {
            "segment_code3": "200531",
            "budget_type_name": "Controlling Budget",
            "created_date": "2021-05-02T17:07:24Z"
        },
        {
            "segment_code3": "200414",
            "budget_type_name": "Controlling Budget",
            "created_date": "2021-05-02T17:07:24Z"
        },
        {
            "segment_code3": "200533",
            "budget_type_name": "Controlling Budget",
            "created_date": "2021-05-02T17:07:24Z"
        },
        {
            "segment_code3": "200535",
            "budget_type_name": "Controlling Budget",
            "created_date": "2021-05-02T17:07:24Z"
        },
        {
            "segment_code3": "200499",
            "budget_type_name": "Controlling Budget",
            "created_date": "2021-05-02T17:07:24Z"
        },
        {
            "segment_code3": "200510",
            "budget_type_name": "Controlling Budget",
            "created_date": "2021-05-02T17:07:24Z"
        },
        {
            "segment_code3": "200493",
            "budget_type_name": "Controlling Budget",
            "created_date": "2021-05-02T17:07:24Z"
        },
        {
            "segment_code3": "200417",
            "budget_type_name": "Controlling Budget",
            "created_date": "2021-05-02T17:07:24Z"
        },
        {
            "segment_code3": "100522",
            "budget_type_name": "Controlling Budget",
            "created_date": "2021-05-02T17:07:24Z"
        },
        {
            "segment_code3": "200055",
            "budget_type_name": "Controlling Budget",
            "created_date": "2021-05-02T17:07:20Z"
        },
        {
            "segment_code3": "200060",
            "budget_type_name": "Controlling Budget",
            "created_date": "2021-05-02T17:07:20Z"
        },
        {
            "segment_code3": "100531",
            "budget_type_name": "Controlling Budget",
            "created_date": "2021-05-02T17:07:20Z"
        },
        {
            "segment_code3": "100533",
            "budget_type_name": "Controlling Budget",
            "created_date": "2021-05-02T17:07:20Z"
        },
        {
            "segment_code3": "200036",
            "budget_type_name": "Controlling Budget",
            "created_date": "2021-05-02T17:07:20Z"
        },
        {
            "segment_code3": "200079",
            "budget_type_name": "Controlling Budget",
            "created_date": "2021-05-02T17:07:20Z"
        },
        {
            "segment_code3": "200080",
            "budget_type_name": "Controlling Budget",
            "created_date": "2021-05-02T17:07:20Z"
        },
        {
            "segment_code3": "200081",
            "budget_type_name": "Controlling Budget",
            "created_date": "2021-05-02T17:07:20Z"
        },
        {
            "segment_code3": "200095",
            "budget_type_name": "Controlling Budget",
            "created_date": "2021-05-02T17:07:20Z"
        },
        {
            "segment_code3": "200172",
            "budget_type_name": "Controlling Budget",
            "created_date": "2021-05-02T17:07:21Z"
        },
        {
            "segment_code3": "200174",
            "budget_type_name": "Controlling Budget",
            "created_date": "2021-05-02T17:07:21Z"
        },
        {
            "segment_code3": "200187",
            "budget_type_name": "Controlling Budget",
            "created_date": "2021-05-02T17:07:21Z"
        },
        {
            "segment_code3": "200190",
            "budget_type_name": "Controlling Budget",
            "created_date": "2021-05-02T17:07:21Z"
        },
        {
            "segment_code3": "200041",
            "budget_type_name": "Controlling Budget",
            "created_date": "2021-05-02T17:07:21Z"
        },
        {
            "segment_code3": "200167",
            "budget_type_name": "Controlling Budget",
            "created_date": "2021-05-02T17:07:21Z"
        },
        {
            "segment_code3": "200169",
            "budget_type_name": "Controlling Budget",
            "created_date": "2021-05-02T17:07:21Z"
        },
        {
            "segment_code3": "200105",
            "budget_type_name": "Controlling Budget",
            "created_date": "2021-05-02T17:07:21Z"
        },
        {
            "segment_code3": "200216",
            "budget_type_name": "Controlling Budget",
            "created_date": "2021-05-02T17:07:21Z"
        },
        {
            "segment_code3": "100040",
            "budget_type_name": "Controlling Budget",
            "created_date": "2021-05-02T17:07:21Z"
        },
        {
            "segment_code3": "200033",
            "budget_type_name": "Controlling Budget",
            "created_date": "2021-05-02T17:07:21Z"
        },
        {
            "segment_code3": "200111",
            "budget_type_name": "Controlling Budget",
            "created_date": "2021-05-02T17:07:21Z"
        },
        {
            "segment_code3": "100072",
            "budget_type_name": "Controlling Budget",
            "created_date": "2021-05-02T17:07:22Z"
        },
        {
            "segment_code3": "200513",
            "budget_type_name": "Controlling Budget",
            "created_date": "2021-05-02T17:07:22Z"
        },
        {
            "segment_code3": "200303",
            "budget_type_name": "Controlling Budget",
            "created_date": "2021-05-02T17:07:22Z"
        },
        {
            "segment_code3": "200308",
            "budget_type_name": "Controlling Budget",
            "created_date": "2021-05-02T17:07:22Z"
        },
        {
            "segment_code3": "200242",
            "budget_type_name": "Controlling Budget",
            "created_date": "2021-05-02T17:07:22Z"
        },
        {
            "segment_code3": "200244",
            "budget_type_name": "Controlling Budget",
            "created_date": "2021-05-02T17:07:22Z"
        },
        {
            "segment_code3": "200266",
            "budget_type_name": "Controlling Budget",
            "created_date": "2021-05-02T17:07:22Z"
        },
        {
            "segment_code3": "100579",
            "budget_type_name": "Controlling Budget",
            "created_date": "2021-05-02T17:07:22Z"
        },
        {
            "segment_code3": "100580",
            "budget_type_name": "Controlling Budget",
            "created_date": "2021-05-02T17:07:22Z"
        },
        {
            "segment_code3": "200249",
            "budget_type_name": "Controlling Budget",
            "created_date": "2021-05-02T17:07:23Z"
        },
        {
            "segment_code3": "200288",
            "budget_type_name": "Controlling Budget",
            "created_date": "2021-05-02T17:07:23Z"
        },
        {
            "segment_code3": "100566",
            "budget_type_name": "Controlling Budget",
            "created_date": "2021-05-02T17:07:23Z"
        },
        {
            "segment_code3": "200075",
            "budget_type_name": "Controlling Budget",
            "created_date": "2021-05-02T17:07:23Z"
        },
        {
            "segment_code3": "100254",
            "budget_type_name": "Controlling Budget",
            "created_date": "2021-05-02T17:07:23Z"
        },
        {
            "segment_code3": "100571",
            "budget_type_name": "Controlling Budget",
            "created_date": "2021-05-02T17:07:23Z"
        },
        {
            "segment_code3": "200321",
            "budget_type_name": "Controlling Budget",
            "created_date": "2021-05-02T17:07:23Z"
        },
        {
            "segment_code3": "200030",
            "budget_type_name": "Controlling Budget",
            "created_date": "2021-05-02T17:07:23Z"
        },
        {
            "segment_code3": "100206",
            "budget_type_name": "Controlling Budget",
            "created_date": "2021-05-02T17:07:23Z"
        },
        {
            "segment_code3": "100535",
            "budget_type_name": "Controlling Budget",
            "created_date": "2021-05-02T17:07:23Z"
        },
        {
            "segment_code3": "100021",
            "budget_type_name": "Controlling Budget",
            "created_date": "2021-05-02T17:07:24Z"
        },
        {
            "segment_code3": "200436",
            "budget_type_name": "Controlling Budget",
            "created_date": "2021-05-02T17:07:24Z"
        },
        {
            "segment_code3": "100480",
            "budget_type_name": "Controlling Budget",
            "created_date": "2021-05-02T17:07:24Z"
        },
        {
            "segment_code3": "100551",
            "budget_type_name": "Controlling Budget",
            "created_date": "2021-05-02T17:07:24Z"
        },
        {
            "segment_code3": "200476",
            "budget_type_name": "Controlling Budget",
            "created_date": "2021-05-02T17:07:24Z"
        },
        {
            "segment_code3": "200483",
            "budget_type_name": "Controlling Budget",
            "created_date": "2021-05-02T17:07:24Z"
        },
        {
            "segment_code3": "200521",
            "budget_type_name": "Controlling Budget",
            "created_date": "2021-05-02T17:07:24Z"
        },
        {
            "segment_code3": "200509",
            "budget_type_name": "Controlling Budget",
            "created_date": "2021-05-02T17:07:24Z"
        },
        {
            "segment_code3": "200249",
            "budget_type_name": "Controlling Budget",
            "created_date": "2021-05-02T17:07:24Z"
        },
        {
            "segment_code3": "200511",
            "budget_type_name": "Controlling Budget",
            "created_date": "2021-05-02T17:07:24Z"
        },
        {
            "segment_code3": "100536",
            "budget_type_name": "Controlling Budget",
            "created_date": "2021-05-02T17:07:24Z"
        },
        {
            "segment_code3": "200418",
            "budget_type_name": "Controlling Budget",
            "created_date": "2021-05-02T17:07:24Z"
        },
        {
            "segment_code3": "200420",
            "budget_type_name": "Controlling Budget",
            "created_date": "2021-05-02T17:07:24Z"
        },
        {
            "segment_code3": "200002",
            "budget_type_name": "Controlling Budget",
            "created_date": "2021-05-02T17:07:20Z"
        },
        {
            "segment_code3": "200067",
            "budget_type_name": "Controlling Budget",
            "created_date": "2021-05-02T17:07:20Z"
        },
        {
            "segment_code3": "200068",
            "budget_type_name": "Controlling Budget",
            "created_date": "2021-05-02T17:07:20Z"
        },
        {
            "segment_code3": "200046",
            "budget_type_name": "Controlling Budget",
            "created_date": "2021-05-02T17:07:20Z"
        },
        {
            "segment_code3": "200189",
            "budget_type_name": "Controlling Budget",
            "created_date": "2021-05-02T17:07:21Z"
        },
        {
            "segment_code3": "100625",
            "budget_type_name": "Controlling Budget",
            "created_date": "2021-05-02T17:07:21Z"
        },
        {
            "segment_code3": "200101",
            "budget_type_name": "Controlling Budget",
            "created_date": "2021-05-02T17:07:21Z"
        },
        {
            "segment_code3": "200162",
            "budget_type_name": "Controlling Budget",
            "created_date": "2021-05-02T17:07:21Z"
        },
        {
            "segment_code3": "200050",
            "budget_type_name": "Controlling Budget",
            "created_date": "2021-05-02T17:07:21Z"
        },
        {
            "segment_code3": "200201",
            "budget_type_name": "Controlling Budget",
            "created_date": "2021-05-02T17:07:21Z"
        },
        {
            "segment_code3": "200209",
            "budget_type_name": "Controlling Budget",
            "created_date": "2021-05-02T17:07:21Z"
        },
        {
            "segment_code3": "100003",
            "budget_type_name": "Controlling Budget",
            "created_date": "2021-05-02T17:07:21Z"
        },
        {
            "segment_code3": "100272",
            "budget_type_name": "Controlling Budget",
            "created_date": "2021-05-02T17:07:22Z"
        },
        {
            "segment_code3": "100273",
            "budget_type_name": "Controlling Budget",
            "created_date": "2021-05-02T17:07:22Z"
        },
        {
            "segment_code3": "100470",
            "budget_type_name": "Controlling Budget",
            "created_date": "2021-05-02T17:07:22Z"
        },
        {
            "segment_code3": "200250",
            "budget_type_name": "Controlling Budget",
            "created_date": "2021-05-02T17:07:22Z"
        },
        {
            "segment_code3": "100257",
            "budget_type_name": "Controlling Budget",
            "created_date": "2021-05-02T17:07:22Z"
        },
        {
            "segment_code3": "200180",
            "budget_type_name": "Controlling Budget",
            "created_date": "2021-05-02T17:07:22Z"
        },
        {
            "segment_code3": "200306",
            "budget_type_name": "Controlling Budget",
            "created_date": "2021-05-02T17:07:22Z"
        },
        {
            "segment_code3": "100578",
            "budget_type_name": "Controlling Budget",
            "created_date": "2021-05-02T17:07:22Z"
        },
        {
            "segment_code3": "200256",
            "budget_type_name": "Controlling Budget",
            "created_date": "2021-05-02T17:07:22Z"
        },
        {
            "segment_code3": "200278",
            "budget_type_name": "Controlling Budget",
            "created_date": "2021-05-02T17:07:22Z"
        },
        {
            "segment_code3": "200286",
            "budget_type_name": "Controlling Budget",
            "created_date": "2021-05-02T17:07:23Z"
        },
        {
            "segment_code3": "200267",
            "budget_type_name": "Controlling Budget",
            "created_date": "2021-05-02T17:07:23Z"
        },
        {
            "segment_code3": "200040",
            "budget_type_name": "Controlling Budget",
            "created_date": "2021-05-02T17:07:23Z"
        },
        {
            "segment_code3": "200384",
            "budget_type_name": "Controlling Budget",
            "created_date": "2021-05-02T17:07:23Z"
        },
        {
            "segment_code3": "200388",
            "budget_type_name": "Controlling Budget",
            "created_date": "2021-05-02T17:07:23Z"
        },
        {
            "segment_code3": "100583",
            "budget_type_name": "Controlling Budget",
            "created_date": "2021-05-02T17:07:23Z"
        },
        {
            "segment_code3": "100063",
            "budget_type_name": "Controlling Budget",
            "created_date": "2021-05-02T17:07:23Z"
        },
        {
            "segment_code3": "200048",
            "budget_type_name": "Controlling Budget",
            "created_date": "2021-05-02T17:07:23Z"
        },
        {
            "segment_code3": "100543",
            "budget_type_name": "Controlling Budget",
            "created_date": "2021-05-02T17:07:23Z"
        },
        {
            "segment_code3": "100529",
            "budget_type_name": "Controlling Budget",
            "created_date": "2021-05-02T17:07:23Z"
        },
        {
            "segment_code3": "100534",
            "budget_type_name": "Controlling Budget",
            "created_date": "2021-05-02T17:07:23Z"
        },
        {
            "segment_code3": "200405",
            "budget_type_name": "Controlling Budget",
            "created_date": "2021-05-02T17:07:24Z"
        },
        {
            "segment_code3": "200407",
            "budget_type_name": "Controlling Budget",
            "created_date": "2021-05-02T17:07:24Z"
        },
        {
            "segment_code3": "100445",
            "budget_type_name": "Controlling Budget",
            "created_date": "2021-05-02T17:07:24Z"
        },
        {
            "segment_code3": "200120",
            "budget_type_name": "Controlling Budget",
            "created_date": "2021-05-02T17:07:24Z"
        },
        {
            "segment_code3": "200475",
            "budget_type_name": "Controlling Budget",
            "created_date": "2021-05-02T17:07:24Z"
        },
        {
            "segment_code3": "200477",
            "budget_type_name": "Controlling Budget",
            "created_date": "2021-05-02T17:07:24Z"
        },
        {
            "segment_code3": "200478",
            "budget_type_name": "Controlling Budget",
            "created_date": "2021-05-02T17:07:24Z"
        },
        {
            "segment_code3": "100235",
            "budget_type_name": "Controlling Budget",
            "created_date": "2021-05-02T17:07:24Z"
        },
        {
            "segment_code3": "200382",
            "budget_type_name": "Controlling Budget",
            "created_date": "2021-05-02T17:07:24Z"
        },
        {
            "segment_code3": "200396",
            "budget_type_name": "Controlling Budget",
            "created_date": "2021-05-02T17:07:24Z"
        },
        {
            "segment_code3": "200400",
            "budget_type_name": "Controlling Budget",
            "created_date": "2021-05-02T17:07:24Z"
        },
        {
            "segment_code3": "200402",
            "budget_type_name": "Controlling Budget",
            "created_date": "2021-05-02T17:07:24Z"
        },
        {
            "segment_code3": "200525",
            "budget_type_name": "Controlling Budget",
            "created_date": "2021-05-02T17:07:24Z"
        },
        {
            "segment_code3": "200412",
            "budget_type_name": "Controlling Budget",
            "created_date": "2021-05-02T17:07:24Z"
        },
        {
            "segment_code3": "200514",
            "budget_type_name": "Controlling Budget",
            "created_date": "2021-05-02T17:07:24Z"
        },
        {
            "segment_code3": "200489",
            "budget_type_name": "Controlling Budget",
            "created_date": "2021-05-02T17:07:24Z"
        },
        {
            "segment_code3": "200490",
            "budget_type_name": "Controlling Budget",
            "created_date": "2021-05-02T17:07:24Z"
        },
        {
            "segment_code3": "200419",
            "budget_type_name": "Controlling Budget",
            "created_date": "2021-05-02T17:07:24Z"
        },
        {
            "segment_code3": "200024",
            "budget_type_name": "Controlling Budget",
            "created_date": "2021-05-02T17:07:20Z"
        },
        {
            "segment_code3": "200071",
            "budget_type_name": "Controlling Budget",
            "created_date": "2021-05-02T17:07:20Z"
        },
        {
            "segment_code3": "200059",
            "budget_type_name": "Controlling Budget",
            "created_date": "2021-05-02T17:07:20Z"
        },
        {
            "segment_code3": "200109",
            "budget_type_name": "Controlling Budget",
            "created_date": "2021-05-02T17:07:20Z"
        },
        {
            "segment_code3": "200083",
            "budget_type_name": "Controlling Budget",
            "created_date": "2021-05-02T17:07:20Z"
        },
        {
            "segment_code3": "200077",
            "budget_type_name": "Controlling Budget",
            "created_date": "2021-05-02T17:07:20Z"
        },
        {
            "segment_code3": "200175",
            "budget_type_name": "Controlling Budget",
            "created_date": "2021-05-02T17:07:21Z"
        },
        {
            "segment_code3": "200085",
            "budget_type_name": "Controlling Budget",
            "created_date": "2021-05-02T17:07:21Z"
        },
        {
            "segment_code3": "200044",
            "budget_type_name": "Controlling Budget",
            "created_date": "2021-05-02T17:07:21Z"
        },
        {
            "segment_code3": "200200",
            "budget_type_name": "Controlling Budget",
            "created_date": "2021-05-02T17:07:21Z"
        },
        {
            "segment_code3": "200206",
            "budget_type_name": "Controlling Budget",
            "created_date": "2021-05-02T17:07:21Z"
        },
        {
            "segment_code3": "100226",
            "budget_type_name": "Controlling Budget",
            "created_date": "2021-05-02T17:07:21Z"
        },
        {
            "segment_code3": "100225",
            "budget_type_name": "Controlling Budget",
            "created_date": "2021-05-02T17:07:21Z"
        },
        {
            "segment_code3": "100215",
            "budget_type_name": "Controlling Budget",
            "created_date": "2021-05-02T17:07:21Z"
        },
        {
            "segment_code3": "100237",
            "budget_type_name": "Controlling Budget",
            "created_date": "2021-05-02T17:07:21Z"
        },
        {
            "segment_code3": "200132",
            "budget_type_name": "Controlling Budget",
            "created_date": "2021-05-02T17:07:21Z"
        },
        {
            "segment_code3": "200088",
            "budget_type_name": "Controlling Budget",
            "created_date": "2021-05-02T17:07:21Z"
        },
        {
            "segment_code3": "200073",
            "budget_type_name": "Controlling Budget",
            "created_date": "2021-05-02T17:07:21Z"
        },
        {
            "segment_code3": "200029",
            "budget_type_name": "Controlling Budget",
            "created_date": "2021-05-02T17:07:21Z"
        },
        {
            "segment_code3": "200297",
            "budget_type_name": "Controlling Budget",
            "created_date": "2021-05-02T17:07:22Z"
        },
        {
            "segment_code3": "200300",
            "budget_type_name": "Controlling Budget",
            "created_date": "2021-05-02T17:07:22Z"
        },
        {
            "segment_code3": "100575",
            "budget_type_name": "Controlling Budget",
            "created_date": "2021-05-02T17:07:22Z"
        },
        {
            "segment_code3": "200284",
            "budget_type_name": "Controlling Budget",
            "created_date": "2021-05-02T17:07:22Z"
        },
        {
            "segment_code3": "200275",
            "budget_type_name": "Controlling Budget",
            "created_date": "2021-05-02T17:07:22Z"
        },
        {
            "segment_code3": "200313",
            "budget_type_name": "Controlling Budget",
            "created_date": "2021-05-02T17:07:22Z"
        },
        {
            "segment_code3": "200257",
            "budget_type_name": "Controlling Budget",
            "created_date": "2021-05-02T17:07:22Z"
        },
        {
            "segment_code3": "200258",
            "budget_type_name": "Controlling Budget",
            "created_date": "2021-05-02T17:07:22Z"
        },
        {
            "segment_code3": "200226",
            "budget_type_name": "Controlling Budget",
            "created_date": "2021-05-02T17:07:22Z"
        },
        {
            "segment_code3": "100255",
            "budget_type_name": "Controlling Budget",
            "created_date": "2021-05-02T17:07:23Z"
        },
        {
            "segment_code3": "200387",
            "budget_type_name": "Controlling Budget",
            "created_date": "2021-05-02T17:07:23Z"
        },
        {
            "segment_code3": "100567",
            "budget_type_name": "Controlling Budget",
            "created_date": "2021-05-02T17:07:23Z"
        },
        {
            "segment_code3": "200043",
            "budget_type_name": "Controlling Budget",
            "created_date": "2021-05-02T17:07:23Z"
        },
        {
            "segment_code3": "100233",
            "budget_type_name": "Controlling Budget",
            "created_date": "2021-05-02T17:07:23Z"
        },
        {
            "segment_code3": "200107",
            "budget_type_name": "Controlling Budget",
            "created_date": "2021-05-02T17:07:23Z"
        },
        {
            "segment_code3": "100025",
            "budget_type_name": "Controlling Budget",
            "created_date": "2021-05-02T17:07:23Z"
        },
        {
            "segment_code3": "100277",
            "budget_type_name": "Controlling Budget",
            "created_date": "2021-05-02T17:07:23Z"
        },
        {
            "segment_code3": "200264",
            "budget_type_name": "Controlling Budget",
            "created_date": "2021-05-02T17:07:23Z"
        },
        {
            "segment_code3": "100280",
            "budget_type_name": "Controlling Budget",
            "created_date": "2021-05-02T17:07:23Z"
        },
        {
            "segment_code3": "100074",
            "budget_type_name": "Controlling Budget",
            "created_date": "2021-05-02T17:07:23Z"
        },
        {
            "segment_code3": "200343",
            "budget_type_name": "Controlling Budget",
            "created_date": "2021-05-02T17:07:24Z"
        },
        {
            "segment_code3": "200479",
            "budget_type_name": "Controlling Budget",
            "created_date": "2021-05-02T17:07:24Z"
        },
        {
            "segment_code3": "100248",
            "budget_type_name": "Controlling Budget",
            "created_date": "2021-05-02T17:07:24Z"
        },
        {
            "segment_code3": "100275",
            "budget_type_name": "Controlling Budget",
            "created_date": "2021-05-02T17:07:24Z"
        },
        {
            "segment_code3": "200524",
            "budget_type_name": "Controlling Budget",
            "created_date": "2021-05-02T17:07:24Z"
        },
        {
            "segment_code3": "200512",
            "budget_type_name": "Controlling Budget",
            "created_date": "2021-05-02T17:07:24Z"
        },
        {
            "segment_code3": "200416",
            "budget_type_name": "Controlling Budget",
            "created_date": "2021-05-02T17:07:24Z"
        },
        {
            "segment_code3": "200141",
            "budget_type_name": "Controlling Budget",
            "created_date": "2021-05-02T17:07:20Z"
        },
        {
            "segment_code3": "200007",
            "budget_type_name": "Controlling Budget",
            "created_date": "2021-05-02T17:07:20Z"
        },
        {
            "segment_code3": "200003",
            "budget_type_name": "Controlling Budget",
            "created_date": "2021-05-02T17:07:21Z"
        },
        {
            "segment_code3": "200098",
            "budget_type_name": "Controlling Budget",
            "created_date": "2021-05-02T17:07:21Z"
        },
        {
            "segment_code3": "200160",
            "budget_type_name": "Controlling Budget",
            "created_date": "2021-05-02T17:07:21Z"
        },
        {
            "segment_code3": "200192",
            "budget_type_name": "Controlling Budget",
            "created_date": "2021-05-02T17:07:21Z"
        },
        {
            "segment_code3": "200104",
            "budget_type_name": "Controlling Budget",
            "created_date": "2021-05-02T17:07:21Z"
        },
        {
            "segment_code3": "200106",
            "budget_type_name": "Controlling Budget",
            "created_date": "2021-05-02T17:07:21Z"
        },
        {
            "segment_code3": "200205",
            "budget_type_name": "Controlling Budget",
            "created_date": "2021-05-02T17:07:21Z"
        },
        {
            "segment_code3": "100251",
            "budget_type_name": "Controlling Budget",
            "created_date": "2021-05-02T17:07:21Z"
        },
        {
            "segment_code3": "200025",
            "budget_type_name": "Controlling Budget",
            "created_date": "2021-05-02T17:07:21Z"
        },
        {
            "segment_code3": "200087",
            "budget_type_name": "Controlling Budget",
            "created_date": "2021-05-02T17:07:21Z"
        },
        {
            "segment_code3": "100573",
            "budget_type_name": "Controlling Budget",
            "created_date": "2021-05-02T17:07:22Z"
        },
        {
            "segment_code3": "200261",
            "budget_type_name": "Controlling Budget",
            "created_date": "2021-05-02T17:07:22Z"
        },
        {
            "segment_code3": "200302",
            "budget_type_name": "Controlling Budget",
            "created_date": "2021-05-02T17:07:22Z"
        },
        {
            "segment_code3": "200128",
            "budget_type_name": "Controlling Budget",
            "created_date": "2021-05-02T17:07:22Z"
        },
        {
            "segment_code3": "100614",
            "budget_type_name": "Controlling Budget",
            "created_date": "2021-05-02T17:07:22Z"
        },
        {
            "segment_code3": "200232",
            "budget_type_name": "Controlling Budget",
            "created_date": "2021-05-02T17:07:22Z"
        },
        {
            "segment_code3": "100263",
            "budget_type_name": "Controlling Budget",
            "created_date": "2021-05-02T17:07:22Z"
        },
        {
            "segment_code3": "200247",
            "budget_type_name": "Controlling Budget",
            "created_date": "2021-05-02T17:07:22Z"
        },
        {
            "segment_code3": "200315",
            "budget_type_name": "Controlling Budget",
            "created_date": "2021-05-02T17:07:22Z"
        },
        {
            "segment_code3": "100503",
            "budget_type_name": "Controlling Budget",
            "created_date": "2021-05-02T17:07:22Z"
        },
        {
            "segment_code3": "200279",
            "budget_type_name": "Controlling Budget",
            "created_date": "2021-05-02T17:07:22Z"
        },
        {
            "segment_code3": "200248",
            "budget_type_name": "Controlling Budget",
            "created_date": "2021-05-02T17:07:22Z"
        },
        {
            "segment_code3": "100582",
            "budget_type_name": "Controlling Budget",
            "created_date": "2021-05-02T17:07:23Z"
        },
        {
            "segment_code3": "200112",
            "budget_type_name": "Controlling Budget",
            "created_date": "2021-05-02T17:07:23Z"
        },
        {
            "segment_code3": "100570",
            "budget_type_name": "Controlling Budget",
            "created_date": "2021-05-02T17:07:23Z"
        },
        {
            "segment_code3": "100231",
            "budget_type_name": "Controlling Budget",
            "created_date": "2021-05-02T17:07:23Z"
        },
        {
            "segment_code3": "100276",
            "budget_type_name": "Controlling Budget",
            "created_date": "2021-05-02T17:07:23Z"
        },
        {
            "segment_code3": "200234",
            "budget_type_name": "Controlling Budget",
            "created_date": "2021-05-02T17:07:23Z"
        },
        {
            "segment_code3": "200322",
            "budget_type_name": "Controlling Budget",
            "created_date": "2021-05-02T17:07:23Z"
        },
        {
            "segment_code3": "200332",
            "budget_type_name": "Controlling Budget",
            "created_date": "2021-05-02T17:07:23Z"
        },
        {
            "segment_code3": "100205",
            "budget_type_name": "Controlling Budget",
            "created_date": "2021-05-02T17:07:24Z"
        },
        {
            "segment_code3": "200518",
            "budget_type_name": "Controlling Budget",
            "created_date": "2021-05-02T17:07:24Z"
        },
        {
            "segment_code3": "200526",
            "budget_type_name": "Controlling Budget",
            "created_date": "2021-05-02T17:07:24Z"
        },
        {
            "segment_code3": "200507",
            "budget_type_name": "Controlling Budget",
            "created_date": "2021-05-02T17:07:24Z"
        },
        {
            "segment_code3": "200410",
            "budget_type_name": "Controlling Budget",
            "created_date": "2021-05-02T17:07:24Z"
        },
        {
            "segment_code3": "200421",
            "budget_type_name": "Controlling Budget",
            "created_date": "2021-05-02T17:07:24Z"
        },
        {
            "segment_code3": "200056",
            "budget_type_name": "Controlling Budget",
            "created_date": "2021-05-02T17:07:20Z"
        },
        {
            "segment_code3": "100075",
            "budget_type_name": "Controlling Budget",
            "created_date": "2021-05-02T17:07:20Z"
        },
        {
            "segment_code3": "200052",
            "budget_type_name": "Controlling Budget",
            "created_date": "2021-05-02T17:07:20Z"
        },
        {
            "segment_code3": "200154",
            "budget_type_name": "Controlling Budget",
            "created_date": "2021-05-02T17:07:20Z"
        },
        {
            "segment_code3": "200096",
            "budget_type_name": "Controlling Budget",
            "created_date": "2021-05-02T17:07:20Z"
        },
        {
            "segment_code3": "200171",
            "budget_type_name": "Controlling Budget",
            "created_date": "2021-05-02T17:07:21Z"
        },
        {
            "segment_code3": "200181",
            "budget_type_name": "Controlling Budget",
            "created_date": "2021-05-02T17:07:21Z"
        },
        {
            "segment_code3": "200184",
            "budget_type_name": "Controlling Budget",
            "created_date": "2021-05-02T17:07:21Z"
        },
        {
            "segment_code3": "200163",
            "budget_type_name": "Controlling Budget",
            "created_date": "2021-05-02T17:07:21Z"
        },
        {
            "segment_code3": "200164",
            "budget_type_name": "Controlling Budget",
            "created_date": "2021-05-02T17:07:21Z"
        },
        {
            "segment_code3": "200051",
            "budget_type_name": "Controlling Budget",
            "created_date": "2021-05-02T17:07:21Z"
        },
        {
            "segment_code3": "200218",
            "budget_type_name": "Controlling Budget",
            "created_date": "2021-05-02T17:07:21Z"
        },
        {
            "segment_code3": "200217",
            "budget_type_name": "Controlling Budget",
            "created_date": "2021-05-02T17:07:21Z"
        },
        {
            "segment_code3": "200204",
            "budget_type_name": "Controlling Budget",
            "created_date": "2021-05-02T17:07:21Z"
        },
        {
            "segment_code3": "200207",
            "budget_type_name": "Controlling Budget",
            "created_date": "2021-05-02T17:07:21Z"
        },
        {
            "segment_code3": "200235",
            "budget_type_name": "Controlling Budget",
            "created_date": "2021-05-02T17:07:21Z"
        },
        {
            "segment_code3": "100036",
            "budget_type_name": "Controlling Budget",
            "created_date": "2021-05-02T17:07:21Z"
        },
        {
            "segment_code3": "200031",
            "budget_type_name": "Controlling Budget",
            "created_date": "2021-05-02T17:07:21Z"
        },
        {
            "segment_code3": "200026",
            "budget_type_name": "Controlling Budget",
            "created_date": "2021-05-02T17:07:21Z"
        },
        {
            "segment_code3": "100540",
            "budget_type_name": "Controlling Budget",
            "created_date": "2021-05-02T17:07:22Z"
        },
        {
            "segment_code3": "100549",
            "budget_type_name": "Controlling Budget",
            "created_date": "2021-05-02T17:07:22Z"
        },
        {
            "segment_code3": "100609",
            "budget_type_name": "Controlling Budget",
            "created_date": "2021-05-02T17:07:22Z"
        },
        {
            "segment_code3": "200127",
            "budget_type_name": "Controlling Budget",
            "created_date": "2021-05-02T17:07:22Z"
        },
        {
            "segment_code3": "200273",
            "budget_type_name": "Controlling Budget",
            "created_date": "2021-05-02T17:07:22Z"
        },
        {
            "segment_code3": "200276",
            "budget_type_name": "Controlling Budget",
            "created_date": "2021-05-02T17:07:22Z"
        },
        {
            "segment_code3": "200241",
            "budget_type_name": "Controlling Budget",
            "created_date": "2021-05-02T17:07:22Z"
        },
        {
            "segment_code3": "200129",
            "budget_type_name": "Controlling Budget",
            "created_date": "2021-05-02T17:07:22Z"
        },
        {
            "segment_code3": "200287",
            "budget_type_name": "Controlling Budget",
            "created_date": "2021-05-02T17:07:23Z"
        },
        {
            "segment_code3": "200318",
            "budget_type_name": "Controlling Budget",
            "created_date": "2021-05-02T17:07:23Z"
        },
        {
            "segment_code3": "200124",
            "budget_type_name": "Controlling Budget",
            "created_date": "2021-05-02T17:07:23Z"
        },
        {
            "segment_code3": "200259",
            "budget_type_name": "Controlling Budget",
            "created_date": "2021-05-02T17:07:23Z"
        },
        {
            "segment_code3": "200320",
            "budget_type_name": "Controlling Budget",
            "created_date": "2021-05-02T17:07:23Z"
        },
        {
            "segment_code3": "200289",
            "budget_type_name": "Controlling Budget",
            "created_date": "2021-05-02T17:07:23Z"
        },
        {
            "segment_code3": "200047",
            "budget_type_name": "Controlling Budget",
            "created_date": "2021-05-02T17:07:23Z"
        },
        {
            "segment_code3": "100012",
            "budget_type_name": "Controlling Budget",
            "created_date": "2021-05-02T17:07:23Z"
        },
        {
            "segment_code3": "200470",
            "budget_type_name": "Controlling Budget",
            "created_date": "2021-05-02T17:07:24Z"
        },
        {
            "segment_code3": "200492",
            "budget_type_name": "Controlling Budget",
            "created_date": "2021-05-02T17:07:24Z"
        },
        {
            "segment_code3": "200496",
            "budget_type_name": "Controlling Budget",
            "created_date": "2021-05-02T17:07:24Z"
        },
        {
            "segment_code3": "200351",
            "budget_type_name": "Controlling Budget",
            "created_date": "2021-05-02T17:07:24Z"
        },
        {
            "segment_code3": "200398",
            "budget_type_name": "Controlling Budget",
            "created_date": "2021-05-02T17:07:24Z"
        },
        {
            "segment_code3": "200503",
            "budget_type_name": "Controlling Budget",
            "created_date": "2021-05-02T17:07:24Z"
        },
        {
            "segment_code3": "200504",
            "budget_type_name": "Controlling Budget",
            "created_date": "2021-05-02T17:07:24Z"
        },
        {
            "segment_code3": "200506",
            "budget_type_name": "Controlling Budget",
            "created_date": "2021-05-02T17:07:24Z"
        },
        {
            "segment_code3": "100050",
            "budget_type_name": "Controlling Budget",
            "created_date": "2021-05-02T17:07:24Z"
        },
        {
            "segment_code3": "200411",
            "budget_type_name": "Controlling Budget",
            "created_date": "2021-05-02T17:07:24Z"
        },
        {
            "segment_code3": "200538",
            "budget_type_name": "Controlling Budget",
            "created_date": "2021-05-02T17:07:24Z"
        },
        {
            "segment_code3": "200539",
            "budget_type_name": "Controlling Budget",
            "created_date": "2021-05-02T17:07:24Z"
        },
        {
            "segment_code3": "200058",
            "budget_type_name": "Controlling Budget",
            "created_date": "2021-05-02T17:07:20Z"
        },
        {
            "segment_code3": "200070",
            "budget_type_name": "Controlling Budget",
            "created_date": "2021-05-02T17:07:20Z"
        },
        {
            "segment_code3": "200185",
            "budget_type_name": "Controlling Budget",
            "created_date": "2021-05-02T17:07:20Z"
        },
        {
            "segment_code3": "200037",
            "budget_type_name": "Controlling Budget",
            "created_date": "2021-05-02T17:07:20Z"
        },
        {
            "segment_code3": "200039",
            "budget_type_name": "Controlling Budget",
            "created_date": "2021-05-02T17:07:20Z"
        },
        {
            "segment_code3": "200054",
            "budget_type_name": "Controlling Budget",
            "created_date": "2021-05-02T17:07:20Z"
        },
        {
            "segment_code3": "200010",
            "budget_type_name": "Controlling Budget",
            "created_date": "2021-05-02T17:07:20Z"
        },
        {
            "segment_code3": "200011",
            "budget_type_name": "Controlling Budget",
            "created_date": "2021-05-02T17:07:20Z"
        },
        {
            "segment_code3": "100013",
            "budget_type_name": "Controlling Budget",
            "created_date": "2021-05-02T17:07:20Z"
        },
        {
            "segment_code3": "200183",
            "budget_type_name": "Controlling Budget",
            "created_date": "2021-05-02T17:07:21Z"
        },
        {
            "segment_code3": "200165",
            "budget_type_name": "Controlling Budget",
            "created_date": "2021-05-02T17:07:21Z"
        },
        {
            "segment_code3": "200166",
            "budget_type_name": "Controlling Budget",
            "created_date": "2021-05-02T17:07:21Z"
        },
        {
            "segment_code3": "200168",
            "budget_type_name": "Controlling Budget",
            "created_date": "2021-05-02T17:07:21Z"
        },
        {
            "segment_code3": "200045",
            "budget_type_name": "Controlling Budget",
            "created_date": "2021-05-02T17:07:21Z"
        },
        {
            "segment_code3": "200126",
            "budget_type_name": "Controlling Budget",
            "created_date": "2021-05-02T17:07:21Z"
        },
        {
            "segment_code3": "200214",
            "budget_type_name": "Controlling Budget",
            "created_date": "2021-05-02T17:07:21Z"
        },
        {
            "segment_code3": "200203",
            "budget_type_name": "Controlling Budget",
            "created_date": "2021-05-02T17:07:21Z"
        },
        {
            "segment_code3": "200208",
            "budget_type_name": "Controlling Budget",
            "created_date": "2021-05-02T17:07:21Z"
        },
        {
            "segment_code3": "200319",
            "budget_type_name": "Controlling Budget",
            "created_date": "2021-05-02T17:07:21Z"
        },
        {
            "segment_code3": "200034",
            "budget_type_name": "Controlling Budget",
            "created_date": "2021-05-02T17:07:21Z"
        },
        {
            "segment_code3": "200298",
            "budget_type_name": "Controlling Budget",
            "created_date": "2021-05-02T17:07:22Z"
        },
        {
            "segment_code3": "100284",
            "budget_type_name": "Controlling Budget",
            "created_date": "2021-05-02T17:07:22Z"
        },
        {
            "segment_code3": "200271",
            "budget_type_name": "Controlling Budget",
            "created_date": "2021-05-02T17:07:22Z"
        },
        {
            "segment_code3": "100613",
            "budget_type_name": "Controlling Budget",
            "created_date": "2021-05-02T17:07:22Z"
        },
        {
            "segment_code3": "100468",
            "budget_type_name": "Controlling Budget",
            "created_date": "2021-05-02T17:07:22Z"
        },
        {
            "segment_code3": "100586",
            "budget_type_name": "Controlling Budget",
            "created_date": "2021-05-02T17:07:22Z"
        },
        {
            "segment_code3": "100611",
            "budget_type_name": "Controlling Budget",
            "created_date": "2021-05-02T17:07:22Z"
        },
        {
            "segment_code3": "200113",
            "budget_type_name": "Controlling Budget",
            "created_date": "2021-05-02T17:07:23Z"
        },
        {
            "segment_code3": "100569",
            "budget_type_name": "Controlling Budget",
            "created_date": "2021-05-02T17:07:23Z"
        },
        {
            "segment_code3": "100572",
            "budget_type_name": "Controlling Budget",
            "created_date": "2021-05-02T17:07:23Z"
        },
        {
            "segment_code3": "100234",
            "budget_type_name": "Controlling Budget",
            "created_date": "2021-05-02T17:07:23Z"
        },
        {
            "segment_code3": "100479",
            "budget_type_name": "Controlling Budget",
            "created_date": "2021-05-02T17:07:23Z"
        }
    ],
    "hasMore": false,
    "limit": 500,
    "offset": 0,
    "count": 382,
    "links": [
        {
            "rel": "self",
            "href": "https://coq4hi5ehnacuc6-dotvicadwdev.adb.ap-sydney-1.oraclecloudapps.com/ords/btftapp_db/Budgeting/getBudgetProjectActionList"
        },
        {
            "rel": "describedby",
            "href": "https://coq4hi5ehnacuc6-dotvicadwdev.adb.ap-sydney-1.oraclecloudapps.com/ords/btftapp_db/metadata-catalog/Budgeting/item"
        },
        {
            "rel": "first",
            "href": "https://coq4hi5ehnacuc6-dotvicadwdev.adb.ap-sydney-1.oraclecloudapps.com/ords/btftapp_db/Budgeting/getBudgetProjectActionList"
        }
    ]
}