{
    "openapi": "3.0.0",
    "info": {
        "title": "Ic Api Integration V1 Flows Rest INT05 VBCS PFM PROJE BUDGE IMPOR 1.0",
        "version": "1.0.0"
    },
    "servers": [
        {
            "url": "https://dotvic-prod-sdkuzeu06hot-sy.integration.ocp.oraclecloud.com/ic/api/integration/v1/flows/rest/INT05_VBCS_PFM_PROJE_BUDGE_IMPOR/1.0",
            "description": "Ic Api Integration V1 Flows Rest INT05 VBCS PFM PROJE BUDGE IMPOR 1.0",
            "x-vb": {
                "authentication": {
                    "authenticated": {
                        "type": "basic",
                        "credentials": "vb_a36b8f0e-898c-4c1b-9b99-d4f9fa3a915e"
                    }
                },
                "forceProxy": "cors"
            }
        }
    ],
    "paths": {
        "/importProjectsfromVBCS": {
            "post": {
                "operationId": "postImportProjectsfromVBCS",
                "requestBody": {
                    "content": {
                        "application/json": {
                            "examples": {
                                "vb": {
                                    "externalValue": "./examples/postImportProjectsfromVBCS/request_application_json_vb.json",
                                    "summary": "Example stored by VB User"
                                }
                            },
                            "schema": {
                                "$ref": "#/components/schemas/PostImportProjectsfromVBCSRequest"
                            }
                        }
                    }
                },
                "responses": {
                    "default": {
                        "description": "Default response",
                        "content": {
                            "application/json": {
                                "schema": {
                                    "$ref": "#/components/schemas/PostImportProjectsfromVBCSResponse"
                                },
                                "examples": {
                                    "vb": {
                                        "externalValue": "./examples/postImportProjectsfromVBCS/response_default_application_json_vb.json",
                                        "summary": "Example stored by VB User"
                                    }
                                }
                            }
                        }
                    }
               },
                "x-vb": {
                    "actionHint": "create"
                },
                "parameters": []
            }
        }
    },
    "components": {
        "schemas": {
            "PostImportProjectsfromVBCSResponse": {
                "type": "object",
                "properties": {
                    "ImportProjectBudgetUtilResponse": {
                        "type": "object",
                        "properties": {
                            "TotalRecordCount": {
                                "type": "string"
                            },
                            "Status": {
                                "type": "string"
                            },
                            "error": {
                                "type": "object",
                                "properties": {
                                    "errorCode": {
                                        "type": "string"
                                    },
                                    "errorReason": {
                                        "type": "string"
                                    },
                                    "errorDetails": {
                                        "type": "string"
                                    }
                                }
                            }
                        }
                    }
                }
            },
            "PostImportProjectsfromVBCSRequest": {
                "type": "object",
                "properties": {
                    "ProjectNumber": {
                        "type": "string"
                    },
                    "BudgetVersionName": {
                        "type": "string"
                    }
                }
            }
        }
    }
}