{
    "items": [
        {
            "budget_type_id": 1,
            "budget_type_name": "Controlling Budget"
        },
        {
            "budget_type_id": 2,
            "budget_type_name": "Forecasting Budget"
        },
        {
            "budget_type_id": 3,
            "budget_type_name": "Contract Budget"
        }
    ],
    "hasMore": false,
    "limit": 25,
    "offset": 0,
    "count": 3,
    "links": [
        {
            "rel": "self",
            "href": "https://coq4hi5ehnacuc6-dotvicadwdev.adb.ap-sydney-1.oraclecloudapps.com/ords/btftapp_db/ProjectSearch/getBudgetTypes"
        },
        {
            "rel": "describedby",
            "href": "https://coq4hi5ehnacuc6-dotvicadwdev.adb.ap-sydney-1.oraclecloudapps.com/ords/btftapp_db/metadata-catalog/ProjectSearch/item"
        },
        {
            "rel": "first",
            "href": "https://coq4hi5ehnacuc6-dotvicadwdev.adb.ap-sydney-1.oraclecloudapps.com/ords/btftapp_db/ProjectSearch/getBudgetTypes"
        }
    ]
}