{
  "description": "",
  "root": "assignVariables1",
  "actions": {
    "assignVariables1": {
      "module": "vb/action/builtin/assignVariablesAction",
      "parameters": {
        "$application.variables.project_number": {
          "source": "200047-01"
        },
        "$application.variables.budget_id": {
          "source": "1"
        },
        "$application.variables.project_startdate": {
          "source": "{{ $variables.detail.startdate }}"
        },
        "$application.variables.project_enddate": {
          "source": "{{ $variables.detail.enddate }}"
        },
        "$application.variables.endDateFormatted": {
          "source": "{{ $variables.detail.endDateDisplay }}"
        },
        "$application.variables.startDateFormatted": {
          "source": "{{ $variables.detail.startDateDisplay }}"
        }
      },
      "outcomes": {
        "success": "navigateToPage1"
      }
    },
    "navigateToPage1": {
      "module": "vb/action/builtin/navigateAction",
      "parameters": {
        "page": "main-projectbudgeting"
      }
    }
  },
  "variables": {
    "detail": {
      "required": true,
      "type": "any",
      "input": "fromCaller"
    }
  }
}