{
  "description": "",
  "root": "callModuleFunction2",
  "actions": {
    "callModuleFunction1": {
      "module": "vb/action/builtin/callModuleFunctionAction",
      "parameters": {
        "module": "[[ $functions ]]",
        "functionName": "handleAfterEdit",
        "params": [
          "{{ $variables.detail }}"
        ]
      },
      "outcomes": {
        "success": "resetVariablesGetControllingTotal"
      }
    },
    "callModuleFunction2": {
      "module": "vb/action/builtin/callModuleFunctionAction",
      "outcomes": {
        "success": "callModuleFunction1"
      },
      "parameters": {
        "module": "[[ $application.functions ]]",
        "functionName": "showLoading"
      }
    },
    "callModuleFunction3": {
      "module": "vb/action/builtin/callModuleFunctionAction",
      "parameters": {
        "module": "[[ $application.functions ]]",
        "functionName": "hideLoading"
      }
    },
    "callComponentBarChartRefresh": {
      "module": "vb/action/builtin/callComponentMethodAction",
      "parameters": {
        "component": "{{ document.getElementById('barChart') }}",
        "method": "refresh"
      },
      "outcomes": {
        "success": "callComponentBarChartTEIRefresh"
      }
    },
    "assignVariablesGetControllingTotal": {
      "module": "vb/action/builtin/assignVariablesAction",
      "parameters": {
        "$page.variables.getControllingTotal": {
          "source": {
            "data": "{{ $chain.results.callModuleFunction1.controllingTotalArr }}"
          },
          "reset": "none",
          "auto": "always"
        },
        "$page.variables.projectDetDataGrid_copy": {
          "source": "{{ $chain.results.callModuleFunction1.budgetData }}"
        },
        "$page.variables.getTEITotal": {
          "source": {
            "data": "{{ $chain.results.callModuleFunction1.totalTEIArr }}"
          },
          "reset": "none",
          "auto": "always"
        }
      },
      "outcomes": {
        "success": "callComponentBarChartRefresh"
      }
    },
    "resetVariablesGetControllingTotal": {
      "module": "vb/action/builtin/resetVariablesAction",
      "parameters": {
        "variables": [
          "$page.variables.getControllingTotal",
          "$page.variables.getTEITotal"
        ]
      },
      "outcomes": {
        "success": "assignVariablesGetControllingTotal"
      }
    },
    "callComponentBarChartTEIRefresh": {
      "module": "vb/action/builtin/callComponentMethodAction",
      "parameters": {
        "component": "{{ document.getElementById('barChartTEI') }}",
        "method": "refresh"
      },
      "outcomes": {
        "success": "callModuleFunction3"
      }
    }
  },
  "variables": {
    "detail": {
      "required": true,
      "type": "any",
      "input": "fromCaller"
    }
  }
}