{
  "description": "",
  "root": "callFunctionShowLoading",
  "actions": {
    "callFunctionShowLoading": {
      "module": "vb/action/builtin/callModuleFunctionAction",
      "parameters": {
        "module": "[[ $application.functions ]]",
        "functionName": "showLoading"
      },
      "outcomes": {
        "success": "resetVariablesShowUploadValErrMsg"
      }
    },
    "resetVariablesShowUploadValErrMsg": {
      "module": "vb/action/builtin/resetVariablesAction",
      "parameters": {
        "variables": [
          "$page.variables.showUploadValErrMsg",
          "$page.variables.showUploadValSuccMsg",
          "$page.variables.UploadVaErrMsg",
          "$page.variables.bulkUploadErrorsADP"
        ]
      },
      "outcomes": {
        "success": "callFunctionReadFileContent"
      }
    },
    "callFunctionReadFileContent": {
      "module": "vb/action/builtin/callModuleFunctionAction",
      "parameters": {
        "module": "[[ $functions ]]",
        "functionName": "readFileContent",
        "params": [
          "{{ $variables.files[0] }}"
        ]
      },
      "outcomes": {
        "success": "callFunctionProcessFileContent"
      }
    },
    "callFunctionProcessFileContent": {
      "module": "vb/action/builtin/callModuleFunctionAction",
      "parameters": {
        "module": "[[ $functions ]]",
        "functionName": "processFileContent",
        "params": [
          "{{ $chain.results.callFunctionReadFileContent }}",
          "{{ $application.user.email }}",
          "{{ $application.variables.project_name }}",
          "{{ $application.variables.initiative_code }}",
          "{{ $application.variables.authority_code }}",
          "{{ $application.variables.cost_center }}"
        ]
      },
      "outcomes": {
        "success": "callRestPostProjWBSBulkUploadProjectBudget"
      }
    },
    "fireNotification": {
      "module": "vb/action/builtin/fireNotificationEventAction",
      "parameters": {
        "target": "leaf",
        "summary": "Error in  updating budget. Please try after some time.",
        "type": "error",
        "displayMode": "persist",
        "message": "Error in  updating budget. Please try after some time."
      },
      "outcomes": {
        "success": "assignVariablesShowUploadValErrMsg"
      }
    },
    "callRestPostProjWBSBulkUploadProjectBudget": {
      "module": "vb/action/builtin/restAction",
      "parameters": {
        "endpoint": "ordsBtftapp/postProjWBSBulkUploadProjectBudget",
        "body": "{{ $chain.results.callFunctionProcessFileContent }}"
      },
      "outcomes": {
        "failure": "fireNotification",
        "success": "if"
      }
    },
    "assignVariablesShowUploadValErrMsg": {
      "module": "vb/action/builtin/assignVariablesAction",
      "parameters": {
        "$page.variables.showUploadValErrMsg": {
          "source": true
        },
        "$page.variables.UploadVaErrMsg": {
          "source": "Error in  updating budget. Please try after some time."
        }
      },
      "outcomes": {
        "success": "callFunctionHideLoading2"
      }
    },
    "fireNotification3": {
      "module": "vb/action/builtin/fireNotificationEventAction",
      "parameters": {
        "target": "leaf",
        "summary": "Project budget data validated successfully. Please click on save to save the changes.",
        "message": "Project budget data validated successfully. Please click on save to save the changes.",
        "type": "confirmation",
        "displayMode": "transient"
      },
      "outcomes": {
        "success": "callComponentProjectBudetErrorTableRefresh2"
      }
    },
    "assignVariablesShowUploadValSuccMsg": {
      "module": "vb/action/builtin/assignVariablesAction",
      "parameters": {
        "$page.variables.showUploadValSuccMsg": {
          "source": "Project budget data validated successfully. Please click on save to save the changes."
        },
        "$page.variables.uploadSaveButton": {
          "source": false
        }
      },
      "outcomes": {
        "success": "callFunctionHideLoading"
      }
    },
    "callFunctionHideLoading": {
      "module": "vb/action/builtin/callModuleFunctionAction",
      "parameters": {
        "module": "[[ $application.functions ]]",
        "functionName": "hideLoading"
      }
    },
    "if": {
      "module": "vb/action/builtin/ifAction",
      "parameters": {
        "condition": "[[ $chain.results.callRestPostProjWBSBulkUploadProjectBudget.body.success_flag == 'true' ]]"
    },
      "outcomes": {
        "true": "fireNotification3",
        "false": "callRestGetProjectBulkUploadErrors"
      }
    },
    "callRestGetProjectBulkUploadErrors": {
      "module": "vb/action/builtin/restAction",
      "parameters": {
        "endpoint": "ordsBtftapp/getProjectBulkUploadErrors",
        "uriParams": {
          "uploaded_by_ip": "{{ $application.user.email }}",
          "project_code": "{{ $application.variables.project_name.substr(0, $application.variables.project_name.indexOf('-')).trim() }}"
        }
      },
      "outcomes": {
        "failure": "fireNotification6",
        "success": "if2"
      }
    },
    "callFunctionHideLoading2": {
      "module": "vb/action/builtin/callModuleFunctionAction",
      "parameters": {
        "module": "[[ $application.functions ]]",
        "functionName": "hideLoading"
      }
    },
    "callFunctionHideLoading3": {
      "module": "vb/action/builtin/callModuleFunctionAction",
      "parameters": {
        "module": "[[ $application.functions ]]",
        "functionName": "hideLoading"
      },
      "outcomes": {
        "success": "callFunctionHideLoading"
      }
    },
    "resetVariablesBulkUploadErrorsADP": {
      "module": "vb/action/builtin/resetVariablesAction",
      "parameters": {
        "variables": [
          "$page.variables.bulkUploadErrorsADP"
        ]
      },
      "outcomes": {
        "success": "fireDataProviderEventBulkUploadErrorsADP"
      }
    },
    "fireDataProviderEventBulkUploadErrorsADP": {
      "module": "vb/action/builtin/fireDataProviderEventAction",
      "parameters": {
        "target": "[[ $page.variables.bulkUploadErrorsADP ]]",
        "add": {
          "data": "{{ $chain.results.callRestGetProjectBulkUploadErrors.body.items }}"
        }
      },
      "outcomes": {
        "success": "fireNotification4"
      }
    },
    "fireNotification4": {
      "module": "vb/action/builtin/fireNotificationEventAction",
      "parameters": {
        "target": "leaf",
        "summary": " Error in  updating project budget. Please fix the errors before uploading.",
        "message": " Error in  updating project budget. Please fix the errors before uploading."
      },
      "outcomes": {
        "success": "assignVariablesShowUploadValErrMsg3"
      }
    },
    "fireNotification6": {
      "module": "vb/action/builtin/fireNotificationEventAction",
      "parameters": {
        "target": "leaf",
        "summary": "Error in getting upload errors. Please try after sometime.",
        "message": "Error in getting upload errors. Please try after sometime."
      },
      "outcomes": {
        "success": "callFunctionHideLoading4"
      }
    },
    "assignVariablesShowUploadValErrMsg3": {
      "module": "vb/action/builtin/assignVariablesAction",
      "parameters": {
        "$page.variables.showUploadValErrMsg": {
          "source": true
        },
        "$page.variables.UploadVaErrMsg": {
          "source": "Error in  updating project budget. Please fix the errors before uploading."
        }
      },
      "outcomes": {
        "success": "callComponentProjectBudetErrorTableRefresh"
      }
    },
    "callFunctionHideLoading4": {
      "module": "vb/action/builtin/callModuleFunctionAction",
      "parameters": {
        "module": "[[ $application.functions ]]",
        "functionName": "hideLoading"
      }
    },
    "callComponentProjectBudetErrorTableRefresh": {
      "module": "vb/action/builtin/callComponentMethodAction",
      "parameters": {
        "component": "{{ document.getElementById('projectBudetErrorTable') }}",
        "method": "refresh"
      },
      "outcomes": {
        "success": "callFunctionHideLoading3"
      }
    },
    "callFunctionHideLoading5": {
      "module": "vb/action/builtin/callModuleFunctionAction",
      "parameters": {
        "module": "[[ $application.functions ]]",
        "functionName": "hideLoading"
      }
    },
    "if2": {
      "module": "vb/action/builtin/ifAction",
      "parameters": {
        "condition": "[[ $chain.results.callRestGetProjectBulkUploadErrors.body.count > 0 ]]"
      },
      "outcomes": {
        "true": "resetVariablesBulkUploadErrorsADP",
        "false": "callFunctionHideLoading5"
      }
    },
    "callComponentProjectBudetErrorTableRefresh2": {
      "module": "vb/action/builtin/callComponentMethodAction",
      "parameters": {
        "component": "{{ document.getElementById('projectBudetErrorTable') }}",
        "method": "refresh"
      },
      "outcomes": {
        "success": "assignVariablesShowUploadValSuccMsg"
      }
    }
  },
  "variables": {
    "files": {
      "required": true,
      "type": "object[]",
      "input": "fromCaller"
    }
  }
}