{
  "description": "",
  "root": "resetVariablesShowUploadValErrMsg",
  "actions": {
    "callComponentImportprojectDataPopupOpen": {
      "module": "vb/action/builtin/callComponentMethodAction",
      "parameters": {
        "component": "{{ document.getElementById('importprojectDataPopup') }}",
        "method": "open"
      }
    },
    "resetVariablesShowUploadValErrMsg": {
      "module": "vb/action/builtin/resetVariablesAction",
      "parameters": {
        "variables": [
          "$page.variables.showUploadValErrMsg",
          "$page.variables.showUploadValSuccMsg",
          "$page.variables.bulkUploadErrorsADP"
        ]
      },
      "outcomes": {
        "success": "callComponentImportprojectDataPopupOpen"
      }
    }
  },
  "variables": {}
}