{
  "description": "",
  "root": "callModuleFunction2",
  "actions": {
    "navigateToPage1": {
      "module": "vb/action/builtin/navigateAction",
      "parameters": {
        "page": "main-projectbudgeting",
        "params": {
          "subProjNum": "{{ $application.variables.project_number }}"
        }
      }
    },
    "callModuleFunction1": {
      "module": "vb/action/builtin/callModuleFunctionAction",
      "outcomes": {
        "success": "assignVariablesProjectNumber"
      },
      "parameters": {
        "module": "[[ $functions ]]",
        "functionName": "myActionFunction",
        "params": [
          "{{ $variables.menuId }}"
        ]
      }
    },
    "callModuleFunction2": {
      "module": "vb/action/builtin/callModuleFunctionAction",
      "outcomes": {
        "success": "callModuleFunction1"
      },
      "parameters": {
        "module": "[[ $application.functions ]]",
        "functionName": "showLoading"
      }
    },
    "assignVariablesProjectNumber": {
      "module": "vb/action/builtin/assignVariablesAction",
      "parameters": {
        "$application.variables.project_number": {
          "source": "{{ $chain.results.callModuleFunction1.project.split('-')[0].trim() }}"
        },
        "$application.variables.budget_id": {
          "source": "1"
        },
        "$application.variables.project_startdate": {
          "source": "{{ $chain.results.callModuleFunction1.startdate }}"
        },
        "$application.variables.project_enddate": {
          "source": "{{ $chain.results.callModuleFunction1.enddate }}"
        },
        "$application.variables.endDateFormatted": {
          "source": "{{ $chain.results.callModuleFunction1.endDateDisplay }}"
        },
        "$application.variables.startDateFormatted": {
          "source": "{{ $chain.results.callModuleFunction1.startDateDisplay }}"
        },
        "$application.variables.subrojectDet": {
          "source": "{{ $chain.results.callModuleFunction1.projectDet }}"
        },
        "$application.variables.subProject_name": {
          "source": "{{ $chain.results.callModuleFunction1.projectName }}"
        },
        "$application.variables.isPerformMode": {
          "source": true
        },
        "$application.variables.TEIamount": {
          "source": "{{ $chain.results.callModuleFunction1.tei }}"
        }
      },
      "outcomes": {
        "success": "switchMenuId"
      }
    },
    "switchMenuId": {
      "module": "vb/action/builtin/switchAction",
      "parameters": {
        "caseValue": "[[ $variables.menuId ]]",
        "possibleValues": [
          "performWBS",
          "performForecastWBS",
          "performContracttWBS"
        ]
      },
      "outcomes": {
        "performWBS": "navigateToPage1",
        "performForecastWBS": "navigateToMainProjectForecast",
        "performContracttWBS": "navigateToMainProjectContract"
      }
    },
    "navigateToMainProjectForecast": {
      "module": "vb/action/builtin/navigateAction",
      "parameters": {
        "page": "main-project-forecast",
        "params": {
          "sub_project_number": "{{ $page.variables.subProjectNumber }}"
        }
      }
    },
    "navigateToMainProjectContract": {
      "module": "vb/action/builtin/navigateAction",
      "parameters": {
        "page": "main-project-contract1",
        "params": {
          "sub_project_number": "{{ $page.variables.subProjectNumber }}"
        }
      }
    }
  },
  "variables": {
    "menuId": {
      "required": true,
      "type": "any",
      "input": "fromCaller"
    },
    "sub_project_number": {
      "type": "string",
      "required": true,
      "input": "fromCaller"
    }
  }
}