{
  "description": "",
  "root": "switchMenuId",
  "actions": {
    "switchMenuId": {
      "module": "vb/action/builtin/switchAction",
      "parameters": {
        "caseValue": "[[ $variables.menuId ]]",
        "possibleValues": [
              "Comments",
              "History",
          "PFM Allocation"
            ]
      },
      "outcomes": {
        "Comments": "callRestGetProjWBSGetProjectComments",
        "History": "callRestGetBudgetSubProjectHistory",
        "PFM Allocation": "callFunctionShowPFMAllocationDiv"
      }
      
    },
    "callFunctionShowCommentTable": {
      "module": "vb/action/builtin/callModuleFunctionAction",
      "parameters": {
        "module": "[[ $functions ]]",
        "functionName": "showCommentTable"
      },
      "outcomes": {
        "success": "callComponentCommentTablecmpRefresh"
      }
    },
    "callFunctionShowPFMAllocationDiv": {
      "module": "vb/action/builtin/callModuleFunctionAction",
      "parameters": {
        "module": "[[ $functions ]]",
        "functionName": "showPFMAllocationDiv"
      }
    },
    "callFunctionShowHistoryTable": {
      "module": "vb/action/builtin/callModuleFunctionAction",
      "parameters": {
        "module": "[[ $functions ]]",
        "functionName": "showHistoryTable"
      },
      "outcomes": {
        "success": "callComponentHistoryTablecmpRefresh"
      }
    },
    "fireNotification": {
      "module": "vb/action/builtin/fireNotificationEventAction",
      "parameters": {
        "target": "leaf",
        "summary": "Error loading comments data. Please refresh and try again!",
        "type": "error",
        "displayMode": "persist"
      }
    },
    "callRestGetProjWBSGetProjectComments": {
      "module": "vb/action/builtin/restAction",
      "parameters": {
        "endpoint": "ordsBtftapp/getProjWBSGetProjectComments",
        "uriParams": {
          "commentLevel": "S",
          "subProjNum": "{{ $application.variables.initiative_code + $application.variables.authority_code + $application.variables.base_project_number + $application.variables.cost_center }}"
        }
      },
      "outcomes": {
        "failure": "fireNotification",
        "success": "ifProjectCommentsADP"
      }
    },
    "ifProjectCommentsADP": {
      "module": "vb/action/builtin/ifAction",
      "parameters": {
        "condition": "[[ $page.variables.projectCommentsADP.data.length ]]"
      },
      "outcomes": {
        "true": "fireDataProviderEventProjectCommentsADP",
        "false": "if"
      }
    },
    "fireDataProviderEventProjectCommentsADP": {
      "module": "vb/action/builtin/fireDataProviderEventAction",
      "parameters": {
        "target": "[[ $page.variables.projectCommentsADP ]]",
        "remove": {
          "data": "{{ $page.variables.projectCommentsADP.data }}"
        }
      },
      "outcomes": {
        "success": "resetVariablesProjectCommentsADP"
      }
    },
    "if": {
      "module": "vb/action/builtin/ifAction",
      "parameters": {
        "condition": "[[ $chain.results.callRestGetProjWBSGetProjectComments.body.items.length ]]"
      },
      "outcomes": {
        "true": "fireDataProviderEventProjectCommentsADP2",
        "false": "callFunctionShowCommentTable"
      }
    },
    "fireDataProviderEventProjectCommentsADP2": {
      "module": "vb/action/builtin/fireDataProviderEventAction",
      "parameters": {
        "target": "[[ $page.variables.projectCommentsADP ]]",
        "add": {
          "data": "{{ $chain.results.callRestGetProjWBSGetProjectComments.body.items }}"
        }
      },
      "outcomes": {
        "success": "callFunctionShowCommentTable"
      }
    },
    "callComponentCommentTablecmpRefresh": {
      "module": "vb/action/builtin/callComponentMethodAction",
      "parameters": {
        "component": "{{ document.getElementById('commentTablecmp') }}",
        "method": "refresh"
      }
    },
    "fireNotification3": {
      "module": "vb/action/builtin/fireNotificationEventAction",
      "parameters": {
        "target": "leaf",
        "summary": "Error loading history data. Please refresh and try again!",
        "type": "error",
        "displayMode": "persist"
      }
    },
    "callRestGetBudgetSubProjectHistory": {
      "module": "vb/action/builtin/restAction",
      "parameters": {
        "endpoint": "ordsBtftapp/getBudgetSubProjectHistory",
        "uriParams": {
          "authority_code": "{{ $application.variables.authority_code }}",
          "cc_code": "{{ $application.variables.cost_center }}",
          "initiative_code": "{{ $application.variables.initiative_code }}",
          "project_code": "{{ $application.variables.base_project_number }}"
        }
      },
      "outcomes": {
        "failure": "fireNotification3",
        "success": "callFunctionFormatHistoryData"
      }
    },
    "callComponentHistoryTablecmpRefresh": {
      "module": "vb/action/builtin/callComponentMethodAction",
      "parameters": {
        "component": "{{ document.getElementById('historyTablecmp') }}",
        "method": "refresh"
      },
      "outcomes": {
        "success": "callComponentHistoryTablecmp1Refresh"
      }
    },
    "callComponentHistoryTablecmp1Refresh": {
      "module": "vb/action/builtin/callComponentMethodAction",
      "parameters": {
        "component": "{{ document.getElementById('historyTablecmp1') }}",
        "method": "refresh"
      },
      "outcomes": {
        "success": "callComponentHistoryTablecmp2Refresh"
      }
    },
    "callComponentHistoryTablecmp2Refresh": {
      "module": "vb/action/builtin/callComponentMethodAction",
      "parameters": {
        "component": "{{ document.getElementById('historyTablecmp2') }}",
        "method": "refresh"
      },
      "outcomes": {
        "success": "callComponentHistoryTablecmp3Refresh"
      }
    },
    "callComponentHistoryTablecmp3Refresh": {
      "module": "vb/action/builtin/callComponentMethodAction",
      "parameters": {
        "component": "{{ document.getElementById('historyTablecmp3') }}",
        "method": "refresh"
      },
      "outcomes": {
      }
    },
    "callFunctionFormatHistoryData": {
      "module": "vb/action/builtin/callModuleFunctionAction",
      "parameters": {
        "module": "[[ $functions ]]",
        "functionName": "formatHistoryData",
        "params": [
          "{{ $chain.results.callRestGetBudgetSubProjectHistory.body.items }}",
          "{{ $application.variables.configVal.budgetTypes }}"
        ]
      },
      "outcomes": {
        "success": "runInParallel"
      }
    },
    "runInParallel": {
      "module": "vb/action/builtin/forkAction",
      "parameters": {
        "actions": {
          "ifProjectHistoryADP": "ifProjectHistoryCPBudADP",
          "if3": "ifProjectHistorySPTEIADP",
          "if4": "ifProjectHistorySPBudADP",
          "if5": "ifProjectHistoryCPTEIADP"
        }
      },
      "outcomes": {
        "join": "callFunctionShowHistoryTable"
      }
    },
    "ifProjectHistoryCPBudADP": {
      "module": "vb/action/builtin/ifAction",
      "parameters": {
        "condition": "[[ $page.variables.projectHistoryCPBudADP.data.length ]]"
      },
      "outcomes": {
        "true": "fireDataProviderEventProjectHistoryCPBudADP",
        "false": "if6"
      }
    },
    "fireDataProviderEventProjectHistoryCPBudADP": {
      "module": "vb/action/builtin/fireDataProviderEventAction",
      "parameters": {
        "target": "[[ $page.variables.projectHistoryCPBudADP ]]",
        "remove": {
          "data": "{{ $page.variables.projectHistoryCPBudADP.data }}"
        }
      },
      "outcomes": {
        "success": "if6"
      }
    },
    "fireDataProviderEventProjectHistoryCPBudADP2": {
      "module": "vb/action/builtin/fireDataProviderEventAction",
      "parameters": {
        "target": "[[ $page.variables.projectHistoryCPBudADP ]]",
        "add": {
          "data": "{{ $chain.results.callFunctionFormatHistoryData.cpbudgetdata }}"
        }
      }
    },
    "ifProjectHistoryCPTEIADP": {
      "module": "vb/action/builtin/ifAction",
      "parameters": {
        "condition": "[[ $page.variables.projectHistoryCPTEIADP.data.length ]]"
      },
      "outcomes": {
        "true": "fireDataProviderEventProjectHistoryCPTEIADP",
        "false": "if5"
      }
    },
    "ifProjectHistorySPBudADP": {
      "module": "vb/action/builtin/ifAction",
      "parameters": {
        "condition": "[[ $page.variables.projectHistorySPBudADP.data.length ]]"
      },
      "outcomes": {
        "true": "fireDataProviderEventProjectHistorySPBudADP",
        "false": "if3"
      }
    },
    "ifProjectHistorySPTEIADP": {
      "module": "vb/action/builtin/ifAction",
      "parameters": {
        "condition": "[[ $page.variables.projectHistorySPTEIADP.data.length ]]"
      },
      "outcomes": {
        "true": "fireDataProviderEventProjectHistorySPTEIADP",
        "false": "if4"
      }
    },
    "fireDataProviderEventProjectHistorySPTEIADP": {
      "module": "vb/action/builtin/fireDataProviderEventAction",
      "parameters": {
        "target": "[[ $page.variables.projectHistorySPTEIADP ]]",
        "remove": {
          "data": "{{ $page.variables.projectHistorySPTEIADP.data }}"
        }
      },
      "outcomes": {
        "success": "if4"
      }
    },
    "fireDataProviderEventProjectHistorySPBudADP": {
      "module": "vb/action/builtin/fireDataProviderEventAction",
      "parameters": {
        "target": "[[ $page.variables.projectHistorySPBudADP ]]",
        "remove": {
          "data": "{{ $page.variables.projectHistorySPBudADP.data }}"
        }
      },
      "outcomes": {
        "success": "if3"
      }
    },
    "fireDataProviderEventProjectHistoryCPTEIADP": {
      "module": "vb/action/builtin/fireDataProviderEventAction",
      "parameters": {
        "target": "[[ $page.variables.projectHistoryCPTEIADP ]]",
        "remove": {
          "data": "{{ $page.variables.projectHistoryCPTEIADP.data }}"
        }
      },
      "outcomes": {
        "success": "if5"
      }
    },
    "fireDataProviderEventProjectHistoryCPTEIADP2": {
      "module": "vb/action/builtin/fireDataProviderEventAction",
      "parameters": {
        "target": "[[ $page.variables.projectHistoryCPTEIADP ]]",
        "add": {
          "data": "{{ $chain.results.callFunctionFormatHistoryData.cpteidata }}"
        }
      }
    },
    "fireDataProviderEventProjectHistorySPBudADP2": {
      "module": "vb/action/builtin/fireDataProviderEventAction",
      "parameters": {
        "target": "[[ $page.variables.projectHistorySPBudADP ]]",
        "add": {
          "data": "{{ $chain.results.callFunctionFormatHistoryData.spbudgetdata }}"
        }
      }
    },
    "fireDataProviderEventProjectHistorySPTEIADP2": {
      "module": "vb/action/builtin/fireDataProviderEventAction",
      "parameters": {
        "target": "[[ $page.variables.projectHistorySPTEIADP ]]",
        "add": {
          "data": "{{ $chain.results.callFunctionFormatHistoryData.spteidata }}"
        }
      }
    },
    "if4": {
      "module": "vb/action/builtin/ifAction",
      "parameters": {
        "condition": "[[ $chain.results.callFunctionFormatHistoryData.spteidata.length ]]"
      },
      "outcomes": {
        "true": "fireDataProviderEventProjectHistorySPTEIADP2"
      }
    },
    "if3": {
      "module": "vb/action/builtin/ifAction",
      "parameters": {
        "condition": "[[ $chain.results.callFunctionFormatHistoryData.spbudgetdata.length ]]"
      },
      "outcomes": {
        "true": "fireDataProviderEventProjectHistorySPBudADP2"
      }
    },
    "if5": {
      "module": "vb/action/builtin/ifAction",
      "parameters": {
        "condition": "[[ $chain.results.callFunctionFormatHistoryData.cpteidata.length ]]"
      },
      "outcomes": {
        "true": "fireDataProviderEventProjectHistoryCPTEIADP2"
      }
    },
    "if6": {
      "module": "vb/action/builtin/ifAction",
      "parameters": {
        "condition": "[[ $chain.results.callFunctionFormatHistoryData.cpbudgetdata.length ]]"
      },
      "outcomes": {
        "true": "fireDataProviderEventProjectHistoryCPBudADP2"
      }
    },
    "resetVariablesProjectCommentsADP": {
      "module": "vb/action/builtin/resetVariablesAction",
      "parameters": {
        "variables": [
          "$page.variables.projectCommentsADP"
        ]
      },
      "outcomes": {
        "success": "if"
      }
    }
  },
  "variables": {
    "menuId": {
      "required": true,
      "type": "any",
      "input": "fromCaller"
    }
  }
}