{
  "description": "",
  "root": "callFunctionMenuBeforeOpenAction",
  "actions": {
    "callFunctionMenuBeforeOpenAction": {
      "module": "vb/action/builtin/callModuleFunctionAction",
      "parameters": {
        "module": "[[ $functions ]]",
        "functionName": "menuBeforeOpenAction",
        "params": [
          "{{ $variables.event }}"
        ]
      },
      "outcomes": {
        "success": "assignVariablesStatus"
      }
    },
    "assignVariablesStatus": {
      "module": "vb/action/builtin/assignVariablesAction",
      "parameters": {
        "$page.variables.status": {
          "source": "{{ $chain.results.callFunctionMenuBeforeOpenAction.status }}"
        },
        "$page.variables.subProjectNumber": {
          "source": "{{ $chain.results.callFunctionMenuBeforeOpenAction.project }}"
        }
      }
    }
  },
  "variables": {
    "event": {
      "type": "object",
      "input": "fromCaller"
    }
  }
}