{
  "root": "callModuleFunction1",
  "description": "",
  "actions": {
    "callModuleFunction1": {
      "module": "vb/action/builtin/callModuleFunctionAction",
      "parameters": {
        "module": "[[ $application.functions ]]",
        "functionName": "showLoading"
      },
      "outcomes": {
        "success": "resetVariablesCapInvalidFlag"
      }
    },
    "callModuleFunction2": {
      "module": "vb/action/builtin/callModuleFunctionAction",
      "parameters": {
        "module": "[[ $application.functions ]]",
        "functionName": "hideLoading"
      }
    },
    "callModuleFunction5": {
      "module": "vb/action/builtin/callModuleFunctionAction",
      "outcomes": {
        "success": "callFunctionValidateTotalYearValues"
      },
      "parameters": {
        "module": "[[ $functions ]]",
        "functionName": "getProjDetDataGrid",
        "params": [
          "{{ [] }}",
          "{{ $application.variables.selectedBaseProjDet }}",
          "{{ $application.variables.base_project_number }}",
          "{{ $application.variables.authority_code }}",
          "{{ $page.variables.projVersioningADP.data }}",
          "{{ $application.variables.periodList }}",
          "{{ $chain.results.callRestGetSubProjectList.body.items }}",
          "{{ $page.variables.readonlyFlag }}",
          "{{ $page.variables.editFlag }}",
          "{{ $application.variables.fyADP.data }}",
          "{{ $chain.results.callFunctionInitFYArray }}",
          "{{ $application.variables.configVal.budgetTypes }}",
          "{{ $page.variables.capOpTotals }}"
        ]
      }
    },
    "runInParallel1": {
      "module": "vb/action/builtin/forkAction",
      "parameters": {
        "actions": {
          "callRest": "callRestGetUserAccessActionAllowed"
        }
      },
      "outcomes": {
        "join": "callRestGetSubProjectList"
      }
    },
    "fireNotification": {
      "module": "vb/action/builtin/fireNotificationEventAction",
      "parameters": {
        "target": "leaf",
        "summary": "[[ $chain.results.callRestGetSubProjectList.message.summary ]]",
        "type": "error",
        "displayMode": "persist"
      },
      "outcomes": {
        "success": "callModuleFunction2"
      }
    },
    "callRestGetSubProjectList": {
      "module": "vb/action/builtin/restAction",
      "parameters": {
        "endpoint": "ordsBtftapp/getSubProjectList",
        "uriParams": {
          "authority_code": "{{ $application.variables.authority_code }}",
          "project_number": "{{ $application.variables.base_project_number }}",
          "initiative_code": "{{ $application.variables.initiative_code }}",
          "cost_center": "{{ $application.variables.cost_center }}",
          "user_name": "{{ $application.user.username }}",
          "edit_flag": "{{ $page.variables.editFlag?1:0 }}"
        }
      },
      "outcomes": {
        "failure": "fireNotification",
        "success": "callRestGetProjectBudgetCurrentBudgetDataCapexOpex"
      }
    },
    "fireNotification2": {
      "module": "vb/action/builtin/fireNotificationEventAction",
      "parameters": {
        "target": "leaf",
        "summary": "[[ $chain.results.callRestGetUserAccessActionAllowed.message.summary ]]",
        "type": "error",
        "displayMode": "persist"
      },
      "outcomes": {
        "success": "callFunctionHideLoading"
      }
    },
    "callRestGetUserAccessActionAllowed": {
      "module": "vb/action/builtin/restAction",
      "parameters": {
        "endpoint": "ordsBtftapp/getUser_accessAction_allowed",
        "uriParams": {
          "page_name": "{{ $application.currentPage.id }}",
          "sub_project": "{{ $application.variables.base_project_number }}",
          "user_name": "{{ $application.user.username }}"
        }
      },
      "outcomes": {
        "failure": "fireNotification2",
        "success": "if4"
      }
    },
    "forEach": {
      "module": "vb/action/builtin/forEachAction",
      "parameters": {
        "items": "{{ $chain.results.callRestGetUserAccessActionAllowed.body.items }}",
        "actionId": "if"
      }
    },
    "if": {
      "module": "vb/action/builtin/ifAction",
      "parameters": {
        "condition": "[[ $current.data.action_allowed === 'READ' ]]"
      },
      "outcomes": {
        "true": "assignVariablesReadonlyFlag",
        "false": "if3"
      }
    },
    "if3": {
      "module": "vb/action/builtin/ifAction",
      "parameters": {
        "condition": "[[ $current.data.action_allowed === 'EDIT' ]]"
      },
      "outcomes": {
        "true": "assignVariablesEditFlag"
      }
    },
    "assignVariablesReadonlyFlag": {
      "module": "vb/action/builtin/assignVariablesAction",
      "parameters": {
        "$page.variables.readonlyFlag": {
          "source": true
        }
      },
      "outcomes": {
        "success": "if3"
      }
    },
    "assignVariablesEditFlag": {
      "module": "vb/action/builtin/assignVariablesAction",
      "parameters": {
        "$page.variables.editFlag": {
          "source": true
        }
      }
    },
    "if4": {
      "module": "vb/action/builtin/ifAction",
      "parameters": {
        "condition": "[[ $chain.results.callRestGetUserAccessActionAllowed.body.items.length ]]"
      },
      "outcomes": {
        "true": "assignVariablesPageAccess",
        "false": "assignVariablesReadonlyFlag3"
      }
    },
    "callFunctionHideLoading": {
      "module": "vb/action/builtin/callModuleFunctionAction",
      "parameters": {
        "module": "[[ $application.functions ]]",
        "functionName": "hideLoading"
      }
    },
    "assignVariablesReadonlyFlag3": {
      "module": "vb/action/builtin/assignVariablesAction",
      "parameters": {
        "$page.variables.readonlyFlag": {
          "source": true
        },
        "$page.variables.pageAccess": {
          "source": false
        }
      },
      "outcomes": {
        "success": "callFunctionHideLoading2"
      }
    },
    "callFunctionHideLoading2": {
      "module": "vb/action/builtin/callModuleFunctionAction",
      "parameters": {
        "module": "[[ $application.functions ]]",
        "functionName": "hideLoading"
      }
    },
    "assignVariablesPageAccess": {
      "module": "vb/action/builtin/assignVariablesAction",
      "parameters": {
        "$page.variables.pageAccess": {
          "source": true
        }
      },
      "outcomes": {
        "success": "forEach"
      }
    },
    "assignVariablesProjectDetDataGrid": {
      "module": "vb/action/builtin/assignVariablesAction",
      "parameters": {
        "$page.variables.projectDetDataGrid": {
          "source": "{{ $chain.results.callModuleFunction5.budgetData }}",
          "reset": "empty"
        },
        "$page.variables.change_status": {
          "source": "{{ $chain.results.callModuleFunction5.changeStatus }}"
        },
        "$page.variables.invalidAllocationFlag": {
          "source": "{{ $chain.results.callModuleFunction5.invalidAllocation }}"
        }
      },
      "outcomes": {
        "success": "assignVariablesOriginalProjDataGrid"
      }
    },
    "callFunctionHideLoading3": {
      "module": "vb/action/builtin/callModuleFunctionAction",
      "parameters": {
        "module": "[[ $application.functions ]]",
        "functionName": "hideLoading"
      }
    },
    "fireDataProviderEventGetControllingTotal2": {
      "module": "vb/action/builtin/fireDataProviderEventAction",
      "parameters": {
        "target": "[[ $page.variables.getControllingTotal ]]",
        "add": {
          "data": "{{ $chain.results.callModuleFunction5.controllingTotalArr }}"
        }
      },
      "outcomes": {
        "success": "callFunctionPrintObject"
      }
    },
    "callFunctionValidateTotalYearValues": {
      "module": "vb/action/builtin/callModuleFunctionAction",
      "parameters": {
        "module": "[[ $functions ]]",
        "functionName": "validateTotalYearValues",
        "params": [
          "{{ $chain.results.callModuleFunction5.budgetData }}"
        ]
      },
      "outcomes": {
        "success": "resetVariablesGetControllingTotal"
      }
    },
    "fireDataProviderEventGetTEITotal2": {
      "module": "vb/action/builtin/fireDataProviderEventAction",
      "parameters": {
        "target": "[[ $page.variables.getTEITotal ]]",
        "add": {
          "data": "{{ $chain.results.callModuleFunction5.totalTEIArr }}"
        }
      },
      "outcomes": {
        "success": "fireDataProviderEventGetControllingTotal2"
      }
    },
    "callFunctionPrintObject": {
      "module": "vb/action/builtin/callModuleFunctionAction",
      "parameters": {
        "module": "[[ $application.functions ]]",
        "functionName": "printObject",
        "params": [
          "{{ $page.variables.getControllingTotal.data }}",
          "get Controlling Total Data values"
        ]
      },
      "outcomes": {
        "success": "assignVariablesProjectDetDataGrid"
      }
    },
    "callFunctionInitFYArray": {
      "module": "vb/action/builtin/callModuleFunctionAction",
      "parameters": {
        "module": "[[ $application.functions ]]",
        "functionName": "initFYArray"
      },
      "outcomes": {
        "success": "ifFyADP"
      }
    },
    "ifFyADP": {
      "module": "vb/action/builtin/ifAction",
      "parameters": {
        "condition": "[[ $application.variables.fyADP.data.length ]]"
      },
      "outcomes": {
        "true": "fireDataProviderEventFyADP",
        "false": "assignVariablesCapOpTotals"
      }
    },
    "fireDataProviderEventFyADP": {
      "module": "vb/action/builtin/fireDataProviderEventAction",
      "parameters": {
        "target": "[[ $application.variables.fyADP ]]",
        "add": {
          "data": "{{ $chain.results.callFunctionInitFYArray }}"
        }
      },
      "outcomes": {
        "success": "assignVariablesCapOpTotals"
      }
    },
    "resetVariablesGetControllingTotal": {
      "module": "vb/action/builtin/resetVariablesAction",
      "parameters": {
        "variables": [
          "$page.variables.getControllingTotal",
          "$page.variables.getTEITotal"
        ]
      },
      "outcomes": {
        "success": "fireDataProviderEventGetTEITotal2"
      }
    },
    "assignVariables": {
      "module": "vb/action/builtin/assignVariablesAction",
      "parameters": {
        "$page.variables.errorMsg": {
          "source": "NOTE - The allocated amount is not equal to the total budget amount."
        }
      },
      "outcomes": {
        "success": "runInParallel1"
      }
    },
    "assignVariablesOriginalProjDataGrid": {
      "module": "vb/action/builtin/assignVariablesAction",
      "parameters": {
        "$page.variables.originalProjDataGrid": {
          "source": "{{ $chain.results.callModuleFunction5.budgetData ? $chain.results.callModuleFunction5.budgetData.data._rows : [] }}",
          "reset": "empty"
        }
      },
      "outcomes": {
        "success": "callFunctionCreateExportData"
      }
    },
    "callFunctionCreateExportData": {
      "module": "vb/action/builtin/callModuleFunctionAction",
      "parameters": {
        "module": "[[ $functions ]]",
        "functionName": "createExportData",
        "params": [
          "{{ $chain.results.callModuleFunction5.budgetData.data._rows }}"
        ]
      },
      "outcomes": {
        "success": "assignVariablesExportSubProjetDataCSVAnyType"
      }
    },
    "assignVariablesExportSubProjetDataCSVAnyType": {
      "module": "vb/action/builtin/assignVariablesAction",
      "parameters": {
        "$page.variables.exportSubProjetDataCSVAnyType": {
          "source": "{{ $chain.results.callFunctionCreateExportData }}"
        }
      },
      "outcomes": {
        "success": "callFunctionHideLoading3"
      }
    },
    "fireNotification3": {
      "module": "vb/action/builtin/fireNotificationEventAction",
      "parameters": {
        "target": "leaf",
        "summary": "[[ $chain.results.callRestGetProjectBudgetCurrentBudgetDataCapexOpex.message.summary ]]",
        "type": "error",
        "displayMode": "persist"
      }
    },
    "callRestGetProjectBudgetCurrentBudgetDataCapexOpex": {
      "module": "vb/action/builtin/restAction",
      "parameters": {
        "endpoint": "ordsBtftapp/getProjectBudgetCurrentBudgetDataCapexOpex",
        "headers": {
          "init_code": "{{ $application.variables.initiative_code }}",
          "cost_centre": "{{ $application.variables.cost_center }}",
          "base_project_code": "{{ $application.variables.base_project_number }}",
          "auth_code": "{{ $application.variables.authority_code }}"
        }
      },
      "outcomes": {
        "success": "callFunctionInitFYArray",
        "failure": "fireNotification3"
      }
    },
    "assignVariablesCapOpTotals": {
      "module": "vb/action/builtin/assignVariablesAction",
      "parameters": {
        "$page.variables.capOpTotals": {
          "source": "{{ $chain.results.callRestGetProjectBudgetCurrentBudgetDataCapexOpex.body.items }}"
        }
      },
      "outcomes": {
        "success": "callModuleFunction5"
      }
    },
    "resetVariablesCapInvalidFlag": {
      "module": "vb/action/builtin/resetVariablesAction",
      "parameters": {
        "variables": [
          "$page.variables.capInvalidFlag",
          "$page.variables.opInvalidFlag"
        ]
      },
      "outcomes": {
        "success": "assignVariables"
      }
    }
  }
}