{
  "description": "",
  "root": "assignVariablesProjectDetDataGrid",
  "actions": {
    "callModuleFunction1": {
      "module": "vb/action/builtin/callModuleFunctionAction",
      "outcomes": {
        "success": "assignVariablesCapInvalidFlag"
      },
      "parameters": {
        "module": "[[ $functions ]]",
        "functionName": "saveProjVersionData",
        "params": [
          "{{ $page.variables.projectDetDataGrid_copy }}",
          "{{ $page.variables.originalProjDataGrid }}",
          "{{ $application.variables.base_project_number }}",
          "{{ $application.variables.initiative_code }}",
          "{{ $application.variables.authority_code }}",
          "{{ $application.variables.cost_center }}",
          "{{ $application.user.username }}",
          "{{ $page.variables.capOpTotals }}",
          "{{ $page.variables.capInvalidFlag }}"          ,
          "{{ $page.variables.opInvalidFlag }}"
        ]
      }
    },
    "callModuleFunction2": {
      "module": "vb/action/builtin/callModuleFunctionAction",
      "outcomes": {
        "success": "callModuleFunction1"
      },
      "parameters": {
        "module": "[[ $application.functions ]]",
        "functionName": "showLoading"
      }
    },
    "assignVariables1": {
      "module": "vb/action/builtin/assignVariablesAction",
      "parameters": {
        "$page.variables.isError": {
          "source": true,
          "reset": "empty"
        }
      },
      "outcomes": {
        "success": "callComponentProjDetdatagridRefresh"
      }
    },
    "if": {
      "module": "vb/action/builtin/ifAction",
      "parameters": {
        "condition": "[[ $chain.results.callModuleFunction1[0].count >0 ]]"
      },
      "outcomes": {
        "false": "resetVariablesSubmittedComments",
        "true": "if4"
      }
    },
    "if3": {
      "module": "vb/action/builtin/ifAction",
      "parameters": {
        "condition": "[[ $chain.results.callModuleFunction1[0].periodInvalidCount >0 ]]"
      },
      "outcomes": {
        "true": "assignVariablesIsWarning",
        "false": "assignVariablesIsWarning2"
      }
    },
    "fireNotification": {
      "module": "vb/action/builtin/fireNotificationEventAction",
      "parameters": {
        "target": "leaf",
        "summary": "No data to save!",
        "displayMode": "transient",
        "type": "info",
        "message": "No data to save!"
      },
      "outcomes": {
        "success": "callChainOnPageLoad"
      }
    },
    "callFunctionHideLoading": {
      "module": "vb/action/builtin/callModuleFunctionAction",
      "parameters": {
        "module": "[[ $application.functions ]]",
        "functionName": "hideLoading"
      }
    },
    "assignVariablesIsWarning": {
      "module": "vb/action/builtin/assignVariablesAction",
      "parameters": {
        "$page.variables.isWarning": {
          "source": true
        }
      },
      "outcomes": {
        "success": "if"
      }
    },
    "assignVariablesIsWarning2": {
      "module": "vb/action/builtin/assignVariablesAction",
      "parameters": {
        "$page.variables.isWarning": {
          "source": false
        }
      },
      "outcomes": {
        "success": "if"
      }
    },
    "callComponentProjDetdatagridRefresh": {
      "module": "vb/action/builtin/callComponentMethodAction",
      "parameters": {
        "component": "{{ document.getElementById('projDetdatagrid') }}",
        "method": "refresh"
      },
      "outcomes": {
        "success": "callFunctionHideLoading"
      }
    },
    "assignVariablesProjectDetDataGrid": {
      "module": "vb/action/builtin/assignVariablesAction",
      "parameters": {
        "$page.variables.projectDetDataGrid": {
          "source": "{{ $page.variables.projectDetDataGrid_copy }}"
        }
      },
      "outcomes": {
        "success": "resetVariablesCapInvalidFlag"
      }
    },
    "callChainOnPageLoad": {
      "module": "vb/action/builtin/callChainAction",
      "parameters": {
        "id": "onPageLoad"
      },
      "outcomes": {
        "success": "callComponentProjDetdatagridRefresh"
      }
    },
    "assignVariablesErrorMsg": {
      "module": "vb/action/builtin/assignVariablesAction",
      "parameters": {
        "$page.variables.errorMsg": {
          "source": "NOTE - The allocated subproject amount is not equal to the EPM control budget amount. Please correct and save again."
        }
      },
      "outcomes": {
        "success": "assignVariables1"
      }
    },
    "assignVariablesIsError": {
      "module": "vb/action/builtin/assignVariablesAction",
      "parameters": {
        "$page.variables.isError": {
          "source": false
        },
        "$page.variables.savePayload": {
          "source": "{{ $chain.results.callModuleFunction1[0] }}"
        }
      },
      "outcomes": {
        "success": "callComponentCommentDialogWindowOpen"
      }
    },
    "callComponentCommentDialogWindowOpen": {
      "module": "vb/action/builtin/callComponentMethodAction",
      "parameters": {
        "component": "{{ document.getElementById('commentDialogWindow') }}",
        "method": "open"
      },
      "outcomes": {
        "success": "callComponentProjDetdatagridRefresh"
      }
    },
    "resetVariablesSubmittedComments": {
      "module": "vb/action/builtin/resetVariablesAction",
      "parameters": {
        "variables": [
          "$page.variables.submittedComments"
        ]
      },
      "outcomes": {
        "success": "assignVariablesIsError"
      }
    },
    "resetVariablesCapInvalidFlag": {
      "module": "vb/action/builtin/resetVariablesAction",
      "parameters": {
        "variables": [
          "$page.variables.capInvalidFlag",
          "$page.variables.opInvalidFlag"
        ]
      },
      "outcomes": {
        "success": "callModuleFunction2"
      }
    },
    "if2": {
      "module": "vb/action/builtin/ifAction",
      "parameters": {
        "condition": "[[ $chain.results.callModuleFunction1[0].isDataToSave === true ]]"
      },
      "outcomes": {
        "true": "if3",
        "false": "fireNotification"
      }
    },
    "assignVariablesCapInvalidFlag": {
      "module": "vb/action/builtin/assignVariablesAction",
      "parameters": {
        "$page.variables.capInvalidFlag": {
          "source": "{{ $chain.results.callModuleFunction1[1] }}"
        }
      },
      "outcomes": {
        "success": "assignVariablesOpInvalidFlag"
      }
    },
    "assignVariablesOpInvalidFlag": {
      "module": "vb/action/builtin/assignVariablesAction",
      "parameters": {
        "$page.variables.opInvalidFlag": {
          "source": "{{ $chain.results.callModuleFunction1[2] }}"
        }
      },
      "outcomes": {
        "success": "if2"
      }
    },
    "if6": {
      "module": "vb/action/builtin/ifAction",
      "parameters": {
        "condition": "[[ $chain.results.callModuleFunction1[2] ]]"
      },
      "outcomes": {
        "true": "assignVariablesErrorMsg2",
        "false": "assignVariablesErrorMsg4"
      }
    },
    "assignVariablesErrorMsg2": {
      "module": "vb/action/builtin/assignVariablesAction",
      "parameters": {
        "$page.variables.errorMsg": {
          "source": "NOTE - The allocated OPEX amount is not equal to the total EPM OPEX budget amount. Please correct and save again."
        }
      },
      "outcomes": {
        "success": "assignVariables1"
      }
    },
    "if4": {
      "module": "vb/action/builtin/ifAction",
      "parameters": {
        "condition": "[[ $chain.results.callModuleFunction1[1] && $chain.results.callModuleFunction1[2] ]]"
      },
      "outcomes": {
        "true": "assignVariablesErrorMsg",
        "false": "if6"
      }
    },
    "assignVariablesErrorMsg4": {
      "module": "vb/action/builtin/assignVariablesAction",
      "parameters": {
        "$page.variables.errorMsg": {
          "source": "NOTE - The allocated CAPEX amount is not equal to the total EPM CAPEX budget amount. Please correct and save again."
        }
      },
      "outcomes": {
        "success": "assignVariables1"
      }
    }
  },
  "variables": {
    "detail": {
      "required": true,
      "type": "any",
      "input": "fromCaller"
    }
  }
}