{
  "root": "callFunctionShowLoading",
  "description": "",
  "actions": {
    "fireNotification": {
      "module": "vb/action/builtin/fireNotificationEventAction",
      "parameters": {
        "target": "leaf",
        "summary": "[[ $chain.results.callRestPutProjectVersionMapping.message.summary ]]",
        "type": "error",
        "displayMode": "persist"
      },
      "outcomes": {
        "success": "callFunctionHideLoading"
      }
    },
    "callRestPutProjectVersionMapping": {
      "module": "vb/action/builtin/restAction",
      "parameters": {
        "endpoint": "ordsBtftapp/put_Project_version_mapping",
        "body": "{{ $chain.results.callFunctionSaveWithCommentsAdded }}"
      },
      "outcomes": {
        "failure": "fireNotification",
        "success": "fireNotification3"
      }
    },
    "callFunctionHideLoading": {
      "module": "vb/action/builtin/callModuleFunctionAction",
      "parameters": {
        "module": "[[ $application.functions ]]",
        "functionName": "hideLoading"
      }
    },
    "fireNotification3": {
      "module": "vb/action/builtin/fireNotificationEventAction",
      "parameters": {
        "target": "leaf",
        "summary": "Sub Project allocation completed successfully.",
        "displayMode": "transient",
        "type": "confirmation"
      },
      "outcomes": {
        "success": "resetVariablesProjectDetDataGridCopy"
      }
    },
    "resetVariablesProjectDetDataGridCopy": {
      "module": "vb/action/builtin/resetVariablesAction",
      "parameters": {
        "variables": [
          "$page.variables.projectDetDataGrid_copy"
        ]
      },
      "outcomes": {
        "success": "callChainOnPageLoad"
      }
    },
    "callChainOnPageLoad": {
      "module": "vb/action/builtin/callChainAction",
      "parameters": {
        "id": "onPageLoad"
      },
      "outcomes": {
        "success": "callComponentProjDetdatagridRefresh"
      }
    },
    "callComponentProjDetdatagridRefresh": {
      "module": "vb/action/builtin/callComponentMethodAction",
      "parameters": {
        "component": "{{ document.getElementById('projDetdatagrid') }}",
        "method": "refresh"
      },
      "outcomes": {
        "success": "callFunctionHideLoading2"
      }
    },
    "callComponentCommentDialogWindowClose": {
      "module": "vb/action/builtin/callComponentMethodAction",
      "parameters": {
        "component": "{{ document.getElementById('commentDialogWindow') }}",
        "method": "close"
      },
      "outcomes": {
        "success": "callFunctionSaveWithCommentsAdded"
      }
    },
    "callFunctionSaveWithCommentsAdded": {
      "module": "vb/action/builtin/callModuleFunctionAction",
      "parameters": {
        "module": "[[ $functions ]]",
        "functionName": "saveWithCommentsAdded",
        "params": [
          "{{ $page.variables.savePayload }}",
          "{{ $page.variables.submittedComments }}"
        ]
      },
      "outcomes": {
        "success": "callRestPutProjectVersionMapping"
      }
    },
    "callFunctionShowLoading": {
      "module": "vb/action/builtin/callModuleFunctionAction",
      "parameters": {
        "module": "[[ $application.functions ]]",
        "functionName": "showLoading"
      },
      "outcomes": {
        "success": "callComponentCommentDialogWindowClose"
      }
    },
    "callFunctionHideLoading2": {
      "module": "vb/action/builtin/callModuleFunctionAction",
      "parameters": {
        "module": "[[ $application.functions ]]",
        "functionName": "hideLoading"
      }
    }
  }
}