{
  "description": "",
  "root": "assignVariables1",
  "actions": {
    "assignVariables1": {
      "module": "vb/action/builtin/assignVariablesAction",
      "parameters": {
        "$application.variables.resourceID": {
          "source": "{{ $variables.rowData.resource_id }}"
        },
        "$application.variables.taskCode": {
          "source": "{{ $variables.rowData.task_code }}"
        }
      }
    }
  },
  "variables": {
    "rowKey": {
      "required": true,
      "type": "any",
      "input": "fromCaller"
    },
    "rowData": {
      "required": true,
      "type": "any",
      "input": "fromCaller"
    }
  }
}