{
  "description": "",
  "root": "callFunctionShowLoading",
  "actions": {
    "callFunctionShowLoading": {
      "module": "vb/action/builtin/callModuleFunctionAction",
      "parameters": {
        "module": "[[ $application.functions ]]",
        "functionName": "showLoading"
      },
      "outcomes": {
        "success": "callRestPostProjWBSBulkProjectBudgetUploadSave"
      }
    },
    "fireNotification": {
      "module": "vb/action/builtin/fireNotificationEventAction",
      "parameters": {
        "target": "leaf",
        "summary": "Error in saving project budget. Please try again later.",
        "type": "error",
        "displayMode": "persist",
        "message": "Error in saving project budget. Please try again later."
      },
      "outcomes": {
        "success": "callFunctionHideLoading"
      }
    },
    "callRestPostProjWBSBulkProjectBudgetUploadSave": {
      "module": "vb/action/builtin/restAction",
      "parameters": {
        "endpoint": "ordsBtftapp/postProjWBSBulkProjectBudgetUploadSave",
        "uriParams": {
          "l_uploaded_by": "{{ $application.user.email }}",
          "l_initiative_code": "{{ $application.variables.initiative_code }}",
          "l_authority_code": "{{ $application.variables.authority_code }}",
          "l_cc_code": "{{ $application.variables.cost_center }}",
          "l_project_code": "{{ $application.variables.project_name.substr(0, $application.variables.project_name.indexOf('-')).trim() }}"
        }
      },
      "outcomes": {
        "failure": "fireNotification",
        "success": "if"
      }
    },
    "if": {
      "module": "vb/action/builtin/ifAction",
      "parameters": {
        "condition": "[[ $chain.results.callRestPostProjWBSBulkProjectBudgetUploadSave.body.serv_result == 'Success' ]]"
    },
      "outcomes": {
        "true": "fireNotification4",
        "false": "fireNotification2"
      }
    },
    "callFunctionHideLoading": {
      "module": "vb/action/builtin/callModuleFunctionAction",
      "parameters": {
        "module": "[[ $application.functions ]]",
        "functionName": "hideLoading"
      }
    },
    "fireNotification4": {
      "module": "vb/action/builtin/fireNotificationEventAction",
      "parameters": {
        "target": "leaf",
        "summary": "Project budget data saved successfully",
        "message": "Project budget data saved successfully",
        "type": "confirmation",
        "displayMode": "transient"
      },
      "outcomes": {
        "success": "callComponentImportprojectDataPopupClose"
      }
    },
    "fireNotification2": {
      "module": "vb/action/builtin/fireNotificationEventAction",
      "parameters": {
        "target": "leaf",
        "summary": "Error in saving project budget. Please try again later.",
        "message": "Error in saving project budget. Please try again later."
      },
      "outcomes": {
        "success": "callFunctionHideLoading2"
      }
    },
    "callFunctionHideLoading2": {
      "module": "vb/action/builtin/callModuleFunctionAction",
      "parameters": {
        "module": "[[ $application.functions ]]",
        "functionName": "hideLoading"
      }
    },
    "callComponentImportprojectDataPopupClose": {
      "module": "vb/action/builtin/callComponentMethodAction",
      "parameters": {
        "component": "{{ document.getElementById('importprojectDataPopup') }}",
        "method": "close"
      },
      "outcomes": {
        "success": "callChainOnPageLoad"
      }
    },
    "callChainOnPageLoad": {
      "module": "vb/action/builtin/callChainAction",
      "parameters": {
        "id": "onPageLoad"
      }
    }
  },
  "variables": {}
}