{
  "root": "runInParallel",
  "description": "",
  "actions": {
    "fireDataProviderEvent": {
      "module": "vb/action/builtin/fireDataProviderEventAction",
      "parameters": {
        "target": "[[ $application.variables.menuADP ]]",
        "add": {
          "data": "{{ $chain.results.callRestGetMenufunctions.body.items }}"
        }
      },
      "outcomes": {
        "success": "callFunctionMenuFunctionsData"
      }
    },
    "fireNotification": {
      "module": "vb/action/builtin/fireNotificationEventAction",
      "parameters": {
        "target": "leaf",
        "summary": "[[ $chain.results.callRestGetMenufunctions.message.summary ]]",
        "type": "error",
        "displayMode": "persist"
      }
    },
    "callRestGetMenufunctions": {
      "module": "vb/action/builtin/restAction",
      "parameters": {
        "endpoint": "ordsBtftapp/getMenufunctions"
      },
      "outcomes": {
        "failure": "fireNotification",
        "success": "fireDataProviderEvent"
      }
    },
    "if": {
      "module": "vb/action/builtin/ifAction",
      "parameters": {
        "condition": "[[ $application.variables.fyADP.data.length == 0]]"
      },
      "outcomes": {
        "true": "callFunctionInitFYArray"
      }
    },
    "callFunctionInitFYArray": {
      "module": "vb/action/builtin/callModuleFunctionAction",
      "parameters": {
        "module": "[[ $functions ]]",
        "functionName": "initFYArray"
      },
      "outcomes": {
        "success": "fireDataProviderEvent2"
      }
    },
    "fireDataProviderEvent2": {
      "module": "vb/action/builtin/fireDataProviderEventAction",
      "parameters": {
        "target": "[[ $application.variables.fyADP ]]",
        "add": {
          "data": "{{ $chain.results.callFunctionInitFYArray }}"
        }
      }
    },
    "callFunctionPrintObject": {
      "module": "vb/action/builtin/callModuleFunctionAction",
      "parameters": {
        "module": "[[ $functions ]]",
        "functionName": "printObject",
        "params": [
          "{{ $chain.results.callFunctionMenuFunctionsData.data }}",
          "menu functions response!!!"
        ]
      },
      "outcomes": {
        "success": "if"
      }
    },
    "callFunctionMenuFunctionsData": {
      "module": "vb/action/builtin/callModuleFunctionAction",
      "parameters": {
        "module": "[[ $functions ]]",
        "functionName": "menuFunctionsData"
      },
      "outcomes": {
        "success": "assignVariablesMenuDataADP"
      }
    },
    "assignVariablesMenuDataADP": {
      "module": "vb/action/builtin/assignVariablesAction",
      "parameters": {
        "$application.variables.menuDataADP": {
          "source": {
            "data": "{{ $chain.results.callFunctionMenuFunctionsData.data }}"
          },
          "auto": "always",
          "reset": "empty"
        }
      },
      "outcomes": {
        "success": "callFunctionMenuFunctionsList2"
      }
    },
    "callFunctionBuildTree": {
      "module": "vb/action/builtin/callModuleFunctionAction",
      "parameters": {
        "module": "[[ $functions ]]",
        "functionName": "buildTree",
        "params": [
          "{{ $chain.results.callFunctionMenuFunctionsList2 }}"
        ],
        "returnType": "any"
      },
      "outcomes": {
        "success": "assignVariablesOurTree"
      }
    },
    "assignVariablesOurTree": {
      "module": "vb/action/builtin/assignVariablesAction",
      "parameters": {
        "$application.variables.ourTree": {
          "source": "{{ $chain.results.callFunctionBuildTree }}"
        }
      },
      "outcomes": {
        "success": "callFunctionPrintObject"
      }
    },
    "callFunctionMenuFunctionsList2": {
      "module": "vb/action/builtin/callModuleFunctionAction",
      "parameters": {
        "module": "[[ $functions ]]",
        "functionName": "menuFunctionsList",
        "params": [
          "{{ $application.variables.menuADP.data }}"
        ]
      },
      "outcomes": {
        "success": "assignVariablesMenuDataTreeArr"
      }
    },
    "assignVariablesMenuDataTreeArr": {
      "module": "vb/action/builtin/assignVariablesAction",
      "parameters": {
        "$application.variables.menuDataTreeArr": {
          "source": "{{ $chain.results.callFunctionMenuFunctionsList2 }}"
        }
      },
      "outcomes": {
        "success": "callFunctionBuildTree"
      }
    },
    "runInParallel": {
      "module": "vb/action/builtin/forkAction",
      "parameters": {
        "actions": {
          "callRestGetMenufunctions": "callRestGetMenufunctions",
          "callRest": "callRestGetallEnvConfig",
          "assignVariables": "callRestGetallEnvConfig3"
        }
      }
    },
    "callRestGetallEnvConfig": {
      "module": "vb/action/builtin/restAction",
      "parameters": {
        "endpoint": "businessObjects/getall_EnvConfig",
        "uriParams": {
          "q": "fieldName='retryServiceStatus'"
        }
      },
      "outcomes": {
        "success": "callFunctionGetRetryServiceArray"
      }
    },
    "callFunctionGetRetryServiceArray": {
      "module": "vb/action/builtin/callModuleFunctionAction",
      "parameters": {
        "module": "[[ $functions ]]",
        "functionName": "getRetryServiceArray",
        "params": [
          "{{ $chain.results.callRestGetallEnvConfig.body.items }}"
        ]
      },
      "outcomes": {
        "success": "resetVariablesRetryErrorStatusArray"
      }
    },
    "assignVariablesRetryErrorStatusArray": {
      "module": "vb/action/builtin/assignVariablesAction",
      "parameters": {
        "$application.variables.RetryErrorStatusArray": {
          "source": "{{ $chain.results.callFunctionGetRetryServiceArray }}"
        }
      },
      "outcomes": {
        "success": "callRestGetallEnvConfig2"
      }
    },
    "resetVariablesRetryErrorStatusArray": {
      "module": "vb/action/builtin/resetVariablesAction",
      "parameters": {
        "variables": [
          "$application.variables.RetryErrorStatusArray",
          "$application.variables.retryItemsArray"
        ]
      },
      "outcomes": {
        "success": "assignVariablesRetryErrorStatusArray"
      }
    },
    "callRestGetallEnvConfig2": {
      "module": "vb/action/builtin/restAction",
      "parameters": {
        "endpoint": "businessObjects/getall_EnvConfig",
        "uriParams": {
          "q": "fieldName='retryServiceCount'"
        }
      },
      "outcomes": {
        "success": "callFunctionPrepareRetryCount"
      }
    },
    "callFunctionPrepareRetryCount": {
      "module": "vb/action/builtin/callModuleFunctionAction",
      "parameters": {
        "module": "[[ $functions ]]",
        "functionName": "prepareRetryCount",
        "params": [
          "{{ $chain.results.callRestGetallEnvConfig2.body.items[0].fieldValue }}"
        ]
      },
      "outcomes": {
        "success": "assignVariablesRetryItemsArray"
      }
    },
    "assignVariablesRetryItemsArray": {
      "module": "vb/action/builtin/assignVariablesAction",
      "parameters": {
        "$application.variables.retryItemsArray": {
          "source": "{{ $chain.results.callFunctionPrepareRetryCount }}"
        }
      }
    },
    "fireNotification2": {
      "module": "vb/action/builtin/fireNotificationEventAction",
      "parameters": {
        "target": "leaf",
        "summary": "[[ $chain.results.callRestGetallEnvConfig3.message.summary ]]",
        "type": "error",
        "displayMode": "persist"
      }
    },
    "callRestGetallEnvConfig3": {
      "module": "vb/action/builtin/restAction",
      "parameters": {
        "endpoint": "businessObjects/getall_EnvConfig",
        "uriParams": {
          "q": "fieldName='globalConf'"
        }
      },
      "outcomes": {
        "failure": "fireNotification2",
        "success": "assignVariablesConfigVal"
      }
    },
    "assignVariablesConfigVal": {
      "module": "vb/action/builtin/assignVariablesAction",
      "parameters": {
        "$application.variables.configVal": {
          "source": "{{ JSON.parse($chain.results.callRestGetallEnvConfig3.body.items[0].fieldValue) }}",
          "auto": "always"
        }
      }
    }
  }
}