{
    "items": [
        {
            "initiative_code": "1170",
            "initiative": "High Capacity Metro Trains",
            "authority_code": "2020",
            "authority": "DOT Provision of Outputs",
            "base_project_code": "200073",
            "base_project": "High Capacity Metro Trains",
            "cost_centre_code": "1680",
            "cost_centre": "High Capacity Metro Trains",
            "subproject_code": "200073.96",
            "subproject": "HCMT Service Concession Operating (SC)",
            "combination_id": null,
            "allocation_id": null,
            "allocation_batch_number": null,
            "parent_batch_number": null,
            "external_batch_number": null,
            "budget type": "Controlling Budget",
            "period_name": null,
            "period_code": null,
            "amount": null,
            "comments": null,
            "status": null,
            "status_date": null,
            "version_name": "Revised Budgets 2020-21_v1",
            "business_unit": "DoT",
            "project_startdate": "01-JUL-2016",
            "project_enddate": null
        }
    ],
    "hasMore": false,
    "limit": 25,
    "offset": 0,
    "count": 1,
    "links": [
        {
            "rel": "self",
            "href": "https://coq4hi5ehnacuc6-dotvicadwdev.adb.ap-sydney-1.oraclecloudapps.com/ords/btftapp_db/projWBS/getSubProjectList?project_number=200073&cost_center=1680&initiative_code=1170&authority_code=2020"
        },
        {
            "rel": "describedby",
            "href": "https://coq4hi5ehnacuc6-dotvicadwdev.adb.ap-sydney-1.oraclecloudapps.com/ords/btftapp_db/metadata-catalog/projWBS/item"
        },
        {
            "rel": "first",
            "href": "https://coq4hi5ehnacuc6-dotvicadwdev.adb.ap-sydney-1.oraclecloudapps.com/ords/btftapp_db/projWBS/getSubProjectList?project_number=200073&cost_center=1680&initiative_code=1170&authority_code=2020"
        }
    ]
}